alpha_rank,word,beginner_category
173,s,LETTER_SYMBOL
218,mr,TITLE_ABBREVIATION
231,de,FOREIGN_OR_NAME_PARTICLE
240,d,LETTER_SYMBOL
321,american,DEMONYM_LANGUAGE_OR_PROPER_ADJECTIVE
330,shit,TABOO_REGISTER
353,b,LETTER_SYMBOL
363,m,LETTER_SYMBOL
384,t,LETTER_SYMBOL
389,c,LETTER_SYMBOL
410,john,PROPER_NAME
420,fuck,TABOO_REGISTER
449,york,PROPER_NAME
452,e,LETTER_SYMBOL
454,gonna,COLLOQUIAL_REDUCTION
458,r,LETTER_SYMBOL
477,fucking,TABOO_REGISTER
489,non,PREFIX_OR_SPECIAL_USE
499,la,FOREIGN_OR_NAME_PARTICLE
505,april,CALENDAR_PROPER_NAME
509,london,PROPER_NAME
519,french,DEMONYM_LANGUAGE_OR_PROPER_ADJECTIVE
