alpha_rank,word,target_neighbor_count,target_neighbors,esdb_size,pos,lemmas,usage,review_status
868,hi,4,i;his;him;hit,35,i,hi,,BRIDGE_CANDIDATE_NOT_TARGET
1643,ha,3,a;has;had,35,i,ha,,BRIDGE_CANDIDATE_NOT_TARGET
1894,ad,3,a;had;bad,35,n,ad,,BRIDGE_CANDIDATE_NOT_TARGET
2327,ma,3,a;may;man,35,n,ma,,BRIDGE_CANDIDATE_NOT_TARGET
2458,don,3,on;do;done,35,n;v,don,,BRIDGE_CANDIDATE_NOT_TARGET
2660,hat,3,that;at;what,35,n_v,hat,,BRIDGE_CANDIDATE_NOT_TARGET
647,hey,2,he;they,35,i,hey,,BRIDGE_CANDIDATE_NOT_TARGET
703,re,2,are;red,35,n;pp,re,,BRIDGE_CANDIDATE_NOT_TARGET
1321,sit,2,it;site,35,v,sit,,BRIDGE_CANDIDATE_NOT_TARGET
1379,nor,2,or;no,35,a;c,nor,,BRIDGE_CANDIDATE_NOT_TARGET
1853,en,2,end;men,60,n,en,,BRIDGE_CANDIDATE_NOT_TARGET
2779,id,2,i;did,35,n,id,,BRIDGE_CANDIDATE_NOT_TARGET
2941,ideal,2,idea;deal,35,n;aj,ideal,,BRIDGE_CANDIDATE_NOT_TARGET
3380,thin,2,think;thing,35,v;aj_av,thin,,BRIDGE_CANDIDATE_NOT_TARGET
3468,ear,2,year;near,35,n,ear,,BRIDGE_CANDIDATE_NOT_TARGET
3697,ye,2,yet;yes,35,d;pn,ye;thou,,BRIDGE_CANDIDATE_NOT_TARGET
3736,pa,2,a;pay,35,n,pa,,BRIDGE_CANDIDATE_NOT_TARGET
3925,eve,2,even;ever,35,n,eve,,BRIDGE_CANDIDATE_NOT_TARGET
4011,ate,2,at;late,35,n;v,ate;eat,,BRIDGE_CANDIDATE_NOT_TARGET
4074,yea,2,year;yeah,50,n;av,yea,,BRIDGE_CANDIDATE_NOT_TARGET
4567,lover,2,over;love,35,n,lover,,BRIDGE_CANDIDATE_NOT_TARGET
4644,mall,2,all;small,35,n,mall,,BRIDGE_CANDIDATE_NOT_TARGET
4713,ho,2,who;how,35,n;i,ho,,BRIDGE_CANDIDATE_NOT_TARGET
4784,fa,2,a;far,50,n,fa,,BRIDGE_CANDIDATE_NOT_TARGET