rank,word,role,first_family_seed,tier,review_status
1,the,descendant,he,A500,PROVISIONAL
2,of,seed,of,A500,PROVISIONAL
3,to,seed,to,A500,PROVISIONAL
4,and,descendant,a,A500,PROVISIONAL
5,a,seed,a,A500,PROVISIONAL
6,in,descendant,i,A500,PROVISIONAL
7,i,seed,i,A500,PROVISIONAL
8,is,descendant,i,A500,PROVISIONAL
9,that,descendant,a,A500,PROVISIONAL
10,for,descendant,or,A500,PROVISIONAL
11,you,seed,you,A500,PROVISIONAL
12,it,descendant,i,A500,PROVISIONAL
13,on,seed,on,A500,PROVISIONAL
15,was,descendant,a,A500,PROVISIONAL
16,be,seed,be,A500,PROVISIONAL
17,this,descendant,i,A500,PROVISIONAL
18,as,descendant,a,A500,PROVISIONAL
19,are,seed,are,A500,PROVISIONAL
20,not,descendant,no,A500,PROVISIONAL
22,at,seed,a,A500,PROVISIONAL
23,he,seed,he,A500,PROVISIONAL
24,by,seed,by,A500,PROVISIONAL
26,but,seed,but,A500,PROVISIONAL
28,an,descendant,a,A500,PROVISIONAL
29,or,seed,or,A500,PROVISIONAL
30,all,seed,all,A500,PROVISIONAL
31,his,descendant,i,A500,PROVISIONAL
32,me,seed,me,A500,PROVISIONAL
33,they,descendant,he,A500,PROVISIONAL
34,so,seed,so,A500,PROVISIONAL
35,we,seed,we,A500,PROVISIONAL
36,one,descendant,on,A500,PROVISIONAL
37,your,descendant,you,A500,PROVISIONAL
38,if,descendant,i,A500,PROVISIONAL
39,can,descendant,a,A500,PROVISIONAL
42,like,seed,like,A500,PROVISIONAL
44,up,seed,up,A500,PROVISIONAL
45,what,descendant,a,A500,PROVISIONAL
46,do,seed,do,A500,PROVISIONAL
47,has,descendant,a,A500,PROVISIONAL
49,no,seed,no,A500,PROVISIONAL
54,had,descendant,a,A500,PROVISIONAL
57,there,descendant,he,A500,PROVISIONAL
59,her,descendant,he,A500,PROVISIONAL
60,time,seed,time,A500,PROVISIONAL
62,get,seed,get,A500,PROVISIONAL
63,new,seed,new,A500,PROVISIONAL
64,she,descendant,he,A500,PROVISIONAL
65,people,seed,people,A500,PROVISIONAL
66,its,descendant,i,A500,PROVISIONAL
68,how,seed,how,A500,PROVISIONAL
70,them,descendant,he,A500,PROVISIONAL
71,now,descendant,no,A500,PROVISIONAL
72,other,seed,other,A500,PROVISIONAL
74,than,seed,than,A500,PROVISIONAL
76,good,seed,good,A500,PROVISIONAL
78,our,seed,our,A500,PROVISIONAL
79,know,descendant,no,A500,PROVISIONAL
80,see,seed,see,A500,PROVISIONAL
82,him,descendant,i,A500,PROVISIONAL
85,then,descendant,he,A500,PROVISIONAL
86,over,seed,over,A500,PROVISIONAL
88,think,seed,think,A500,PROVISIONAL
89,go,seed,go,A500,PROVISIONAL
90,make,seed,make,A500,PROVISIONAL
91,any,descendant,a,A500,PROVISIONAL
94,want,seed,want,A500,PROVISIONAL
98,us,seed,us,A500,PROVISIONAL
99,where,descendant,he,A500,PROVISIONAL
102,way,seed,way,A500,PROVISIONAL
103,even,seed,even,A500,PROVISIONAL
104,very,seed,very,A500,PROVISIONAL
106,need,seed,need,A500,PROVISIONAL
107,right,seed,right,A500,PROVISIONAL
109,too,descendant,to,A500,PROVISIONAL
110,years,descendant,year,A500,PROVISIONAL
111,work,seed,work,A500,PROVISIONAL
112,being,seed,being,A500,PROVISIONAL
113,here,descendant,he,A500,PROVISIONAL
115,day,seed,day,A500,PROVISIONAL
117,made,descendant,a,A500,PROVISIONAL
118,many,descendant,a,A500,PROVISIONAL
119,world,seed,world,A500,PROVISIONAL
120,year,seed,year,A500,PROVISIONAL
122,off,descendant,of,A500,PROVISIONAL
124,take,seed,take,A500,PROVISIONAL
127,never,descendant,ever,A500,PROVISIONAL
128,got,descendant,go,A500,PROVISIONAL
130,say,seed,say,A500,PROVISIONAL
133,down,descendant,own,A500,PROVISIONAL
135,last,seed,last,A500,PROVISIONAL
136,man,descendant,a,A500,PROVISIONAL
138,use,descendant,us,A500,PROVISIONAL
140,used,descendant,us,A500,PROVISIONAL
141,long,seed,long,A500,PROVISIONAL
145,part,seed,part,A500,PROVISIONAL
147,am,descendant,a,A500,PROVISIONAL
149,come,seed,come,A500,PROVISIONAL
150,love,seed,love,A500,PROVISIONAL
152,look,seed,look,A500,PROVISIONAL
155,every,descendant,ever,A500,PROVISIONAL
160,old,seed,old,A500,PROVISIONAL
163,find,seed,find,A500,PROVISIONAL
165,home,seed,home,A500,PROVISIONAL
166,place,seed,place,A500,PROVISIONAL
168,own,seed,own,A500,PROVISIONAL
169,state,seed,state,A500,PROVISIONAL
170,each,seed,each,A500,PROVISIONAL
171,give,seed,give,A500,PROVISIONAL
172,help,seed,help,A500,PROVISIONAL
174,things,descendant,thing,A500,PROVISIONAL
178,game,seed,game,A500,PROVISIONAL
179,school,seed,school,A500,PROVISIONAL
181,end,seed,end,A500,PROVISIONAL
182,thing,seed,thing,A500,PROVISIONAL
183,government,seed,government,A500,PROVISIONAL
184,house,seed,house,A500,PROVISIONAL
187,god,descendant,go,A500,PROVISIONAL
188,ever,seed,ever,A500,PROVISIONAL
190,feel,seed,feel,A500,PROVISIONAL
194,name,seed,name,A500,PROVISIONAL
195,number,seed,number,A500,PROVISIONAL
197,show,descendant,how,A500,PROVISIONAL
206,away,descendant,way,A500,PROVISIONAL
208,case,seed,case,A500,PROVISIONAL
209,days,descendant,day,A500,PROVISIONAL
211,group,seed,group,A500,PROVISIONAL
215,thought,descendant,though,A500,PROVISIONAL
223,done,descendant,on,A500,PROVISIONAL
230,change,seed,change,A500,PROVISIONAL
235,times,descendant,time,A500,PROVISIONAL
239,care,descendant,are,A500,PROVISIONAL
241,four,descendant,our,A500,PROVISIONAL
246,bad,descendant,a,A500,PROVISIONAL
251,live,seed,live,A500,PROVISIONAL
252,mean,seed,mean,A500,PROVISIONAL
255,thanks,descendant,than,A500,PROVISIONAL
256,told,descendant,old,A500,PROVISIONAL
263,later,descendant,at,A500,PROVISIONAL
265,seen,descendant,see,A500,PROVISIONAL
266,small,descendant,all,A500,PROVISIONAL
269,took,descendant,to,A500,PROVISIONAL
270,top,descendant,to,A500,PROVISIONAL
279,party,descendant,part,A500,PROVISIONAL
280,states,descendant,state,A500,PROVISIONAL
281,though,seed,though,A500,PROVISIONAL
283,call,descendant,all,A500,PROVISIONAL
286,men,descendant,me,A500,PROVISIONAL
291,stop,descendant,to,A500,PROVISIONAL
293,thank,descendant,than,A500,PROVISIONAL
298,area,descendant,are,A500,PROVISIONAL
310,given,descendant,give,A500,PROVISIONAL
312,means,descendant,mean,A500,PROVISIONAL
313,says,descendant,say,A500,PROVISIONAL
327,makes,descendant,make,A500,PROVISIONAL
342,others,descendant,other,A500,PROVISIONAL
347,games,descendant,game,A500,PROVISIONAL
350,news,descendant,new,A500,PROVISIONAL
357,hand,descendant,a,A500,PROVISIONAL
361,known,descendant,no,A500,PROVISIONAL
370,hours,descendant,our,A500,PROVISIONAL
388,ago,descendant,go,A500,PROVISIONAL
399,taken,descendant,take,A500,PROVISIONAL
401,along,descendant,long,A500,PROVISIONAL
404,late,descendant,a,A500,PROVISIONAL
407,ask,descendant,a,A500,PROVISIONAL
409,form,descendant,or,A500,PROVISIONAL
421,hit,descendant,i,A500,PROVISIONAL
425,needs,descendant,need,A500,PROVISIONAL
434,win,descendant,i,A500,PROVISIONAL
463,comes,descendant,come,A500,PROVISIONAL
472,son,descendant,on,A500,PROVISIONAL
475,bit,descendant,i,A500,PROVISIONAL
478,land,descendant,a,A500,PROVISIONAL
479,looks,descendant,look,A500,PROVISIONAL
481,works,descendant,work,A500,PROVISIONAL
489,non,descendant,on,A500,PROVISIONAL
501,mother,descendant,other,B1K,PROVISIONAL
513,site,descendant,i,B1K,PROVISIONAL
533,song,descendant,on,B1K,PROVISIONAL
553,town,descendant,own,B1K,PROVISIONAL
561,shall,descendant,all,B1K,PROVISIONAL
601,seems,descendant,see,B1K,PROVISIONAL
612,gets,descendant,get,B1K,PROVISIONAL
618,rights,descendant,right,B1K,PROVISIONAL
634,shows,descendant,how,B1K,PROVISIONAL
639,wants,descendant,want,B1K,PROVISIONAL
644,date,descendant,a,B1K,PROVISIONAL
646,groups,descendant,group,B1K,PROVISIONAL
647,hey,descendant,he,B1K,PROVISIONAL
648,hold,descendant,old,B1K,PROVISIONAL
650,knew,descendant,new,B1K,PROVISIONAL
655,rate,descendant,a,B1K,PROVISIONAL
665,gone,descendant,on,B1K,PROVISIONAL
669,hour,descendant,our,B1K,PROVISIONAL
683,gold,descendant,old,B1K,PROVISIONAL
689,takes,descendant,take,B1K,PROVISIONAL
692,won,descendant,on,B1K,PROVISIONAL
695,areas,descendant,are,B1K,PROVISIONAL
696,bank,descendant,a,B1K,PROVISIONAL
699,event,descendant,even,B1K,PROVISIONAL
711,cases,descendant,case,B1K,PROVISIONAL
712,changes,descendant,change,B1K,PROVISIONAL
717,eat,descendant,a,B1K,PROVISIONAL
738,fall,descendant,all,B1K,PROVISIONAL
742,met,descendant,me,B1K,PROVISIONAL
747,send,descendant,end,B1K,PROVISIONAL
769,cup,descendant,up,B1K,PROVISIONAL
770,events,descendant,even,B1K,PROVISIONAL
778,lives,descendant,live,B1K,PROVISIONAL
833,hate,descendant,a,B1K,PROVISIONAL
845,parts,descendant,part,B1K,PROVISIONAL
851,seven,descendant,even,B1K,PROVISIONAL
860,add,descendant,a,B1K,PROVISIONAL
864,changed,descendant,change,B1K,PROVISIONAL
868,hi,descendant,i,B1K,PROVISIONAL
871,note,descendant,no,B1K,PROVISIONAL
875,seem,descendant,see,B1K,PROVISIONAL
882,ways,descendant,way,B1K,PROVISIONAL
893,ones,descendant,on,B1K,PROVISIONAL
904,bed,descendant,be,B1K,PROVISIONAL
910,cover,descendant,over,B1K,PROVISIONAL
934,dog,descendant,do,B1K,PROVISIONAL
948,ball,descendant,all,B1K,PROVISIONAL
951,cold,descendant,old,B1K,PROVISIONAL
966,places,descendant,place,B1K,PROVISIONAL
979,gives,descendant,give,B1K,PROVISIONAL
983,knows,descendant,no,B1K,PROVISIONAL
993,schools,descendant,school,B1K,PROVISIONAL
1013,numbers,descendant,number,C3K,PROVISIONAL
1018,wall,descendant,all,C3K,PROVISIONAL
1064,beat,descendant,a,C3K,PROVISIONAL
1087,tour,descendant,our,C3K,PROVISIONAL
1097,gas,descendant,a,C3K,PROVISIONAL
1137,fans,descendant,a,C3K,PROVISIONAL
1145,reach,descendant,each,C3K,PROVISIONAL
1163,meant,descendant,mean,C3K,PROVISIONAL
1183,names,descendant,name,C3K,PROVISIONAL
1185,none,descendant,on,C3K,PROVISIONAL
1196,band,descendant,a,C3K,PROVISIONAL
1204,dad,descendant,a,C3K,PROVISIONAL
1211,lived,descendant,live,C3K,PROVISIONAL
1212,loved,descendant,love,C3K,PROVISIONAL
1215,named,descendant,name,C3K,PROVISIONAL
1226,ship,descendant,i,C3K,PROVISIONAL
1227,sold,descendant,old,C3K,PROVISIONAL
1235,calls,descendant,all,C3K,PROVISIONAL
1282,shown,descendant,how,C3K,PROVISIONAL
1321,sit,descendant,i,C3K,PROVISIONAL
1333,beach,descendant,each,C3K,PROVISIONAL
1347,ran,descendant,a,C3K,PROVISIONAL
1355,uses,descendant,us,C3K,PROVISIONAL
1379,nor,descendant,or,C3K,PROVISIONAL
1380,notes,descendant,no,C3K,PROVISIONAL
1384,placed,descendant,place,C3K,PROVISIONAL
1388,rates,descendant,at,C3K,PROVISIONAL
1410,fan,descendant,a,C3K,PROVISIONAL
1412,fit,descendant,i,C3K,PROVISIONAL
1433,wind,descendant,i,C3K,PROVISIONAL
1447,hall,descendant,all,C3K,PROVISIONAL
1448,heat,descendant,a,C3K,PROVISIONAL
1466,bus,descendant,us,C3K,PROVISIONAL
1472,fat,descendant,a,C3K,PROVISIONAL
1473,feels,descendant,feel,C3K,PROVISIONAL
1545,users,descendant,us,C3K,PROVISIONAL
1557,forms,descendant,or,C3K,PROVISIONAL
1611,noted,descendant,no,C3K,PROVISIONAL
1619,seat,descendant,a,C3K,PROVISIONAL
1623,van,descendant,a,C3K,PROVISIONAL
1625,web,descendant,we,C3K,PROVISIONAL
1643,ha,descendant,a,C3K,PROVISIONAL
1654,sad,descendant,a,C3K,PROVISIONAL
1657,songs,descendant,on,C3K,PROVISIONAL
1659,stated,descendant,state,C3K,PROVISIONAL
1662,yours,descendant,you,C3K,PROVISIONAL
1664,bet,descendant,be,C3K,PROVISIONAL
1679,stone,descendant,on,C3K,PROVISIONAL
1685,apart,descendant,part,C3K,PROVISIONAL
1687,cat,descendant,a,C3K,PROVISIONAL
1762,user,descendant,us,C3K,PROVISIONAL
1763,wine,descendant,i,C3K,PROVISIONAL
1766,alive,descendant,live,C3K,PROVISIONAL
1780,ends,descendant,end,C3K,PROVISIONAL
1781,estate,descendant,state,C3K,PROVISIONAL
1807,ah,descendant,a,C3K,PROVISIONAL
1818,houses,descendant,house,C3K,PROVISIONAL
1832,path,descendant,a,C3K,PROVISIONAL
1871,liked,descendant,like,C3K,PROVISIONAL
1881,rare,descendant,are,C3K,PROVISIONAL
1890,thinks,descendant,think,C3K,PROVISIONAL
1891,thoughts,descendant,though,C3K,PROVISIONAL
1894,ad,descendant,a,C3K,PROVISIONAL
1920,mad,descendant,a,C3K,PROVISIONAL
1944,zone,descendant,on,C3K,PROVISIONAL
1953,dogs,descendant,do,C3K,PROVISIONAL
1974,snow,descendant,no,C3K,PROVISIONAL
1991,busy,descendant,us,C3K,PROVISIONAL
2012,task,descendant,a,C3K,PROVISIONAL
2032,goods,descendant,good,C3K,PROVISIONAL
2070,hero,descendant,he,C3K,PROVISIONAL
2152,helps,descendant,help,C3K,PROVISIONAL
2160,likes,descendant,like,C3K,PROVISIONAL
2219,seek,descendant,see,C3K,PROVISIONAL
2226,wins,descendant,i,C3K,PROVISIONAL
2263,teach,descendant,each,C3K,PROVISIONAL
2284,hits,descendant,i,C3K,PROVISIONAL
2302,theme,descendant,he,C3K,PROVISIONAL
2330,meat,descendant,a,C3K,PROVISIONAL
2383,sat,descendant,a,C3K,PROVISIONAL
2400,walls,descendant,all,C3K,PROVISIONAL
2416,finds,descendant,find,C3K,PROVISIONAL
2419,homes,descendant,home,C3K,PROVISIONAL
2458,don,descendant,on,C3K,PROVISIONAL
2460,falls,descendant,all,C3K,PROVISIONAL
2495,tools,descendant,to,C3K,PROVISIONAL
2524,loves,descendant,love,C3K,PROVISIONAL
2547,wing,descendant,i,C3K,PROVISIONAL
2555,bright,descendant,right,C3K,PROVISIONAL
2572,holds,descendant,old,C3K,PROVISIONAL
2592,sees,descendant,see,C3K,PROVISIONAL
2595,sing,descendant,i,C3K,PROVISIONAL
2597,tend,descendant,end,C3K,PROVISIONAL
2612,governments,descendant,government,C3K,PROVISIONAL
2627,sons,descendant,on,C3K,PROVISIONAL
2633,tool,descendant,to,C3K,PROVISIONAL
2660,hat,descendant,a,C3K,PROVISIONAL
2701,bush,descendant,us,C3K,PROVISIONAL
2730,mate,descendant,a,C3K,PROVISIONAL
2746,tall,descendant,all,C3K,PROVISIONAL
2849,seats,descendant,at,C3K,PROVISIONAL
2864,balls,descendant,all,C3K,PROVISIONAL
2873,dates,descendant,at,C3K,PROVISIONAL
2919,bye,descendant,by,C3K,PROVISIONAL
2950,plate,descendant,at,C3K,PROVISIONAL
2968,wet,descendant,we,C3K,PROVISIONAL
2987,gate,descendant,a,C3K,PROVISIONAL
3052,sin,descendant,i,D5K,PROVISIONAL
3139,covers,descendant,over,D5K,PROVISIONAL
3162,pink,descendant,i,D5K,PROVISIONAL
3259,asks,descendant,a,D5K,PROVISIONAL
3276,ford,descendant,or,D5K,PROVISIONAL
3277,fort,descendant,or,D5K,PROVISIONAL
3278,forth,descendant,or,D5K,PROVISIONAL
3279,gods,descendant,go,D5K,PROVISIONAL
3320,ban,descendant,a,D5K,PROVISIONAL
3382,tone,descendant,on,D5K,PROVISIONAL
3384,towns,descendant,own,D5K,PROVISIONAL
3394,bone,descendant,on,D5K,PROVISIONAL
3415,hip,descendant,i,D5K,PROVISIONAL
3433,sand,descendant,a,D5K,PROVISIONAL
3452,bath,descendant,a,D5K,PROVISIONAL
3493,rank,descendant,a,D5K,PROVISIONAL
3511,bother,descendant,other,D5K,PROVISIONAL
3514,cats,descendant,a,D5K,PROVISIONAL
3525,fate,descendant,a,D5K,PROVISIONAL
3576,chat,descendant,a,D5K,PROVISIONAL
3620,seed,descendant,see,D5K,PROVISIONAL
3635,wash,descendant,a,D5K,PROVISIONAL
3737,pan,descendant,a,D5K,PROVISIONAL
3738,peoples,descendant,people,D5K,PROVISIONAL
3757,stops,descendant,to,D5K,PROVISIONAL
3812,mothers,descendant,other,D5K,PROVISIONAL
3891,adds,descendant,a,D5K,PROVISIONAL
3902,cares,descendant,are,D5K,PROVISIONAL
3912,dated,descendant,at,D5K,PROVISIONAL
3933,kit,descendant,i,D5K,PROVISIONAL
3954,bones,descendant,on,D5K,PROVISIONAL
3981,menu,descendant,me,D5K,PROVISIONAL
4009,ups,descendant,up,D5K,PROVISIONAL
4011,ate,descendant,a,D5K,PROVISIONAL
4035,gates,descendant,at,D5K,PROVISIONAL
4083,bang,descendant,a,D5K,PROVISIONAL
4093,dare,descendant,are,D5K,PROVISIONAL
4132,spin,descendant,i,D5K,PROVISIONAL
4205,twin,descendant,i,D5K,PROVISIONAL
4221,bite,descendant,i,D5K,PROVISIONAL
4222,blast,descendant,last,D5K,PROVISIONAL
4297,ads,descendant,a,D5K,PROVISIONAL
4302,bat,descendant,a,D5K,PROVISIONAL
4367,seeds,descendant,see,D5K,PROVISIONAL
4474,chip,descendant,i,D5K,PROVISIONAL
4477,con,descendant,on,D5K,PROVISIONAL
4530,beings,descendant,being,D5K,PROVISIONAL
4532,butt,descendant,but,D5K,PROVISIONAL
4567,lover,descendant,over,D5K,PROVISIONAL
4568,mask,descendant,a,D5K,PROVISIONAL
4644,mall,descendant,all,D5K,PROVISIONAL
4680,worlds,descendant,world,D5K,PROVISIONAL
4716,icon,descendant,on,D5K,PROVISIONAL
4755,thee,descendant,he,D5K,PROVISIONAL
4785,fever,descendant,ever,D5K,PROVISIONAL
4805,pour,descendant,our,D5K,PROVISIONAL
4823,toy,descendant,to,D5K,PROVISIONAL
4865,liver,descendant,live,D5K,PROVISIONAL
4874,pat,descendant,a,D5K,PROVISIONAL
4877,pin,descendant,i,D5K,PROVISIONAL
4878,pit,descendant,i,D5K,PROVISIONAL
4883,rated,descendant,at,D5K,PROVISIONAL
4915,bold,descendant,old,D5K,PROVISIONAL
4936,forty,descendant,or,D5K,PROVISIONAL
4972,shed,descendant,he,D5K,PROVISIONAL