target_index,alpha_rank,source_rank,word,display_form,teaching_mode,esdb_size,pos,lemmas,evidence_kinds,usage,stage0_mode,component_id,parent_L_selected,parent_R_selected,children_L_selected,children_R_selected,review_status
1,1,1,the,the,CORE,35,d,the,LEMMA,,MATRYOSHKA_DIRECT,1,he,,,they;them;then,ESDB_GATE_PASS
2,2,2,of,of,CORE,35,pp,of,LEMMA,,MATRYOSHKA_DIRECT,2,,,,off,ESDB_GATE_PASS
3,3,3,to,to,CORE,35,pp,to,LEMMA,,MATRYOSHKA_DIRECT,3,,,,too;top,ESDB_GATE_PASS
4,4,4,and,and,CORE,35,c,and,LEMMA,,MATRYOSHKA_DIRECT,4,,an,hand;land,,ESDB_GATE_PASS
5,5,5,a,a,CORE,35,d,a,LEMMA,,MATRYOSHKA_DIRECT,4,,,ha;ma;pa;fa,as;at;an;am;ad,ESDB_GATE_PASS
6,6,6,in,in,CORE,35,n;aj_av;pp,in,LEMMA,,MATRYOSHKA_DIRECT,5,,i,win,,ESDB_GATE_PASS
7,7,7,i,I,CORE,35,pn;n;aj,i,LEMMA,,MATRYOSHKA_DIRECT,5,,,hi,in;is;it;if;id,ESDB_GATE_PASS
8,8,8,is,is,CORE,35,v,be,FORM,,MATRYOSHKA_DIRECT,5,,i,his,,ESDB_GATE_PASS
9,9,9,that,that,CORE,35,av;c;d,that,LEMMA,,MATRYOSHKA_WITH_BRIDGE_CANDIDATE,4,hat,,,,ESDB_GATE_PASS
10,10,10,for,for,CORE,35,av;pp,for,LEMMA,,MATRYOSHKA_DIRECT,6,or,,,form,ESDB_GATE_PASS
11,11,11,you,you,CORE,35,pn,you,LEMMA;FORM,,DIRECT_FALLBACK,,,,,your,ESDB_GATE_PASS
12,12,12,it,it,CORE,35,pn,it,LEMMA;FORM,,MATRYOSHKA_DIRECT,5,,i,hit;bit;sit,its,ESDB_GATE_PASS
13,13,13,on,on,CORE,35,aj_av;pp,on,LEMMA,,MATRYOSHKA_DIRECT,7,,,son;don,one,ESDB_GATE_PASS
14,14,15,with,with,CORE,35,pp,with,LEMMA,,DIRECT_FALLBACK,,,,,,ESDB_GATE_PASS
15,15,16,was,was,CORE,35,v,be,FORM,,MATRYOSHKA_DIRECT,4,as,,,,ESDB_GATE_PASS
16,16,17,be,be,CORE,35,v,be,LEMMA,,DIRECT_FALLBACK,,,,,,ESDB_GATE_PASS
17,17,18,this,this,CORE,35,av;d,this,LEMMA,,MATRYOSHKA_DIRECT,5,his,,,,ESDB_GATE_PASS
18,18,19,as,as,CORE,35,av;c;pp,as,LEMMA,,MATRYOSHKA_DIRECT,4,,a,was;has,ask,ESDB_GATE_PASS
19,19,20,are,are,CORE,35,n;v,are;be,LEMMA;FORM,,MATRYOSHKA_DIRECT,8,re,,care,area,ESDB_GATE_PASS
20,20,21,not,not,CORE,35,av,not,LEMMA,,MATRYOSHKA_DIRECT,6,,no,,,ESDB_GATE_PASS
21,21,22,have,have,CORE,35,n;v,have,LEMMA,,DIRECT_FALLBACK,,,,,,ESDB_GATE_PASS
22,22,23,at,at,CORE,35,av;pp,at,LEMMA,,MATRYOSHKA_DIRECT,4,,a,hat,ate,ESDB_GATE_PASS
23,23,24,he,he,CORE,35,pn,he,LEMMA,,MATRYOSHKA_DIRECT,1,,,the;she,her;hey,ESDB_GATE_PASS
24,24,25,by,by,CORE,35,n;av;pp,by,LEMMA,,DIRECT_FALLBACK,,,,,,ESDB_GATE_PASS
25,25,26,from,from,CORE,35,pp,from,LEMMA,,DIRECT_FALLBACK,,,,,,ESDB_GATE_PASS
26,26,27,but,but,CORE,35,c,but,LEMMA,,DIRECT_FALLBACK,,,,,,ESDB_GATE_PASS
27,27,29,my,my,CORE,35,pn;i,i;my,FORM;LEMMA,,DIRECT_FALLBACK,,,,,,ESDB_GATE_PASS
28,28,30,an,an,CORE,35,d,an,LEMMA,,MATRYOSHKA_DIRECT,4,,a,can;man,and;any,ESDB_GATE_PASS
29,29,31,or,or,CORE,35,c,or,LEMMA,,MATRYOSHKA_DIRECT,6,,,for;nor,,ESDB_GATE_PASS
30,30,32,all,all,CORE,35,av;d,all,LEMMA,,MATRYOSHKA_DIRECT,9,,,call;mall,,ESDB_GATE_PASS
31,31,33,his,his,CORE,35,pn,he,FORM,,MATRYOSHKA_DIRECT,5,is,hi,this,,ESDB_GATE_PASS
32,32,34,me,me,CORE,35,pn,i,FORM,,MATRYOSHKA_DIRECT,10,,,,men,ESDB_GATE_PASS
33,33,35,they,they,CORE,35,pn,they,LEMMA;FORM,,MATRYOSHKA_DIRECT,1,hey,the,,,ESDB_GATE_PASS
34,34,36,so,so,CORE,35,av;c;n,so,LEMMA,,MATRYOSHKA_DIRECT,7,,,,son,ESDB_GATE_PASS
35,35,37,we,we,CORE,35,pn,we,LEMMA,,DIRECT_FALLBACK,,,,,,ESDB_GATE_PASS
36,36,38,one,one,CORE,35,n;pn,one,LEMMA,,MATRYOSHKA_DIRECT,7,,on,done,,ESDB_GATE_PASS
37,37,39,your,your,CORE,35,pn,you,FORM,,MATRYOSHKA_DIRECT,11,our,you,,,ESDB_GATE_PASS
38,38,40,if,if,CORE,35,n;c,if,LEMMA,,MATRYOSHKA_DIRECT,5,,i,,,ESDB_GATE_PASS
39,39,41,can,can,CORE,35,n;v,can,LEMMA;FORM,,MATRYOSHKA_DIRECT,4,an,,,,ESDB_GATE_PASS
40,40,42,will,will,CORE,35,n_v;v,will,LEMMA;FORM,,DIRECT_FALLBACK,,,,,,ESDB_GATE_PASS
41,41,43,just,just,CORE,35,aj_av,just,LEMMA,,DIRECT_FALLBACK,,,,,,ESDB_GATE_PASS
42,42,44,like,like,CORE,35,n_v;aj_av;c;pp;i,like,LEMMA,,DIRECT_FALLBACK,,,,,,ESDB_GATE_PASS
43,43,45,about,about,CORE,35,aj_av;pp,about,LEMMA,,DIRECT_FALLBACK,,,,,,ESDB_GATE_PASS
44,44,46,up,up,CORE,35,n_v;aj_av;pp,up,LEMMA;FORM,,DIRECT_FALLBACK,,,,,,ESDB_GATE_PASS
45,45,47,what,what,CORE,35,d;i,what,LEMMA,,MATRYOSHKA_WITH_BRIDGE_CANDIDATE,4,hat,,,,ESDB_GATE_PASS
46,46,48,do,do,CORE,35,n;v,do,LEMMA,,MATRYOSHKA_WITH_BRIDGE_CANDIDATE,7,,,,don,ESDB_GATE_PASS
47,47,49,has,has,CORE,35,v,have,FORM,,MATRYOSHKA_DIRECT,4,as,ha,,,ESDB_GATE_PASS
48,48,50,were,were,CORE,35,v,be,FORM,,DIRECT_FALLBACK,,,,,,ESDB_GATE_PASS
49,49,51,no,no,CORE,35,av;d,no,LEMMA,,MATRYOSHKA_DIRECT,6,,,,not;now;nor,ESDB_GATE_PASS
50,50,52,out,out,CORE,35,n_v;aj_av;pp;i,out,LEMMA,,DIRECT_FALLBACK,,,,,,ESDB_GATE_PASS
51,51,53,when,when,CORE,35,n;av;c,when,LEMMA,,DIRECT_FALLBACK,,,,,,ESDB_GATE_PASS
52,52,54,more,more,CORE,35,av;d,many,FORM,,DIRECT_FALLBACK,,,,,,ESDB_GATE_PASS
53,53,55,who,who,CORE,35,pn,who,LEMMA,,MATRYOSHKA_WITH_BRIDGE_CANDIDATE,12,ho,,,,ESDB_GATE_PASS
54,54,56,had,had,CORE,35,v,have,FORM,,MATRYOSHKA_WITH_BRIDGE_CANDIDATE,4,ad,ha,,,ESDB_GATE_PASS
55,55,57,their,their,CORE,35,pn,they,FORM,,DIRECT_FALLBACK,,,,,,ESDB_GATE_PASS
56,56,58,which,which,CORE,35,d,which,LEMMA,,DIRECT_FALLBACK,,,,,,ESDB_GATE_PASS
57,57,59,there,there,CORE,35,n;av,there,LEMMA,,MATRYOSHKA_DIRECT,1,here,,,,ESDB_GATE_PASS
58,58,60,been,been,CORE,35,v,be,FORM,,DIRECT_FALLBACK,,,,,,ESDB_GATE_PASS
59,59,61,her,her,CORE,35,pn,she,FORM,,MATRYOSHKA_DIRECT,1,,he,,here,ESDB_GATE_PASS
60,60,62,time,time,CORE,35,n_v;a,time,LEMMA,,DIRECT_FALLBACK,,,,,times,ESDB_GATE_PASS
61,61,64,would,would,CORE,35,v;n,will;would,FORM;LEMMA,,DIRECT_FALLBACK,,,,,,ESDB_GATE_PASS
62,62,65,get,get,CORE,35,n_v,get,LEMMA,,DIRECT_FALLBACK,,,,,,ESDB_GATE_PASS
63,63,67,new,new,CORE,35,n;aj_av,new,LEMMA,,MATRYOSHKA_DIRECT,13,,,,news,ESDB_GATE_PASS
64,64,69,she,she,CORE,35,pn,she,LEMMA,,MATRYOSHKA_DIRECT,1,he,,,,ESDB_GATE_PASS
65,65,70,people,people,CORE,35,v;n,people;person,LEMMA;FORM,,DIRECT_FALLBACK,,,,,,ESDB_GATE_PASS
66,66,72,its,its,CORE,35,pn,it,FORM,,DIRECT_FALLBACK,,,it,,,ESDB_GATE_PASS
67,67,73,also,also,CORE,35,av,also,LEMMA,,DIRECT_FALLBACK,,,,,,ESDB_GATE_PASS
68,68,74,how,how,CORE,35,n;a;c,how,LEMMA,,MATRYOSHKA_DIRECT,12,,ho,show,,ESDB_GATE_PASS
69,69,75,some,some,CORE,35,d,some,LEMMA,,DIRECT_FALLBACK,,,,,,ESDB_GATE_PASS
70,70,76,them,them,CORE,35,pn,they,FORM,,MATRYOSHKA_DIRECT,1,,the,,,ESDB_GATE_PASS
71,71,77,now,now,CORE,35,n;av;c,now,LEMMA,,MATRYOSHKA_DIRECT,6,,no,know,,ESDB_GATE_PASS
72,72,78,other,other,CORE,35,aj;pn,other,LEMMA,,MATRYOSHKA_DIRECT,14,,,mother,others,ESDB_GATE_PASS
73,73,79,only,only,CORE,35,aj_av;c,only,LEMMA,,DIRECT_FALLBACK,,,,,,ESDB_GATE_PASS
74,74,80,than,than,CORE,35,c;pp,than,LEMMA,,MATRYOSHKA_DIRECT,15,,,,thank,ESDB_GATE_PASS
75,75,81,first,first,CORE,35,n,first,LEMMA,,DIRECT_FALLBACK,,,,,,ESDB_GATE_PASS
76,76,82,good,good,CORE,35,n;aj_av,good,LEMMA,,DIRECT_FALLBACK,,,,,,ESDB_GATE_PASS
77,77,83,into,into,CORE,35,pp,into,LEMMA,,DIRECT_FALLBACK,,,,,,ESDB_GATE_PASS
78,78,84,our,our,CORE,35,pn,we,FORM,,MATRYOSHKA_DIRECT,11,,,your;four,,ESDB_GATE_PASS
79,79,85,know,know,CORE,35,v,know,LEMMA,,MATRYOSHKA_DIRECT,6,now,,,known,ESDB_GATE_PASS
80,80,86,see,see,CORE,35,n_v,see,LEMMA,,DIRECT_FALLBACK,,,,,seen,ESDB_GATE_PASS
81,81,87,two,two,CORE,35,n,two,LEMMA,,DIRECT_FALLBACK,,,,,,ESDB_GATE_PASS
82,82,88,him,him,CORE,35,pn,he,FORM,,MATRYOSHKA_WITH_BRIDGE_CANDIDATE,5,,hi,,,ESDB_GATE_PASS
83,83,89,after,after,CORE,35,aj;c;pp,after,LEMMA,,DIRECT_FALLBACK,,,,,,ESDB_GATE_PASS
84,84,90,could,could,CORE,35,v,can,FORM,,DIRECT_FALLBACK,,,,,,ESDB_GATE_PASS
85,85,91,then,then,CORE,35,n;aj_av,then,LEMMA,,MATRYOSHKA_DIRECT,1,,the,,,ESDB_GATE_PASS
86,86,92,over,over,CORE,35,n;aj_av;pp;i,over,LEMMA,,MATRYOSHKA_WITH_BRIDGE_CANDIDATE,16,,,lover,,ESDB_GATE_PASS
87,87,93,these,these,CORE,35,d,this,FORM,,DIRECT_FALLBACK,,,,,,ESDB_GATE_PASS
88,88,94,think,think,CORE,35,v,think,LEMMA,,MATRYOSHKA_WITH_BRIDGE_CANDIDATE,17,,thin,,,ESDB_GATE_PASS
89,89,95,go,go,CORE,35,v;aj;n,go,LEMMA,,MATRYOSHKA_DIRECT,18,,,ago,got;god,ESDB_GATE_PASS
90,90,96,make,make,CORE,35,n_v,make,LEMMA,,DIRECT_FALLBACK,,,,,makes,ESDB_GATE_PASS
91,91,97,any,any,CORE,35,av;d,any,LEMMA,,MATRYOSHKA_DIRECT,4,,an,many,,ESDB_GATE_PASS
92,92,98,well,well,CORE,35,n_v;aj;av;pp;i,well,LEMMA,,DIRECT_FALLBACK,,,,,,ESDB_GATE_PASS
93,93,99,back,back,CORE,35,n_v;aj_av,back,LEMMA,,DIRECT_FALLBACK,,,,,,ESDB_GATE_PASS
94,94,100,want,want,CORE,35,n_v,want,LEMMA,,DIRECT_FALLBACK,,,,,,ESDB_GATE_PASS
95,95,102,should,should,CORE,35,v;a,shall;should,FORM;LEMMA,,DIRECT_FALLBACK,,,,,,ESDB_GATE_PASS
96,96,103,because,because,CORE,35,c;pp,because,LEMMA,,DIRECT_FALLBACK,,,,,,ESDB_GATE_PASS
97,97,104,may,may,CORE,35,n;v,may,LEMMA;FORM,,MATRYOSHKA_WITH_BRIDGE_CANDIDATE,4,,ma,,,ESDB_GATE_PASS
98,98,105,us,us,CORE,35,pn,we,FORM,,MATRYOSHKA_DIRECT,19,,,,use,ESDB_GATE_PASS
99,99,106,where,where,CORE,35,n;av;c,where,LEMMA,,MATRYOSHKA_DIRECT,1,here,,,,ESDB_GATE_PASS
100,100,107,most,most,CORE,35,av;d,many,FORM,,DIRECT_FALLBACK,,,,,,ESDB_GATE_PASS
101,101,108,much,much,CORE,35,av;d,much,LEMMA,,DIRECT_FALLBACK,,,,,,ESDB_GATE_PASS
102,102,109,way,way,CORE,35,n;av,way,LEMMA,,MATRYOSHKA_DIRECT,20,,,away,,ESDB_GATE_PASS
103,103,110,even,even,CORE,35,n_v;aj;av;c,even,LEMMA,,MATRYOSHKA_WITH_BRIDGE_CANDIDATE,21,,eve,,,ESDB_GATE_PASS
104,104,111,very,very,CORE,35,aj_av,very,LEMMA,,MATRYOSHKA_DIRECT,21,,,every,,ESDB_GATE_PASS
105,105,113,did,did,CORE,35,v,do,FORM,,MATRYOSHKA_WITH_BRIDGE_CANDIDATE,5,id,,,,ESDB_GATE_PASS
106,106,114,need,need,CORE,35,n_v,need,LEMMA,,DIRECT_FALLBACK,,,,,needs,ESDB_GATE_PASS
107,107,115,right,right,CORE,35,n_v;aj_av,right,LEMMA,,DIRECT_FALLBACK,,,,,,ESDB_GATE_PASS
108,108,116,said,said,CORE,35,aj;v,said;say,LEMMA;FORM,,DIRECT_FALLBACK,,,,,,ESDB_GATE_PASS
109,109,117,too,too,CORE,35,av,too,LEMMA,,MATRYOSHKA_DIRECT,3,,to,,took,ESDB_GATE_PASS
110,110,118,years,years,CORE,35,n,year,FORM,,DIRECT_FALLBACK,,,year,,,ESDB_GATE_PASS
111,111,119,work,work,CORE,35,n_v;a,work,LEMMA,,DIRECT_FALLBACK,,,,,works,ESDB_GATE_PASS
112,112,120,being,being,CORE,35,v;n,be;being,FORM;LEMMA,,DIRECT_FALLBACK,,,,,,ESDB_GATE_PASS
113,113,121,here,here,CORE,35,n;aj_av;i,here,LEMMA,,MATRYOSHKA_DIRECT,1,,her,there;where,,ESDB_GATE_PASS
114,114,122,before,before,CORE,35,av;c;pp,before,LEMMA,,DIRECT_FALLBACK,,,,,,ESDB_GATE_PASS
115,115,123,day,day,CORE,35,n,day,LEMMA,,DIRECT_FALLBACK,,,,,days,ESDB_GATE_PASS
116,116,124,really,really,CORE,35,av,really,LEMMA,,DIRECT_FALLBACK,,,,,,ESDB_GATE_PASS
117,117,125,made,made,CORE,35,aj;n_v,made;make,LEMMA;FORM,,DIRECT_FALLBACK,,,,,,ESDB_GATE_PASS
118,118,126,many,many,CORE,35,av;d,many,LEMMA,,MATRYOSHKA_DIRECT,4,any,man,,,ESDB_GATE_PASS
119,119,127,world,world,CORE,35,n;aj,world,LEMMA,,DIRECT_FALLBACK,,,,,,ESDB_GATE_PASS
120,120,128,year,year,CORE,35,n,year,LEMMA,,MATRYOSHKA_WITH_BRIDGE_CANDIDATE,22,ear,yea,,years,ESDB_GATE_PASS
121,121,129,going,going,CORE,35,v;n,go;going,FORM;LEMMA,,DIRECT_FALLBACK,,,,,,ESDB_GATE_PASS
122,122,130,off,off,CORE,35,v;aj_av;pp;i,off,LEMMA,,MATRYOSHKA_DIRECT,2,,of,,,ESDB_GATE_PASS
123,123,131,still,still,CORE,35,n_v;aj_av,still,LEMMA,,DIRECT_FALLBACK,,,,,,ESDB_GATE_PASS
124,124,132,take,take,CORE,35,n_v,take,LEMMA,,DIRECT_FALLBACK,,,,,taken,ESDB_GATE_PASS
125,125,133,those,those,CORE,35,d,that,FORM,,DIRECT_FALLBACK,,,,,,ESDB_GATE_PASS
126,126,134,why,why,CORE,35,n;a;c;i,why,LEMMA,,DIRECT_FALLBACK,,,,,,ESDB_GATE_PASS
127,127,135,never,never,CORE,35,av,never,LEMMA,,MATRYOSHKA_DIRECT,21,ever,,,,ESDB_GATE_PASS
128,128,136,got,got,CORE,35,n_v,get,FORM,,MATRYOSHKA_DIRECT,18,,go,,,ESDB_GATE_PASS
129,129,137,life,life,CORE,35,n;a,life,LEMMA,,DIRECT_FALLBACK,,,,,,ESDB_GATE_PASS
130,130,138,say,say,CORE,35,n;v;a;i,say,LEMMA,,DIRECT_FALLBACK,,,,,says,ESDB_GATE_PASS
131,131,139,such,such,CORE,35,d,such,LEMMA,,DIRECT_FALLBACK,,,,,,ESDB_GATE_PASS
132,132,140,through,through,CORE,35,aj_av;pp,through,LEMMA,,DIRECT_FALLBACK,,,,,,ESDB_GATE_PASS
133,133,142,down,down,CORE,35,n_v;aj_av;pp;i,down,LEMMA,,MATRYOSHKA_DIRECT,23,own,,,,ESDB_GATE_PASS
134,134,144,great,great,CORE,35,n;aj;i,great,LEMMA,,DIRECT_FALLBACK,,,,,,ESDB_GATE_PASS
135,135,145,last,last,CORE,35,n_v;aj_av,last,LEMMA,,DIRECT_FALLBACK,,,,,,ESDB_GATE_PASS
136,136,146,man,man,CORE,35,n;v;i,man,LEMMA,,MATRYOSHKA_DIRECT,4,an,ma,,many,ESDB_GATE_PASS
137,137,147,while,while,CORE,35,n;v;c,while,LEMMA,,DIRECT_FALLBACK,,,,,,ESDB_GATE_PASS
138,138,148,use,use,CORE,35,n_v,use,LEMMA,,MATRYOSHKA_DIRECT,19,,us,,used,ESDB_GATE_PASS
139,139,149,between,between,CORE,35,av;pp,between,LEMMA,,DIRECT_FALLBACK,,,,,,ESDB_GATE_PASS
140,140,150,used,used,CORE,35,n_v;aj,use;used,FORM;LEMMA,,DIRECT_FALLBACK,,,use,,,ESDB_GATE_PASS
141,141,151,long,long,CORE,35,n_v;aj_av,long,LEMMA,,MATRYOSHKA_DIRECT,24,,,along,,ESDB_GATE_PASS
142,142,152,same,same,CORE,35,d,same,LEMMA,,DIRECT_FALLBACK,,,,,,ESDB_GATE_PASS
143,143,154,three,three,CORE,35,n,three,LEMMA,,DIRECT_FALLBACK,,,,,,ESDB_GATE_PASS
144,144,155,both,both,CORE,35,av;d,both,LEMMA,,DIRECT_FALLBACK,,,,,,ESDB_GATE_PASS
145,145,157,part,part,CORE,35,n_v;av,part,LEMMA,,MATRYOSHKA_DIRECT,25,art,,,party,ESDB_GATE_PASS
146,146,158,something,something,CORE,35,av;pn,something,LEMMA,,DIRECT_FALLBACK,,,,,,ESDB_GATE_PASS
147,147,159,am,am,CORE,35,v,be,FORM,,MATRYOSHKA_DIRECT,4,,a,,,ESDB_GATE_PASS
148,148,160,best,best,CORE,35,n_v;aj_av;aj,best;good;well,LEMMA;FORM,,DIRECT_FALLBACK,,,,,,ESDB_GATE_PASS
149,149,161,come,come,CORE,35,n;v;i,come,LEMMA;FORM,,DIRECT_FALLBACK,,,,,comes,ESDB_GATE_PASS
150,150,162,love,love,CORE,35,n;v,love,LEMMA,,MATRYOSHKA_WITH_BRIDGE_CANDIDATE,16,,,,lover,ESDB_GATE_PASS
151,151,163,under,under,CORE,35,aj_av;pp,under,LEMMA,,DIRECT_FALLBACK,,,,,,ESDB_GATE_PASS
152,152,164,look,look,CORE,35,n_v,look,LEMMA,,DIRECT_FALLBACK,,,,,looks,ESDB_GATE_PASS
153,153,165,since,since,CORE,35,av;c;pp,since,LEMMA,,DIRECT_FALLBACK,,,,,,ESDB_GATE_PASS
154,154,167,does,does,CORE,35,v;n,do;doe,FORM,,DIRECT_FALLBACK,,,,,,ESDB_GATE_PASS
155,155,168,every,every,CORE,35,d,every,LEMMA,,MATRYOSHKA_DIRECT,21,very,ever,,,ESDB_GATE_PASS
156,156,169,must,must,CORE,35,n;aj;v,must,LEMMA,,DIRECT_FALLBACK,,,,,,ESDB_GATE_PASS
157,157,170,always,always,CORE,35,av,always,LEMMA,,DIRECT_FALLBACK,,,,,,ESDB_GATE_PASS
158,158,171,better,better,CORE,35,n_v;aj_av;aj,better;good;well,LEMMA;FORM,,DIRECT_FALLBACK,,,,,,ESDB_GATE_PASS
159,159,172,little,little,CORE,35,aj;av;d,little,LEMMA,,DIRECT_FALLBACK,,,,,,ESDB_GATE_PASS
160,160,173,old,old,CORE,35,n;aj,old,LEMMA,,MATRYOSHKA_DIRECT,26,,,told,,ESDB_GATE_PASS
161,161,174,another,another,CORE,35,pn;d,another,LEMMA,,DIRECT_FALLBACK,,,,,,ESDB_GATE_PASS
162,162,175,during,during,CORE,35,pp,during,LEMMA,,DIRECT_FALLBACK,,,,,,ESDB_GATE_PASS
163,163,176,find,find,CORE,35,n_v,find,LEMMA,,DIRECT_FALLBACK,,,,,,ESDB_GATE_PASS
164,164,177,high,high,CORE,35,n;aj_av,high,LEMMA,,DIRECT_FALLBACK,,,,,,ESDB_GATE_PASS
165,165,178,home,home,CORE,35,n_v;aj_av,home,LEMMA,,DIRECT_FALLBACK,,,,,,ESDB_GATE_PASS
166,166,179,place,place,CORE,35,n_v,place,LEMMA,,DIRECT_FALLBACK,,,,,,ESDB_GATE_PASS
167,167,181,around,around,CORE,35,av;pp,around,LEMMA,,DIRECT_FALLBACK,,,,,,ESDB_GATE_PASS
168,168,182,own,own,CORE,35,v;d,own,LEMMA,,MATRYOSHKA_DIRECT,23,,,down,,ESDB_GATE_PASS
169,169,183,state,state,CORE,35,n_v,state,LEMMA,,DIRECT_FALLBACK,,,,,states,ESDB_GATE_PASS
170,170,184,each,each,CORE,35,pn;d,each,LEMMA,,DIRECT_FALLBACK,,,,,,ESDB_GATE_PASS
171,171,185,give,give,CORE,35,n;v,give,LEMMA,,DIRECT_FALLBACK,,,,,given,ESDB_GATE_PASS
172,172,186,help,help,CORE,35,n_v;i,help,LEMMA,,DIRECT_FALLBACK,,,,,,ESDB_GATE_PASS
173,174,188,things,things,CORE,35,n,thing,FORM,,DIRECT_FALLBACK,,,thing,,,ESDB_GATE_PASS
174,175,189,again,again,CORE,35,av,again,LEMMA,,DIRECT_FALLBACK,,,,,,ESDB_GATE_PASS
175,176,190,against,against,CORE,35,pp,against,LEMMA,,DIRECT_FALLBACK,,,,,,ESDB_GATE_PASS
176,177,191,found,found,CORE,35,n_v;v,find;found,FORM;LEMMA,,DIRECT_FALLBACK,,,,,,ESDB_GATE_PASS
177,178,192,game,game,CORE,35,n_v;aj,game,LEMMA,,DIRECT_FALLBACK,,,,,games,ESDB_GATE_PASS
178,179,194,school,school,CORE,35,n_v;a,school,LEMMA,,DIRECT_FALLBACK,,,,,,ESDB_GATE_PASS
179,180,195,without,without,CORE,35,av;pp,without,LEMMA,,DIRECT_FALLBACK,,,,,,ESDB_GATE_PASS
180,181,196,end,end,CORE,35,n_v;a,end,LEMMA,,MATRYOSHKA_WITH_BRIDGE_CANDIDATE,10,,en,,,ESDB_GATE_PASS
181,182,197,thing,thing,CORE,35,n,thing,LEMMA,,MATRYOSHKA_WITH_BRIDGE_CANDIDATE,17,,thin,,things,ESDB_GATE_PASS
182,183,198,government,government,CORE,35,n,government,LEMMA,,DIRECT_FALLBACK,,,,,,ESDB_GATE_PASS
183,184,199,house,house,CORE,35,n_v;a,house,LEMMA,,DIRECT_FALLBACK,,,,,,ESDB_GATE_PASS
184,185,200,next,next,CORE,35,n;aj_av,next,LEMMA,,DIRECT_FALLBACK,,,,,,ESDB_GATE_PASS
185,186,201,please,please,CORE,35,v;av;i,please,LEMMA,,DIRECT_FALLBACK,,,,,,ESDB_GATE_PASS
186,187,202,god,god,CORE,35,n,god,LEMMA,,MATRYOSHKA_DIRECT,18,,go,,,ESDB_GATE_PASS
187,188,203,ever,ever,CORE,35,av,ever,LEMMA,,MATRYOSHKA_DIRECT,21,,eve,never,every,ESDB_GATE_PASS
188,189,204,family,family,CORE,35,n;a,family,LEMMA,,DIRECT_FALLBACK,,,,,,ESDB_GATE_PASS
189,190,205,feel,feel,CORE,35,n_v,feel,LEMMA,,DIRECT_FALLBACK,,,,,,ESDB_GATE_PASS
190,191,206,might,might,CORE,35,v;n,may;might,FORM;LEMMA,,DIRECT_FALLBACK,,,,,,ESDB_GATE_PASS
191,192,207,put,put,CORE,35,n_v,put,LEMMA;FORM,,DIRECT_FALLBACK,,,,,,ESDB_GATE_PASS
192,193,208,however,however,CORE,35,av;c,however,LEMMA,,DIRECT_FALLBACK,,,,,,ESDB_GATE_PASS
193,194,209,name,name,CORE,35,n_v;a,name,LEMMA,,DIRECT_FALLBACK,,,,,,ESDB_GATE_PASS
194,195,210,number,number,CORE,35,aj;n_v,numb;number,FORM;LEMMA,,DIRECT_FALLBACK,,,,,,ESDB_GATE_PASS
195,196,211,second,second,CORE,35,n_v;n,second,LEMMA,,DIRECT_FALLBACK,,,,,,ESDB_GATE_PASS
196,197,212,show,show,CORE,35,n_v,show,LEMMA,,MATRYOSHKA_DIRECT,12,how,,,,ESDB_GATE_PASS
197,198,214,left,left,CORE,35,v;n;aj_av,leave;left,FORM;LEMMA,,DIRECT_FALLBACK,,,,,,ESDB_GATE_PASS
198,199,215,big,big,CORE,35,aj_av,big,LEMMA,,DIRECT_FALLBACK,,,,,,ESDB_GATE_PASS
199,200,217,keep,keep,CORE,35,n_v,keep,LEMMA,,DIRECT_FALLBACK,,,,,,ESDB_GATE_PASS
200,201,218,night,night,CORE,35,n;a,night,LEMMA,,DIRECT_FALLBACK,,,,,,ESDB_GATE_PASS
201,202,219,sure,sure,CORE,35,aj_av,sure,LEMMA,,DIRECT_FALLBACK,,,,,,ESDB_GATE_PASS
202,203,221,set,set,CORE,35,n_v;aj,set,LEMMA;FORM,,DIRECT_FALLBACK,,,,,,ESDB_GATE_PASS
203,204,222,team,team,CORE,35,n_v;a,team,LEMMA,,DIRECT_FALLBACK,,,,,,ESDB_GATE_PASS
204,205,223,until,until,CORE,35,c;pp,until,LEMMA,,DIRECT_FALLBACK,,,,,,ESDB_GATE_PASS
205,206,224,away,away,CORE,35,aj_av;i,away,LEMMA,,MATRYOSHKA_DIRECT,20,way,,,,ESDB_GATE_PASS
206,207,225,called,called,CORE,35,n_v,call,FORM,,DIRECT_FALLBACK,,,,,,ESDB_GATE_PASS
207,208,226,case,case,CORE,35,n_v,case,LEMMA,,DIRECT_FALLBACK,,,,,,ESDB_GATE_PASS
208,209,227,days,days,CORE,35,n,day,FORM,,DIRECT_FALLBACK,,,day,,,ESDB_GATE_PASS
209,210,228,different,different,CORE,35,aj,different,LEMMA,,DIRECT_FALLBACK,,,,,,ESDB_GATE_PASS
210,211,229,group,group,CORE,35,n_v,group,LEMMA,,DIRECT_FALLBACK,,,,,,ESDB_GATE_PASS
211,212,230,money,money,CORE,35,n,money,LEMMA,,DIRECT_FALLBACK,,,,,,ESDB_GATE_PASS
212,213,231,let,let,CORE,35,n_v,let,LEMMA;FORM,,DIRECT_FALLBACK,,,,,,ESDB_GATE_PASS
213,214,232,someone,someone,CORE,35,pn,someone,LEMMA,,DIRECT_FALLBACK,,,,,,ESDB_GATE_PASS
214,215,233,thought,thought,CORE,35,v;n,think;thought,FORM;LEMMA,,MATRYOSHKA_DIRECT,27,,though,,,ESDB_GATE_PASS
215,216,234,already,already,CORE,35,av,already,LEMMA,,DIRECT_FALLBACK,,,,,,ESDB_GATE_PASS
216,217,235,city,city,CORE,35,n;a,city,LEMMA,,DIRECT_FALLBACK,,,,,,ESDB_GATE_PASS
217,219,237,play,play,CORE,35,n_v,play,LEMMA,,DIRECT_FALLBACK,,,,,,ESDB_GATE_PASS
218,220,238,public,public,CORE,35,n;aj,public,LEMMA,,DIRECT_FALLBACK,,,,,,ESDB_GATE_PASS
219,221,239,system,system,CORE,35,n,system,LEMMA,,DIRECT_FALLBACK,,,,,,ESDB_GATE_PASS
220,222,240,doing,doing,CORE,35,v;n,do;doing,FORM;LEMMA,,DIRECT_FALLBACK,,,,,,ESDB_GATE_PASS
221,223,241,done,done,CORE,35,v;i,do;done,FORM;LEMMA,,MATRYOSHKA_DIRECT,7,one,don,,,ESDB_GATE_PASS
222,224,242,few,few,CORE,35,d,few,LEMMA,,DIRECT_FALLBACK,,,,,,ESDB_GATE_PASS
223,225,243,national,national,CORE,35,n;aj,national,LEMMA,,DIRECT_FALLBACK,,,,,,ESDB_GATE_PASS
224,226,244,real,real,CORE,35,aj_av;n,real,LEMMA,,DIRECT_FALLBACK,,,,,,ESDB_GATE_PASS
225,227,245,free,free,CORE,35,v;aj_av,free,LEMMA,,DIRECT_FALLBACK,,,,,,ESDB_GATE_PASS
226,228,246,having,having,CORE,35,v;n,have;having,FORM;LEMMA,,DIRECT_FALLBACK,,,,,,ESDB_GATE_PASS
227,229,247,person,person,CORE,35,n,person,LEMMA,,DIRECT_FALLBACK,,,,,,ESDB_GATE_PASS
228,230,248,change,change,CORE,35,n_v,change,LEMMA,,DIRECT_FALLBACK,,,,,,ESDB_GATE_PASS
229,232,250,general,general,CORE,35,n;aj,general,LEMMA,,DIRECT_FALLBACK,,,,,,ESDB_GATE_PASS
230,233,251,lot,lot,CORE,35,n;a,lot,LEMMA,,DIRECT_FALLBACK,,,,,,ESDB_GATE_PASS
231,234,252,point,point,CORE,35,n_v,point,LEMMA,,DIRECT_FALLBACK,,,,,,ESDB_GATE_PASS
232,235,253,times,times,CORE,35,n_v;pp,time;times,FORM;LEMMA,,DIRECT_FALLBACK,,,time,,,ESDB_GATE_PASS
233,236,254,women,women,CORE,35,n,woman,FORM,,DIRECT_FALLBACK,,,,,,ESDB_GATE_PASS
234,237,255,yet,yet,CORE,35,av;c,yet,LEMMA,,MATRYOSHKA_WITH_BRIDGE_CANDIDATE,22,,ye,,,ESDB_GATE_PASS
235,238,257,anything,anything,CORE,35,pn,anything,LEMMA,,DIRECT_FALLBACK,,,,,,ESDB_GATE_PASS
236,239,258,care,care,CORE,35,n_v,care,LEMMA,,MATRYOSHKA_DIRECT,8,are,car,,,ESDB_GATE_PASS
237,241,260,four,four,CORE,35,n,four,LEMMA,,MATRYOSHKA_DIRECT,11,our,,,,ESDB_GATE_PASS
238,242,261,including,including,CORE,35,v;pp,include;including,FORM;LEMMA,,DIRECT_FALLBACK,,,,,,ESDB_GATE_PASS
239,243,262,nothing,nothing,CORE,35,aj_av;pn,nothing,LEMMA,,DIRECT_FALLBACK,,,,,,ESDB_GATE_PASS
240,244,263,today,today,CORE,35,n;av,today,LEMMA,,DIRECT_FALLBACK,,,,,,ESDB_GATE_PASS
241,245,264,water,water,CORE,35,n;v,water,LEMMA,,DIRECT_FALLBACK,,,,,,ESDB_GATE_PASS
242,246,265,bad,bad,CORE,35,n;aj_av,bad,LEMMA,,MATRYOSHKA_WITH_BRIDGE_CANDIDATE,4,ad,,,,ESDB_GATE_PASS
243,247,266,business,business,CORE,35,n;a,business,LEMMA,,DIRECT_FALLBACK,,,,,,ESDB_GATE_PASS
244,248,267,children,children,CORE,35,n,child,FORM,,DIRECT_FALLBACK,,,,,,ESDB_GATE_PASS
245,249,268,company,company,CORE,35,n,company,LEMMA,,DIRECT_FALLBACK,,,,,,ESDB_GATE_PASS
246,250,269,everything,everything,CORE,35,pn,everything,LEMMA,,DIRECT_FALLBACK,,,,,,ESDB_GATE_PASS
247,251,270,live,live,CORE,35,v;aj_av,live,LEMMA,,DIRECT_FALLBACK,,,,,,ESDB_GATE_PASS
248,252,271,mean,mean,CORE,35,n_v;aj,mean,LEMMA,,DIRECT_FALLBACK,,,,,means,ESDB_GATE_PASS
249,253,272,once,once,CORE,35,n;av;c,once,LEMMA,,DIRECT_FALLBACK,,,,,,ESDB_GATE_PASS
250,254,273,power,power,CORE,35,n_v;a,power,LEMMA,,DIRECT_FALLBACK,,,,,,ESDB_GATE_PASS
251,255,274,thanks,thanks,CORE,35,v;i,thank;thanks,FORM;LEMMA,,DIRECT_FALLBACK,,,thank,,,ESDB_GATE_PASS
252,256,275,told,told,CORE,35,v,tell,FORM,,MATRYOSHKA_DIRECT,26,old,,,,ESDB_GATE_PASS
253,257,276,came,came,CORE,35,v,come,FORM,,DIRECT_FALLBACK,,,,,,ESDB_GATE_PASS
254,258,277,country,country,CORE,35,n;a,country,LEMMA,,DIRECT_FALLBACK,,,,,,ESDB_GATE_PASS
255,259,278,enough,enough,CORE,35,av;c;d;i,enough,LEMMA,,DIRECT_FALLBACK,,,,,,ESDB_GATE_PASS
256,260,279,following,following,CORE,35,v;n;pp,follow;following,FORM;LEMMA,,DIRECT_FALLBACK,,,,,,ESDB_GATE_PASS
257,261,280,getting,getting,CORE,35,n_v;n,get;getting,FORM;LEMMA,,DIRECT_FALLBACK,,,,,,ESDB_GATE_PASS
258,262,281,head,head,CORE,35,n_v;a;n,head,LEMMA;FORM,,DIRECT_FALLBACK,,,,,,ESDB_GATE_PASS
259,263,282,later,later,CORE,35,aj_av,late,FORM,,DIRECT_FALLBACK,,,late,,,ESDB_GATE_PASS
260,264,283,looking,looking,CORE,35,n_v;n;aj,look;looking,FORM;LEMMA,,DIRECT_FALLBACK,,,,,,ESDB_GATE_PASS
261,265,284,seen,seen,CORE,35,n_v,see,FORM,,DIRECT_FALLBACK,,,see,,,ESDB_GATE_PASS
262,266,285,small,small,CORE,35,n;aj_av,small,LEMMA,,MATRYOSHKA_WITH_BRIDGE_CANDIDATE,9,mall,,,,ESDB_GATE_PASS
263,267,286,start,start,CORE,35,n_v,start,LEMMA,,DIRECT_FALLBACK,,,,,,ESDB_GATE_PASS
264,268,287,tell,tell,CORE,35,v,tell,LEMMA,,DIRECT_FALLBACK,,,,,,ESDB_GATE_PASS
265,269,288,took,took,CORE,35,n_v,take,FORM,,MATRYOSHKA_DIRECT,3,,too,,,ESDB_GATE_PASS
266,270,289,top,top,CORE,35,n_v;aj,top,LEMMA,,MATRYOSHKA_DIRECT,3,,to,stop,,ESDB_GATE_PASS
267,271,290,went,went,CORE,35,v,go;wend,FORM,,DIRECT_FALLBACK,,,,,,ESDB_GATE_PASS
268,272,291,based,based,CORE,35,n_v;aj,base;based,FORM;LEMMA,,DIRECT_FALLBACK,,,,,,ESDB_GATE_PASS
269,273,292,far,far,CORE,35,aj_av,far,LEMMA,,MATRYOSHKA_WITH_BRIDGE_CANDIDATE,4,,fa,,,ESDB_GATE_PASS
270,274,293,law,law,CORE,35,n,law,LEMMA,,DIRECT_FALLBACK,,,,,,ESDB_GATE_PASS
271,275,294,less,less,CORE,35,pp;av;d,less;little,LEMMA;FORM,,DIRECT_FALLBACK,,,,,,ESDB_GATE_PASS
272,276,295,making,making,CORE,35,n_v;n,make;making,FORM;LEMMA,,DIRECT_FALLBACK,,,,,,ESDB_GATE_PASS
273,277,296,music,music,CORE,35,n,music,LEMMA,,DIRECT_FALLBACK,,,,,,ESDB_GATE_PASS
274,278,297,order,order,CORE,35,n_v,order,LEMMA,,DIRECT_FALLBACK,,,,,,ESDB_GATE_PASS
275,279,298,party,party,CORE,35,n_v;a,party,LEMMA,,MATRYOSHKA_DIRECT,25,,part,,,ESDB_GATE_PASS
276,280,299,states,states,CORE,35,n_v,state,FORM,,DIRECT_FALLBACK,,,state,,,ESDB_GATE_PASS
277,281,300,though,though,CORE,35,av;c,though,LEMMA,,MATRYOSHKA_DIRECT,27,,,,thought,ESDB_GATE_PASS
278,282,301,week,week,CORE,35,n,week,LEMMA,,DIRECT_FALLBACK,,,,,,ESDB_GATE_PASS
279,283,302,call,call,CORE,35,n_v,call,LEMMA,,MATRYOSHKA_DIRECT,9,all,,,,ESDB_GATE_PASS
280,284,303,full,full,CORE,35,n;v;aj_av,full,LEMMA,,DIRECT_FALLBACK,,,,,,ESDB_GATE_PASS
281,285,304,hard,hard,CORE,35,aj_av,hard,LEMMA,,DIRECT_FALLBACK,,,,,,ESDB_GATE_PASS
282,286,305,men,men,CORE,35,n,man;men,FORM;LEMMA,,MATRYOSHKA_DIRECT,10,en,me,,,ESDB_GATE_PASS
283,287,306,war,war,CORE,35,n_v;a,war,LEMMA,,DIRECT_FALLBACK,,,,,,ESDB_GATE_PASS
284,288,307,yes,yes,CORE,35,n_v;a,yes,LEMMA,,MATRYOSHKA_WITH_BRIDGE_CANDIDATE,22,,ye,,,ESDB_GATE_PASS
285,289,310,read,read,CORE,35,n;v;a,read,LEMMA;FORM,,DIRECT_FALLBACK,,,,,,ESDB_GATE_PASS
286,290,311,side,side,CORE,35,n_v;aj,side,LEMMA,,DIRECT_FALLBACK,,,,,,ESDB_GATE_PASS
287,291,312,stop,stop,CORE,35,n_v,stop,LEMMA,,MATRYOSHKA_DIRECT,3,top,,,,ESDB_GATE_PASS
288,292,313,support,support,CORE,35,n_v;a,support,LEMMA,,DIRECT_FALLBACK,,,,,,ESDB_GATE_PASS
289,293,314,thank,thank,CORE,35,v,thank,LEMMA,,MATRYOSHKA_DIRECT,15,,than,,thanks,ESDB_GATE_PASS
290,294,315,believe,believe,CORE,35,v,believe,LEMMA,,DIRECT_FALLBACK,,,,,,ESDB_GATE_PASS
291,295,316,line,line,CORE,35,n_v,line,LEMMA,,DIRECT_FALLBACK,,,,,,ESDB_GATE_PASS
292,296,317,oh,oh,CORE,35,n;i,oh,LEMMA,,DIRECT_FALLBACK,,,,,,ESDB_GATE_PASS
293,297,318,open,open,CORE,35,n_v;aj,open,LEMMA,,DIRECT_FALLBACK,,,,,,ESDB_GATE_PASS
294,298,319,area,area,CORE,35,n,area,LEMMA,,MATRYOSHKA_DIRECT,8,,are,,,ESDB_GATE_PASS
295,299,322,important,important,CORE,35,aj,important,LEMMA,,DIRECT_FALLBACK,,,,,,ESDB_GATE_PASS
296,300,323,run,run,CORE,35,n_v,run,LEMMA;FORM,,DIRECT_FALLBACK,,,,,,ESDB_GATE_PASS
297,301,324,using,using,CORE,35,n_v;n,use;using,FORM;LEMMA,,DIRECT_FALLBACK,,,,,,ESDB_GATE_PASS
298,302,325,whole,whole,CORE,35,n;aj_av,whole,LEMMA,,DIRECT_FALLBACK,,,,,,ESDB_GATE_PASS
299,303,326,five,five,CORE,35,n,five,LEMMA,,DIRECT_FALLBACK,,,,,,ESDB_GATE_PASS
300,304,327,international,international,CORE,35,n;aj,international,LEMMA,,DIRECT_FALLBACK,,,,,,ESDB_GATE_PASS
301,305,328,try,try,CORE,35,n_v,try,LEMMA,,DIRECT_FALLBACK,,,,,,ESDB_GATE_PASS
302,306,329,white,white,CORE,35,n;aj,white,LEMMA,,DIRECT_FALLBACK,,,,,,ESDB_GATE_PASS
303,307,330,course,course,CORE,35,n_v,course,LEMMA,,DIRECT_FALLBACK,,,,,,ESDB_GATE_PASS
304,308,331,early,early,CORE,35,aj_av,early,LEMMA,,DIRECT_FALLBACK,,,,,,ESDB_GATE_PASS
305,309,332,face,face,CORE,35,n_v,face,LEMMA,,DIRECT_FALLBACK,,,,,,ESDB_GATE_PASS
306,310,333,given,given,CORE,35,v;n;c,give;given,FORM;LEMMA,,DIRECT_FALLBACK,,,give,,,ESDB_GATE_PASS
307,311,334,job,job,CORE,35,n_v;a,job,LEMMA,,DIRECT_FALLBACK,,,,,,ESDB_GATE_PASS
308,312,335,means,means,CORE,35,n_v,mean,FORM,,DIRECT_FALLBACK,,,mean,,,ESDB_GATE_PASS
309,313,336,says,says,CORE,35,v,say,FORM,,DIRECT_FALLBACK,,,say,,,ESDB_GATE_PASS
310,314,337,social,social,CORE,35,n;aj,social,LEMMA,,DIRECT_FALLBACK,,,,,,ESDB_GATE_PASS
311,315,339,together,together,CORE,35,aj_av,together,LEMMA,,DIRECT_FALLBACK,,,,,,ESDB_GATE_PASS
312,316,340,united,united,CORE,35,v;aj,unite;united,FORM;LEMMA,,DIRECT_FALLBACK,,,,,,ESDB_GATE_PASS
313,317,341,within,within,CORE,35,n;av;pp,within,LEMMA,,DIRECT_FALLBACK,,,,,,ESDB_GATE_PASS
314,318,342,working,working,CORE,35,n_v;n;aj,work;working,FORM;LEMMA,,DIRECT_FALLBACK,,,,,,ESDB_GATE_PASS
315,319,343,young,young,CORE,35,n;aj,young,LEMMA;FORM,,DIRECT_FALLBACK,,,,,,ESDB_GATE_PASS
316,320,344,actually,actually,CORE,35,av,actually,LEMMA,,DIRECT_FALLBACK,,,,,,ESDB_GATE_PASS
317,322,346,black,black,CORE,35,n_v;aj,black,LEMMA,,DIRECT_FALLBACK,,,,,,ESDB_GATE_PASS
318,323,347,kind,kind,CORE,35,n;aj,kind,LEMMA,,DIRECT_FALLBACK,,,,,,ESDB_GATE_PASS
319,324,348,mind,mind,CORE,35,n_v,mind,LEMMA,,DIRECT_FALLBACK,,,,,,ESDB_GATE_PASS
320,325,349,fact,fact,CORE,35,n,fact,LEMMA,,MATRYOSHKA_DIRECT,28,act,,,,ESDB_GATE_PASS
321,326,350,least,least,CORE,35,av;d,little,FORM,,DIRECT_FALLBACK,,,,,,ESDB_GATE_PASS
322,327,351,makes,makes,CORE,35,n_v,make,FORM,,DIRECT_FALLBACK,,,make,,,ESDB_GATE_PASS
323,328,352,per,per,CORE,35,a;pp,per,LEMMA,,DIRECT_FALLBACK,,,,,,ESDB_GATE_PASS
324,329,353,service,service,CORE,35,n_v;a,service,LEMMA,,DIRECT_FALLBACK,,,,,,ESDB_GATE_PASS
325,330,354,shit,shit,RECEPTIVE_ONLY,40,n;v;a;i,shit,LEMMA;FORM,vulgar-1,MATRYOSHKA_DIRECT,5,hit,,,,ESDB_GATE_PASS
326,331,355,trying,trying,CORE,35,n_v;aj,try;trying,FORM;LEMMA,,DIRECT_FALLBACK,,,,,,ESDB_GATE_PASS
327,332,357,able,able,CORE,35,aj,able,LEMMA,,DIRECT_FALLBACK,,,,,,ESDB_GATE_PASS
328,333,358,become,become,CORE,35,v,become,LEMMA;FORM,,DIRECT_FALLBACK,,,,,,ESDB_GATE_PASS
329,334,359,car,car,CORE,35,n,car,LEMMA,,MATRYOSHKA_DIRECT,8,,,,care,ESDB_GATE_PASS
330,335,360,death,death,CORE,35,n,death,LEMMA,,DIRECT_FALLBACK,,,,,,ESDB_GATE_PASS
331,336,361,everyone,everyone,CORE,35,pn,everyone,LEMMA,,DIRECT_FALLBACK,,,,,,ESDB_GATE_PASS
332,337,362,food,food,CORE,35,n,food,LEMMA,,DIRECT_FALLBACK,,,,,,ESDB_GATE_PASS
333,338,363,information,information,CORE,35,n,information,LEMMA,,DIRECT_FALLBACK,,,,,,ESDB_GATE_PASS
334,339,364,level,level,CORE,35,n_v;aj,level,LEMMA,,DIRECT_FALLBACK,,,,,,ESDB_GATE_PASS
335,340,365,local,local,CORE,35,n;aj,local,LEMMA,,DIRECT_FALLBACK,,,,,,ESDB_GATE_PASS
336,341,366,often,often,CORE,35,av,often,LEMMA,,DIRECT_FALLBACK,,,,,,ESDB_GATE_PASS
337,342,367,others,others,CORE,35,pn,other,FORM,,DIRECT_FALLBACK,,,other,,,ESDB_GATE_PASS
338,343,368,several,several,CORE,35,d,several,LEMMA,,DIRECT_FALLBACK,,,,,,ESDB_GATE_PASS
339,344,369,true,true,CORE,35,n;v;aj_av,true,LEMMA,,DIRECT_FALLBACK,,,,,,ESDB_GATE_PASS
340,345,370,control,control,CORE,35,n_v,control,LEMMA,,DIRECT_FALLBACK,,,,,,ESDB_GATE_PASS
341,346,371,friends,friends,CORE,35,n_v,friend,FORM,,DIRECT_FALLBACK,,,friend,,,ESDB_GATE_PASS
342,347,372,games,games,CORE,35,n_v,game,FORM,,DIRECT_FALLBACK,,,game,,,ESDB_GATE_PASS
343,348,373,half,half,CORE,35,n;av;d,half,LEMMA,,DIRECT_FALLBACK,,,,,,ESDB_GATE_PASS
344,349,374,maybe,maybe,CORE,35,n;av,maybe,LEMMA,,DIRECT_FALLBACK,,,,,,ESDB_GATE_PASS
345,350,375,news,news,CORE,35,n,news,LEMMA,,MATRYOSHKA_DIRECT,13,,new,,,ESDB_GATE_PASS
346,351,376,problem,problem,CORE,35,n;a,problem,LEMMA,,DIRECT_FALLBACK,,,,,,ESDB_GATE_PASS
347,352,377,air,air,CORE,35,n_v;a,air,LEMMA,,DIRECT_FALLBACK,,,,,,ESDB_GATE_PASS
348,354,379,body,body,CORE,35,n;a,body,LEMMA,,DIRECT_FALLBACK,,,,,,ESDB_GATE_PASS
349,355,380,book,book,CORE,35,n_v;a,book,LEMMA,,DIRECT_FALLBACK,,,,,,ESDB_GATE_PASS
350,356,381,guys,guys,CORE,35,n_v,guy,FORM,,DIRECT_FALLBACK,,,guy,,,ESDB_GATE_PASS
351,357,382,hand,hand,CORE,35,n_v;a,hand,LEMMA,,MATRYOSHKA_DIRECT,4,and,,,,ESDB_GATE_PASS
352,358,383,health,health,CORE,35,n,health,LEMMA,,DIRECT_FALLBACK,,,,,,ESDB_GATE_PASS
353,359,384,hope,hope,CORE,35,n_v,hope,LEMMA,,DIRECT_FALLBACK,,,,,,ESDB_GATE_PASS
354,360,385,human,human,CORE,35,n;aj,human,LEMMA,,DIRECT_FALLBACK,,,,,,ESDB_GATE_PASS
355,361,386,known,known,CORE,35,v;aj,know;known,FORM;LEMMA,,DIRECT_FALLBACK,,,know,,,ESDB_GATE_PASS
356,362,387,large,large,CORE,35,n;aj_av,large,LEMMA,,DIRECT_FALLBACK,,,,,,ESDB_GATE_PASS
357,364,389,president,president,CORE,35,n,president,LEMMA,,DIRECT_FALLBACK,,,,,,ESDB_GATE_PASS
358,365,390,talk,talk,CORE,35,n_v,talk,LEMMA,,DIRECT_FALLBACK,,,,,,ESDB_GATE_PASS
359,366,391,almost,almost,CORE,35,av,almost,LEMMA,,DIRECT_FALLBACK,,,,,,ESDB_GATE_PASS
360,367,392,court,court,CORE,35,n_v,court,LEMMA,,DIRECT_FALLBACK,,,,,,ESDB_GATE_PASS
361,368,393,friend,friend,CORE,35,n_v,friend,LEMMA,,DIRECT_FALLBACK,,,,,friends,ESDB_GATE_PASS
362,369,394,history,history,CORE,35,n,history,LEMMA,,DIRECT_FALLBACK,,,,,,ESDB_GATE_PASS
363,370,395,hours,hours,CORE,35,n,hour,FORM,,DIRECT_FALLBACK,,,,,,ESDB_GATE_PASS
364,371,396,lost,lost,CORE,35,v;n;aj,lose;lost,FORM;LEMMA,,DIRECT_FALLBACK,,,,,,ESDB_GATE_PASS
365,372,397,members,members,CORE,35,n,member,FORM,,DIRECT_FALLBACK,,,,,,ESDB_GATE_PASS
366,373,398,possible,possible,CORE,35,n;aj,possible,LEMMA,,DIRECT_FALLBACK,,,,,,ESDB_GATE_PASS
367,374,399,season,season,CORE,35,n_v,season,LEMMA,,DIRECT_FALLBACK,,,,,,ESDB_GATE_PASS
368,375,400,south,south,CORE,35,n;aj_av,south,LEMMA,,DIRECT_FALLBACK,,,,,,ESDB_GATE_PASS
369,376,401,story,story,CORE,35,n,story,LEMMA,,DIRECT_FALLBACK,,,,,,ESDB_GATE_PASS
370,377,402,video,video,CORE,35,n_v;a,video,LEMMA,,DIRECT_FALLBACK,,,,,,ESDB_GATE_PASS
371,378,403,yeah,yeah,CORE,40,n;av,yeah,LEMMA,,MATRYOSHKA_WITH_BRIDGE_CANDIDATE,22,,yea,,,ESDB_GATE_PASS
372,379,404,among,among,CORE,35,pp,among,LEMMA,,DIRECT_FALLBACK,,,,,,ESDB_GATE_PASS
373,380,405,class,class,CORE,35,n_v;a,class,LEMMA,,DIRECT_FALLBACK,,,,,,ESDB_GATE_PASS
374,381,406,else,else,CORE,35,a,else,LEMMA,,DIRECT_FALLBACK,,,,,,ESDB_GATE_PASS
375,382,407,girl,girl,CORE,35,n,girl,LEMMA,,DIRECT_FALLBACK,,,,,,ESDB_GATE_PASS
376,383,408,nice,nice,CORE,35,aj,nice,LEMMA,,DIRECT_FALLBACK,,,,,,ESDB_GATE_PASS
377,385,410,taking,taking,CORE,35,n_v;n,take;taking,FORM;LEMMA,,DIRECT_FALLBACK,,,,,,ESDB_GATE_PASS
378,386,411,wrong,wrong,CORE,35,n_v;aj_av,wrong,LEMMA,,DIRECT_FALLBACK,,,,,,ESDB_GATE_PASS
379,387,414,act,act,CORE,35,n_v,act,LEMMA,,MATRYOSHKA_DIRECT,28,,,fact,,ESDB_GATE_PASS
380,388,415,ago,ago,CORE,35,aj_av,ago,LEMMA,,MATRYOSHKA_DIRECT,18,go,,,,ESDB_GATE_PASS
381,390,417,close,close,CORE,35,n_v;aj_av,close,LEMMA,,DIRECT_FALLBACK,,,,,,ESDB_GATE_PASS
382,391,418,coming,coming,CORE,35,v;n,come;coming,FORM;LEMMA,,DIRECT_FALLBACK,,,,,,ESDB_GATE_PASS
383,392,419,guy,guy,CORE,35,n_v,guy,LEMMA,,DIRECT_FALLBACK,,,,,guys,ESDB_GATE_PASS
384,393,420,matter,matter,CORE,35,n_v,matter,LEMMA,,DIRECT_FALLBACK,,,,,,ESDB_GATE_PASS
385,394,421,office,office,CORE,35,n,office,LEMMA,,DIRECT_FALLBACK,,,,,,ESDB_GATE_PASS
386,395,422,political,political,CORE,35,aj,political,LEMMA,,DIRECT_FALLBACK,,,,,,ESDB_GATE_PASS
387,396,423,question,question,CORE,35,n_v,question,LEMMA,,DIRECT_FALLBACK,,,,,,ESDB_GATE_PASS
388,397,424,room,room,CORE,35,n_v,room,LEMMA,,DIRECT_FALLBACK,,,,,,ESDB_GATE_PASS
389,398,425,single,single,CORE,35,n_v;aj,single,LEMMA,,DIRECT_FALLBACK,,,,,,ESDB_GATE_PASS
390,399,426,taken,taken,CORE,35,n_v;aj,take;taken,FORM;LEMMA,,DIRECT_FALLBACK,,,take,,,ESDB_GATE_PASS
391,400,427,wait,wait,CORE,35,n_v,wait,LEMMA,,DIRECT_FALLBACK,,,,,,ESDB_GATE_PASS
392,401,429,along,along,CORE,35,av;pp,along,LEMMA,,MATRYOSHKA_DIRECT,24,long,,,,ESDB_GATE_PASS
393,402,430,although,although,CORE,35,c,although,LEMMA,,DIRECT_FALLBACK,,,,,,ESDB_GATE_PASS
394,403,431,cause,cause,CORE,35,n_v,cause,LEMMA,,DIRECT_FALLBACK,,,,,,ESDB_GATE_PASS
395,404,432,late,late,CORE,35,aj_av,late,LEMMA,,MATRYOSHKA_WITH_BRIDGE_CANDIDATE,4,ate,,,later,ESDB_GATE_PASS
396,405,433,remember,remember,CORE,35,v,remember,LEMMA,,DIRECT_FALLBACK,,,,,,ESDB_GATE_PASS
397,406,434,saw,saw,CORE,35,n_v,saw;see,LEMMA;FORM,,DIRECT_FALLBACK,,,,,,ESDB_GATE_PASS
398,407,437,ask,ask,CORE,35,v,ask,LEMMA,,MATRYOSHKA_DIRECT,4,,as,,,ESDB_GATE_PASS
399,408,438,example,example,CORE,35,n_v,example,LEMMA,,DIRECT_FALLBACK,,,,,,ESDB_GATE_PASS
400,409,439,form,form,CORE,35,n_v,form,LEMMA,,MATRYOSHKA_DIRECT,6,,for,,,ESDB_GATE_PASS
401,411,442,pay,pay,CORE,35,n;a;v,pay,LEMMA,,MATRYOSHKA_WITH_BRIDGE_CANDIDATE,4,,pa,,,ESDB_GATE_PASS
402,412,443,post,post,CORE,35,n_v,post,LEMMA,,DIRECT_FALLBACK,,,,,,ESDB_GATE_PASS
403,413,444,research,research,CORE,35,n_v,research,LEMMA,,DIRECT_FALLBACK,,,,,,ESDB_GATE_PASS
404,414,445,saying,saying,CORE,35,v;n,say;saying,FORM;LEMMA,,DIRECT_FALLBACK,,,,,,ESDB_GATE_PASS
405,415,446,understand,understand,CORE,35,v,understand,LEMMA,,DIRECT_FALLBACK,,,,,,ESDB_GATE_PASS
406,416,447,university,university,CORE,35,n,university,LEMMA,,DIRECT_FALLBACK,,,,,,ESDB_GATE_PASS
407,417,448,according,according,CORE,35,n_v;aj,accord;according,FORM;LEMMA,,DIRECT_FALLBACK,,,,,,ESDB_GATE_PASS
408,418,449,due,due,CORE,35,n;aj_av,due,LEMMA,,DIRECT_FALLBACK,,,,,,ESDB_GATE_PASS
409,419,450,either,either,CORE,35,av;c;d,either,LEMMA,,DIRECT_FALLBACK,,,,,,ESDB_GATE_PASS
410,420,451,fuck,fuck,RECEPTIVE_ONLY,40,n_v;i,fuck,LEMMA,vulgar-1,DIRECT_FALLBACK,,,,,,ESDB_GATE_PASS
411,421,452,hit,hit,CORE,35,n_v,hit,LEMMA;FORM,,MATRYOSHKA_DIRECT,5,it,hi,shit,,ESDB_GATE_PASS
412,422,453,idea,idea,CORE,35,n,idea,LEMMA,,MATRYOSHKA_WITH_BRIDGE_CANDIDATE,29,,,,ideal,ESDB_GATE_PASS
413,423,454,million,million,CORE,35,n,million,LEMMA,,DIRECT_FALLBACK,,,,,,ESDB_GATE_PASS
414,424,455,months,months,CORE,35,n,month,FORM,,DIRECT_FALLBACK,,,,,,ESDB_GATE_PASS
415,425,456,needs,needs,CORE,35,n_v;av,need;needs,FORM;LEMMA,,DIRECT_FALLBACK,,,need,,,ESDB_GATE_PASS
416,426,457,past,past,CORE,35,n;aj_av;pp,past,LEMMA,,DIRECT_FALLBACK,,,,,,ESDB_GATE_PASS
417,427,458,playing,playing,CORE,35,n_v;n,play;playing,FORM;LEMMA,,DIRECT_FALLBACK,,,,,,ESDB_GATE_PASS
418,428,459,pretty,pretty,CORE,35,n_v;aj_av,pretty,LEMMA,,DIRECT_FALLBACK,,,,,,ESDB_GATE_PASS
419,429,460,probably,probably,CORE,35,av,probably,LEMMA,,DIRECT_FALLBACK,,,,,,ESDB_GATE_PASS
420,430,461,rather,rather,CORE,35,av,rather,LEMMA,,DIRECT_FALLBACK,,,,,,ESDB_GATE_PASS
421,431,462,soon,soon,CORE,35,av,soon,LEMMA,,DIRECT_FALLBACK,,,,,,ESDB_GATE_PASS
422,432,463,turn,turn,CORE,35,n_v,turn,LEMMA,,DIRECT_FALLBACK,,,,,,ESDB_GATE_PASS
423,433,464,whether,whether,CORE,35,c,whether,LEMMA,,DIRECT_FALLBACK,,,,,,ESDB_GATE_PASS
424,434,465,win,win,CORE,35,n_v,win,LEMMA,,MATRYOSHKA_DIRECT,5,in,,,,ESDB_GATE_PASS
425,435,466,age,age,CORE,35,n_v,age,LEMMA,,DIRECT_FALLBACK,,,,,,ESDB_GATE_PASS
426,436,467,anyone,anyone,CORE,35,pn,anyone,LEMMA,,DIRECT_FALLBACK,,,,,,ESDB_GATE_PASS
427,437,468,community,community,CORE,35,n,community,LEMMA,,DIRECT_FALLBACK,,,,,,ESDB_GATE_PASS
428,438,469,development,development,CORE,35,n,development,LEMMA,,DIRECT_FALLBACK,,,,,,ESDB_GATE_PASS
429,439,470,further,further,CORE,35,aj_av;v,far;further,FORM;LEMMA,,DIRECT_FALLBACK,,,,,,ESDB_GATE_PASS
430,440,471,future,future,CORE,35,n;aj,future,LEMMA,,DIRECT_FALLBACK,,,,,,ESDB_GATE_PASS
431,441,472,heart,heart,CORE,35,n,heart,LEMMA,,DIRECT_FALLBACK,,,,,,ESDB_GATE_PASS
432,442,473,leave,leave,CORE,35,n;v,leave,LEMMA,,DIRECT_FALLBACK,,,,,,ESDB_GATE_PASS
433,443,474,light,light,CORE,35,n_v;aj_av,light,LEMMA,,DIRECT_FALLBACK,,,,,,ESDB_GATE_PASS
434,444,475,major,major,CORE,35,n_v;aj,major,LEMMA,,DIRECT_FALLBACK,,,,,,ESDB_GATE_PASS
435,445,476,minutes,minutes,CORE,35,n_v,minute,FORM,,DIRECT_FALLBACK,,,,,,ESDB_GATE_PASS
436,446,477,morning,morning,CORE,35,n;a;i,morning,LEMMA,,DIRECT_FALLBACK,,,,,,ESDB_GATE_PASS
437,447,478,north,north,CORE,35,n;aj_av,north,LEMMA,,DIRECT_FALLBACK,,,,,,ESDB_GATE_PASS
438,448,479,started,started,CORE,35,n_v,start,FORM,,DIRECT_FALLBACK,,,,,,ESDB_GATE_PASS
439,450,481,action,action,CORE,35,n,action,LEMMA,,DIRECT_FALLBACK,,,,,,ESDB_GATE_PASS
440,451,482,child,child,CORE,35,n,child,LEMMA,,DIRECT_FALLBACK,,,,,,ESDB_GATE_PASS
441,453,484,father,father,CORE,35,n_v,father,LEMMA,,DIRECT_FALLBACK,,,,,,ESDB_GATE_PASS
442,454,485,gonna,gonna,CONTRACTION_SPOKEN,35,s,gonna,LEMMA,,DIRECT_FALLBACK,,,,,,ESDB_GATE_PASS
443,455,487,low,low,CORE,35,n_v;aj_av,low,LEMMA,,DIRECT_FALLBACK,,,,,,ESDB_GATE_PASS
444,456,488,move,move,CORE,35,n_v,move,LEMMA,,DIRECT_FALLBACK,,,,,,ESDB_GATE_PASS
445,457,489,police,police,CORE,35,n;v,police,LEMMA;FORM,,DIRECT_FALLBACK,,,,,,ESDB_GATE_PASS
446,459,491,special,special,CORE,35,n;aj,special,LEMMA,,DIRECT_FALLBACK,,,,,,ESDB_GATE_PASS
447,460,492,third,third,CORE,35,n,third,LEMMA,,DIRECT_FALLBACK,,,,,,ESDB_GATE_PASS
448,461,493,wanted,wanted,CORE,35,n_v;aj,want;wanted,FORM;LEMMA,,DIRECT_FALLBACK,,,,,,ESDB_GATE_PASS
449,462,494,woman,woman,CORE,35,n;a,woman,LEMMA,,DIRECT_FALLBACK,,,,,,ESDB_GATE_PASS
450,463,495,comes,comes,CORE,35,v,come,FORM,,DIRECT_FALLBACK,,,come,,,ESDB_GATE_PASS
451,464,496,data,data,CORE,35,n,datum,FORM,,DIRECT_FALLBACK,,,,,,ESDB_GATE_PASS
452,465,497,happy,happy,CORE,35,aj,happy,LEMMA,,DIRECT_FALLBACK,,,,,,ESDB_GATE_PASS
453,466,498,living,living,CORE,35,v;n,live;living,FORM;LEMMA,,DIRECT_FALLBACK,,,,,,ESDB_GATE_PASS
454,467,499,reason,reason,CORE,35,n_v,reason,LEMMA,,DIRECT_FALLBACK,,,,,,ESDB_GATE_PASS
455,468,500,red,red,CORE,35,n;aj,red,LEMMA,,MATRYOSHKA_WITH_BRIDGE_CANDIDATE,8,,re,,,ESDB_GATE_PASS
456,469,501,report,report,CORE,35,n_v,report,LEMMA,,DIRECT_FALLBACK,,,,,,ESDB_GATE_PASS
457,470,502,short,short,CORE,35,n_v;aj_av,short,LEMMA,,DIRECT_FALLBACK,,,,,,ESDB_GATE_PASS
458,471,503,sometimes,sometimes,CORE,35,av,sometimes,LEMMA,,DIRECT_FALLBACK,,,,,,ESDB_GATE_PASS
459,472,504,son,son,CORE,35,n,son,LEMMA,,MATRYOSHKA_DIRECT,7,on,so,,,ESDB_GATE_PASS
460,473,505,stay,stay,CORE,35,n_v,stay,LEMMA,,DIRECT_FALLBACK,,,,,,ESDB_GATE_PASS
461,474,506,watch,watch,CORE,35,n_v,watch,LEMMA,,DIRECT_FALLBACK,,,,,,ESDB_GATE_PASS
462,475,508,bit,bit,CORE,35,n;a;n_v,bit;bite,LEMMA;FORM,,MATRYOSHKA_DIRECT,5,it,,,,ESDB_GATE_PASS
463,476,509,education,education,CORE,35,n,education,LEMMA,,DIRECT_FALLBACK,,,,,,ESDB_GATE_PASS
464,477,510,fucking,fucking,RECEPTIVE_ONLY,40,n_v;aj_av,fuck;fucking,FORM;LEMMA,vulgar-1,DIRECT_FALLBACK,,,,,,ESDB_GATE_PASS
465,478,511,land,land,CORE,35,n_v,land,LEMMA,,MATRYOSHKA_DIRECT,4,and,,,,ESDB_GATE_PASS
466,479,512,looks,looks,CORE,35,n_v,look,FORM,,DIRECT_FALLBACK,,,look,,,ESDB_GATE_PASS
467,480,513,myself,myself,CORE,35,pn,i,FORM,,DIRECT_FALLBACK,,,,,,ESDB_GATE_PASS
468,481,514,works,works,CORE,35,n_v;n,work;works,FORM;LEMMA,,DIRECT_FALLBACK,,,work,,,ESDB_GATE_PASS
469,482,516,asked,asked,CORE,35,v,ask,FORM,,DIRECT_FALLBACK,,,,,,ESDB_GATE_PASS
470,483,517,deal,deal,CORE,35,n_v,deal,LEMMA,,MATRYOSHKA_WITH_BRIDGE_CANDIDATE,29,,,ideal,,ESDB_GATE_PASS
471,484,518,experience,experience,CORE,35,n_v,experience,LEMMA,,DIRECT_FALLBACK,,,,,,ESDB_GATE_PASS
472,485,519,final,final,CORE,35,n;aj,final,LEMMA,,DIRECT_FALLBACK,,,,,,ESDB_GATE_PASS
473,486,520,list,list,CORE,35,n_v,list,LEMMA,,DIRECT_FALLBACK,,,,,,ESDB_GATE_PASS
474,487,521,market,market,CORE,35,n_v,market,LEMMA,,DIRECT_FALLBACK,,,,,,ESDB_GATE_PASS
475,488,522,meet,meet,CORE,35,n_v;aj,meet,LEMMA,,DIRECT_FALLBACK,,,,,,ESDB_GATE_PASS
476,490,524,six,six,CORE,35,n,six,LEMMA,,DIRECT_FALLBACK,,,,,,ESDB_GATE_PASS
477,491,525,study,study,CORE,35,n_v,study,LEMMA,,DIRECT_FALLBACK,,,,,,ESDB_GATE_PASS
478,492,526,type,type,CORE,35,n_v,type,LEMMA,,DIRECT_FALLBACK,,,,,,ESDB_GATE_PASS
479,493,527,word,word,CORE,35,n_v,word,LEMMA,,DIRECT_FALLBACK,,,,,,ESDB_GATE_PASS
480,494,528,building,building,CORE,35,n_v;n,build;building,FORM;LEMMA,,DIRECT_FALLBACK,,,,,,ESDB_GATE_PASS
481,495,529,check,check,CORE,35,v;a;i;n,check,LEMMA,,DIRECT_FALLBACK,,,,,,ESDB_GATE_PASS
482,496,530,fire,fire,CORE,35,n_v,fire,LEMMA,,DIRECT_FALLBACK,,,,,,ESDB_GATE_PASS
483,497,531,force,force,CORE,35,n_v,force,LEMMA,,DIRECT_FALLBACK,,,,,,ESDB_GATE_PASS
484,498,532,front,front,CORE,35,n_v;aj,front,LEMMA,,DIRECT_FALLBACK,,,,,,ESDB_GATE_PASS
485,500,534,main,main,CORE,35,n;aj,main,LEMMA,,DIRECT_FALLBACK,,,,,,ESDB_GATE_PASS
486,501,535,mother,mother,CORE,35,n_v;a,mother,LEMMA,,MATRYOSHKA_DIRECT,14,other,,,,ESDB_GATE_PASS
487,502,536,near,near,CORE,35,v;aj_av;pp,near,LEMMA,,MATRYOSHKA_WITH_BRIDGE_CANDIDATE,22,ear,,,,ESDB_GATE_PASS
488,503,537,period,period,CORE,35,n;a;i,period,LEMMA,,DIRECT_FALLBACK,,,,,,ESDB_GATE_PASS
489,504,538,process,process,CORE,35,n_v;a,process,LEMMA,,DIRECT_FALLBACK,,,,,,ESDB_GATE_PASS
490,506,541,art,art,CORE,35,n;v,art;be,LEMMA;FORM,,MATRYOSHKA_DIRECT,25,,,part,,ESDB_GATE_PASS
491,507,542,former,former,CORE,35,d,former,LEMMA,,DIRECT_FALLBACK,,,,,,ESDB_GATE_PASS
492,508,543,heard,heard,CORE,35,v;aj,hear;heard,FORM;LEMMA,,DIRECT_FALLBACK,,,,,,ESDB_GATE_PASS
493,510,545,plan,plan,CORE,35,n_v,plan,LEMMA,,DIRECT_FALLBACK,,,,,,ESDB_GATE_PASS
494,511,546,quite,quite,CORE,35,av,quite,LEMMA,,DIRECT_FALLBACK,,,,,,ESDB_GATE_PASS
495,512,547,series,series,CORE,35,n,series,LEMMA,,DIRECT_FALLBACK,,,,,,ESDB_GATE_PASS
496,513,548,site,site,CORE,35,n_v,site,LEMMA,,MATRYOSHKA_WITH_BRIDGE_CANDIDATE,5,,sit,,,ESDB_GATE_PASS
497,514,549,talking,talking,CORE,35,n_v;n,talk;talking,FORM;LEMMA,,DIRECT_FALLBACK,,,,,,ESDB_GATE_PASS
498,515,550,west,west,CORE,35,n;aj_av,west,LEMMA,,DIRECT_FALLBACK,,,,,,ESDB_GATE_PASS
499,516,552,behind,behind,CORE,35,n;aj_av;pp,behind,LEMMA,,DIRECT_FALLBACK,,,,,,ESDB_GATE_PASS
500,517,553,bring,bring,CORE,35,v,bring,LEMMA,,DIRECT_FALLBACK,,,,,,ESDB_GATE_PASS