target_index,alpha_rank,source_rank,word,status,lexicon_gate,lexicon_form_source,beginner_policy,lemma_primary_partial,morphology_partial,learning_mode_v0_4,primary_component_id,extension_component_id,parent_L,parent_R,children_L,children_R,bridge_reason,review_status
1,1,1,the,TARGET,SCOWL_DERIVED_EN_US_LEVEL60,HUNSPELL_STEM,PASS,the,UNRESOLVED_OR_LEMMA,MATRYOSHKA_CORE,1,1,he,,,they;them;then,,LEXICON_GATE_REPLACED_COMMONWORDS
2,2,2,of,TARGET,SCOWL_DERIVED_EN_US_LEVEL60,HUNSPELL_STEM,PASS,of,UNRESOLVED_OR_LEMMA,MATRYOSHKA_CORE,2,2,,,,off,,LEXICON_GATE_REPLACED_COMMONWORDS
3,3,3,to,TARGET,SCOWL_DERIVED_EN_US_LEVEL60,HUNSPELL_STEM,PASS,to,UNRESOLVED_OR_LEMMA,MATRYOSHKA_CORE,3,3,,,,too;top,,LEXICON_GATE_REPLACED_COMMONWORDS
4,4,4,and,TARGET,SCOWL_DERIVED_EN_US_LEVEL60,HUNSPELL_STEM,PASS,and,UNRESOLVED_OR_LEMMA,MATRYOSHKA_CORE,4,4,,an,hand;land,,,LEXICON_GATE_REPLACED_COMMONWORDS
5,5,5,a,TARGET,SCOWL_DERIVED_EN_US_LEVEL60,HUNSPELL_STEM,PASS,a,UNRESOLVED_OR_LEMMA,MATRYOSHKA_CORE,4,4,,,ma;pa;fa,as;at;an;am;ad,,LEXICON_GATE_REPLACED_COMMONWORDS
6,6,6,in,TARGET,SCOWL_DERIVED_EN_US_LEVEL60,HUNSPELL_STEM,PASS,in,UNRESOLVED_OR_LEMMA,MATRYOSHKA_CORE,5,5,,i,win;sin;min,,,LEXICON_GATE_REPLACED_COMMONWORDS
7,7,7,i,TARGET,SCOWL_DERIVED_EN_US_LEVEL60,HUNSPELL_PRONOUN_SPECIAL,PASS,i,UNRESOLVED_OR_LEMMA,MATRYOSHKA_CORE,5,5,,,hi,in;is;it;if;id,,LEXICON_GATE_REPLACED_COMMONWORDS
8,8,8,is,TARGET,SCOWL_DERIVED_EN_US_LEVEL60,HUNSPELL_SFX,PASS,be,IRREGULAR_FORM,MATRYOSHKA_CORE,6,6,,i,his,,,LEXICON_GATE_REPLACED_COMMONWORDS
9,9,9,that,TARGET,SCOWL_DERIVED_EN_US_LEVEL60,HUNSPELL_STEM,PASS,that,UNRESOLVED_OR_LEMMA,MATRYOSHKA_CORE,4,4,hat,,,,,LEXICON_GATE_REPLACED_COMMONWORDS
10,10,10,for,TARGET,SCOWL_DERIVED_EN_US_LEVEL60,HUNSPELL_STEM,PASS,for,UNRESOLVED_OR_LEMMA,MATRYOSHKA_CORE,7,7,or,,,form,,LEXICON_GATE_REPLACED_COMMONWORDS
11,11,11,you,TARGET,SCOWL_DERIVED_EN_US_LEVEL60,HUNSPELL_STEM,PASS,you,UNRESOLVED_OR_LEMMA,MATRYOSHKA_CORE,8,8,,,,your,,LEXICON_GATE_REPLACED_COMMONWORDS
12,12,12,it,TARGET,SCOWL_DERIVED_EN_US_LEVEL60,HUNSPELL_STEM,PASS,it,UNRESOLVED_OR_LEMMA,MATRYOSHKA_CORE,5,5,,i,hit;bit;sit,its,,LEXICON_GATE_REPLACED_COMMONWORDS
13,13,13,on,TARGET,SCOWL_DERIVED_EN_US_LEVEL60,HUNSPELL_STEM,PASS,on,UNRESOLVED_OR_LEMMA,MATRYOSHKA_CORE,9,9,,,son;don,one,,LEXICON_GATE_REPLACED_COMMONWORDS
14,14,15,with,TARGET,SCOWL_DERIVED_EN_US_LEVEL60,HUNSPELL_STEM,PASS,with,UNRESOLVED_OR_LEMMA,DIRECT_FALLBACK,,,,,,,,LEXICON_GATE_REPLACED_COMMONWORDS
15,15,16,was,TARGET,SCOWL_DERIVED_EN_US_LEVEL60,HUNSPELL_STEM,PASS,be,IRREGULAR_FORM,MATRYOSHKA_CORE,10,10,as,,,,,LEXICON_GATE_REPLACED_COMMONWORDS
16,16,17,be,TARGET,SCOWL_DERIVED_EN_US_LEVEL60,HUNSPELL_STEM,PASS,be,UNRESOLVED_OR_LEMMA,DIRECT_FALLBACK,,,,,,,,LEXICON_GATE_REPLACED_COMMONWORDS
17,17,18,this,TARGET,SCOWL_DERIVED_EN_US_LEVEL60,HUNSPELL_STEM,PASS,this,UNRESOLVED_OR_LEMMA,MATRYOSHKA_CORE,6,6,his,,,,,LEXICON_GATE_REPLACED_COMMONWORDS
18,18,19,as,TARGET,SCOWL_DERIVED_EN_US_LEVEL60,HUNSPELL_SFX,PASS,as,UNRESOLVED_OR_LEMMA,MATRYOSHKA_CORE,10,10,,a,was;has,ask,,LEXICON_GATE_REPLACED_COMMONWORDS
19,19,20,are,TARGET,SCOWL_DERIVED_EN_US_LEVEL60,HUNSPELL_STEM,PASS,be,IRREGULAR_FORM,MATRYOSHKA_CORE,11,11,,,care,area,,LEXICON_GATE_REPLACED_COMMONWORDS
20,20,21,not,TARGET,SCOWL_DERIVED_EN_US_LEVEL60,HUNSPELL_STEM,PASS,not,UNRESOLVED_OR_LEMMA,MATRYOSHKA_CORE,12,12,,no,,,,LEXICON_GATE_REPLACED_COMMONWORDS
21,21,22,have,TARGET,SCOWL_DERIVED_EN_US_LEVEL60,HUNSPELL_STEM,PASS,have,UNRESOLVED_OR_LEMMA,DIRECT_FALLBACK,,,,,,,,LEXICON_GATE_REPLACED_COMMONWORDS
22,22,23,at,TARGET,SCOWL_DERIVED_EN_US_LEVEL60,HUNSPELL_STEM,PASS,at,UNRESOLVED_OR_LEMMA,MATRYOSHKA_CORE,4,4,,a,hat,ate,,LEXICON_GATE_REPLACED_COMMONWORDS
23,23,24,he,TARGET,SCOWL_DERIVED_EN_US_LEVEL60,HUNSPELL_STEM,PASS,he,UNRESOLVED_OR_LEMMA,MATRYOSHKA_CORE,1,1,,,the;she,her,,LEXICON_GATE_REPLACED_COMMONWORDS
24,24,25,by,TARGET,SCOWL_DERIVED_EN_US_LEVEL60,HUNSPELL_STEM,PASS,by,UNRESOLVED_OR_LEMMA,DIRECT_FALLBACK,,,,,,,,LEXICON_GATE_REPLACED_COMMONWORDS
25,25,26,from,TARGET,SCOWL_DERIVED_EN_US_LEVEL60,HUNSPELL_STEM,PASS,from,UNRESOLVED_OR_LEMMA,DIRECT_FALLBACK,,,,,,,,LEXICON_GATE_REPLACED_COMMONWORDS
26,26,27,but,TARGET,SCOWL_DERIVED_EN_US_LEVEL60,HUNSPELL_STEM,PASS,but,UNRESOLVED_OR_LEMMA,DIRECT_FALLBACK,,,,,,,,LEXICON_GATE_REPLACED_COMMONWORDS
27,27,29,my,TARGET,SCOWL_DERIVED_EN_US_LEVEL60,HUNSPELL_STEM,PASS,my,UNRESOLVED_OR_LEMMA,DIRECT_FALLBACK,,,,,,,,LEXICON_GATE_REPLACED_COMMONWORDS
28,28,30,an,TARGET,SCOWL_DERIVED_EN_US_LEVEL60,HUNSPELL_STEM,PASS,an,UNRESOLVED_OR_LEMMA,MATRYOSHKA_CORE,4,4,,a,can;man,and;any,,LEXICON_GATE_REPLACED_COMMONWORDS
29,29,31,or,TARGET,SCOWL_DERIVED_EN_US_LEVEL60,HUNSPELL_STEM,PASS,or,UNRESOLVED_OR_LEMMA,MATRYOSHKA_CORE,7,7,,,for,,,LEXICON_GATE_REPLACED_COMMONWORDS
30,30,32,all,TARGET,SCOWL_DERIVED_EN_US_LEVEL60,HUNSPELL_STEM,PASS,all,UNRESOLVED_OR_LEMMA,MATRYOSHKA_CORE,13,13,,,call;mall,,,LEXICON_GATE_REPLACED_COMMONWORDS
31,31,33,his,TARGET,SCOWL_DERIVED_EN_US_LEVEL60,HUNSPELL_SFX,PASS,his,UNRESOLVED_OR_LEMMA,MATRYOSHKA_CORE,6,6,is,hi,this,,,LEXICON_GATE_REPLACED_COMMONWORDS
32,32,34,me,TARGET,SCOWL_DERIVED_EN_US_LEVEL60,HUNSPELL_STEM,PASS,me,UNRESOLVED_OR_LEMMA,MATRYOSHKA_CORE,14,14,,,,men,,LEXICON_GATE_REPLACED_COMMONWORDS
33,33,35,they,TARGET,SCOWL_DERIVED_EN_US_LEVEL60,HUNSPELL_STEM,PASS,they,UNRESOLVED_OR_LEMMA,MATRYOSHKA_CORE,1,1,,the,,,,LEXICON_GATE_REPLACED_COMMONWORDS
34,34,36,so,TARGET,SCOWL_DERIVED_EN_US_LEVEL60,HUNSPELL_STEM,PASS,so,UNRESOLVED_OR_LEMMA,MATRYOSHKA_CORE,9,9,,,,son,,LEXICON_GATE_REPLACED_COMMONWORDS
35,35,37,we,TARGET,SCOWL_DERIVED_EN_US_LEVEL60,HUNSPELL_STEM,PASS,we,UNRESOLVED_OR_LEMMA,DIRECT_FALLBACK,,,,,,,,LEXICON_GATE_REPLACED_COMMONWORDS
36,36,38,one,TARGET,SCOWL_DERIVED_EN_US_LEVEL60,HUNSPELL_STEM,PASS,one,UNRESOLVED_OR_LEMMA,MATRYOSHKA_CORE,9,9,,on,done,,,LEXICON_GATE_REPLACED_COMMONWORDS
37,37,39,your,TARGET,SCOWL_DERIVED_EN_US_LEVEL60,HUNSPELL_STEM,PASS,your,UNRESOLVED_OR_LEMMA,MATRYOSHKA_CORE,8,8,our,you,,,,LEXICON_GATE_REPLACED_COMMONWORDS
38,38,40,if,TARGET,SCOWL_DERIVED_EN_US_LEVEL60,HUNSPELL_STEM,PASS,if,UNRESOLVED_OR_LEMMA,MATRYOSHKA_CORE,5,5,,i,,,,LEXICON_GATE_REPLACED_COMMONWORDS
39,39,41,can,TARGET,SCOWL_DERIVED_EN_US_LEVEL60,HUNSPELL_STEM,PASS,can,UNRESOLVED_OR_LEMMA,MATRYOSHKA_CORE,4,4,an,,,,,LEXICON_GATE_REPLACED_COMMONWORDS
40,40,42,will,TARGET,SCOWL_DERIVED_EN_US_LEVEL60,HUNSPELL_STEM,PASS,will,UNRESOLVED_OR_LEMMA,DIRECT_FALLBACK,,,,,,,,LEXICON_GATE_REPLACED_COMMONWORDS
41,41,43,just,TARGET,SCOWL_DERIVED_EN_US_LEVEL60,HUNSPELL_STEM,PASS,just,UNRESOLVED_OR_LEMMA,DIRECT_FALLBACK,,,,,,,,LEXICON_GATE_REPLACED_COMMONWORDS
42,42,44,like,TARGET,SCOWL_DERIVED_EN_US_LEVEL60,HUNSPELL_STEM,PASS,like,UNRESOLVED_OR_LEMMA,DIRECT_FALLBACK,,,,,,,,LEXICON_GATE_REPLACED_COMMONWORDS
43,43,45,about,TARGET,SCOWL_DERIVED_EN_US_LEVEL60,HUNSPELL_STEM,PASS,about,UNRESOLVED_OR_LEMMA,DIRECT_FALLBACK,,,,,,,,LEXICON_GATE_REPLACED_COMMONWORDS
44,44,46,up,TARGET,SCOWL_DERIVED_EN_US_LEVEL60,HUNSPELL_STEM,PASS,up,UNRESOLVED_OR_LEMMA,DIRECT_FALLBACK,,,,,,,,LEXICON_GATE_REPLACED_COMMONWORDS
45,45,47,what,TARGET,SCOWL_DERIVED_EN_US_LEVEL60,HUNSPELL_STEM,PASS,what,UNRESOLVED_OR_LEMMA,MATRYOSHKA_CORE,4,4,hat,,,,,LEXICON_GATE_REPLACED_COMMONWORDS
46,46,48,do,TARGET,SCOWL_DERIVED_EN_US_LEVEL60,HUNSPELL_STEM,PASS,do,UNRESOLVED_OR_LEMMA,MATRYOSHKA_CORE,9,9,,,,don,,LEXICON_GATE_REPLACED_COMMONWORDS
47,47,49,has,TARGET,SCOWL_DERIVED_EN_US_LEVEL60,HUNSPELL_SFX,PASS,have,IRREGULAR_FORM,MATRYOSHKA_CORE,10,10,as,,,,,LEXICON_GATE_REPLACED_COMMONWORDS
48,48,50,were,TARGET,SCOWL_DERIVED_EN_US_LEVEL60,HUNSPELL_STEM,PASS,be,IRREGULAR_FORM,DIRECT_FALLBACK,,,,,,,,LEXICON_GATE_REPLACED_COMMONWORDS
49,49,51,no,TARGET,SCOWL_DERIVED_EN_US_LEVEL60,HUNSPELL_STEM,PASS,no,UNRESOLVED_OR_LEMMA,MATRYOSHKA_CORE,12,12,,,,not;now,,LEXICON_GATE_REPLACED_COMMONWORDS
50,50,52,out,TARGET,SCOWL_DERIVED_EN_US_LEVEL60,HUNSPELL_STEM,PASS,out,UNRESOLVED_OR_LEMMA,DIRECT_FALLBACK,,,,,,,,LEXICON_GATE_REPLACED_COMMONWORDS
51,51,53,when,TARGET,SCOWL_DERIVED_EN_US_LEVEL60,HUNSPELL_STEM,PASS,when,UNRESOLVED_OR_LEMMA,DIRECT_FALLBACK,,,,,,,,LEXICON_GATE_REPLACED_COMMONWORDS
52,52,54,more,TARGET,SCOWL_DERIVED_EN_US_LEVEL60,HUNSPELL_STEM,PASS,more,UNRESOLVED_OR_LEMMA,DIRECT_FALLBACK,,,,,,,,LEXICON_GATE_REPLACED_COMMONWORDS
53,53,55,who,TARGET,SCOWL_DERIVED_EN_US_LEVEL60,HUNSPELL_STEM,PASS,who,UNRESOLVED_OR_LEMMA,DIRECT_FALLBACK,,,,,,,,LEXICON_GATE_REPLACED_COMMONWORDS
54,54,56,had,TARGET,SCOWL_DERIVED_EN_US_LEVEL60,HUNSPELL_STEM,PASS,have,IRREGULAR_FORM,MATRYOSHKA_CORE,4,4,ad,,,,,LEXICON_GATE_REPLACED_COMMONWORDS
55,55,57,their,TARGET,SCOWL_DERIVED_EN_US_LEVEL60,HUNSPELL_STEM,PASS,their,UNRESOLVED_OR_LEMMA,DIRECT_FALLBACK,,,,,,,,LEXICON_GATE_REPLACED_COMMONWORDS
56,56,58,which,TARGET,SCOWL_DERIVED_EN_US_LEVEL60,HUNSPELL_STEM,PASS,which,UNRESOLVED_OR_LEMMA,DIRECT_FALLBACK,,,,,,,,LEXICON_GATE_REPLACED_COMMONWORDS
57,57,59,there,TARGET,SCOWL_DERIVED_EN_US_LEVEL60,HUNSPELL_STEM,PASS,there,UNRESOLVED_OR_LEMMA,MATRYOSHKA_CORE,1,1,here,,,,,LEXICON_GATE_REPLACED_COMMONWORDS
58,58,60,been,TARGET,SCOWL_DERIVED_EN_US_LEVEL60,HUNSPELL_STEM,PASS,be,IRREGULAR_FORM,DIRECT_FALLBACK,,,,,,,,LEXICON_GATE_REPLACED_COMMONWORDS
59,59,61,her,TARGET,SCOWL_DERIVED_EN_US_LEVEL60,HUNSPELL_SFX,PASS,her,UNRESOLVED_OR_LEMMA,MATRYOSHKA_CORE,1,1,,he,,here,,LEXICON_GATE_REPLACED_COMMONWORDS
60,60,62,time,TARGET,SCOWL_DERIVED_EN_US_LEVEL60,HUNSPELL_STEM,PASS,time,UNRESOLVED_OR_LEMMA,DIRECT_FALLBACK,,,,,,times,,LEXICON_GATE_REPLACED_COMMONWORDS
61,61,64,would,TARGET,SCOWL_DERIVED_EN_US_LEVEL60,HUNSPELL_STEM,PASS,would,UNRESOLVED_OR_LEMMA,DIRECT_FALLBACK,,,,,,,,LEXICON_GATE_REPLACED_COMMONWORDS
62,62,65,get,TARGET,SCOWL_DERIVED_EN_US_LEVEL60,HUNSPELL_STEM,PASS,get,UNRESOLVED_OR_LEMMA,DIRECT_FALLBACK,,,,,,,,LEXICON_GATE_REPLACED_COMMONWORDS
63,63,67,new,TARGET,SCOWL_DERIVED_EN_US_LEVEL60,HUNSPELL_STEM,PASS,new,UNRESOLVED_OR_LEMMA,DIRECT_FALLBACK,,,,,,news,,LEXICON_GATE_REPLACED_COMMONWORDS
64,64,69,she,TARGET,SCOWL_DERIVED_EN_US_LEVEL60,HUNSPELL_STEM,PASS,she,UNRESOLVED_OR_LEMMA,MATRYOSHKA_CORE,1,1,he,,,,,LEXICON_GATE_REPLACED_COMMONWORDS
65,65,70,people,TARGET,SCOWL_DERIVED_EN_US_LEVEL60,HUNSPELL_STEM,PASS,person,LEXICALIZED_PLURAL,DIRECT_FALLBACK,,,,,,,,LEXICON_GATE_REPLACED_COMMONWORDS
66,66,72,its,TARGET,SCOWL_DERIVED_EN_US_LEVEL60,HUNSPELL_SFX,PASS,its,UNRESOLVED_OR_LEMMA,DIRECT_FALLBACK,,,,it,,,,LEXICON_GATE_REPLACED_COMMONWORDS
67,67,73,also,TARGET,SCOWL_DERIVED_EN_US_LEVEL60,HUNSPELL_STEM,PASS,also,UNRESOLVED_OR_LEMMA,DIRECT_FALLBACK,,,,,,,,LEXICON_GATE_REPLACED_COMMONWORDS
68,68,74,how,TARGET,SCOWL_DERIVED_EN_US_LEVEL60,HUNSPELL_STEM,PASS,how,UNRESOLVED_OR_LEMMA,MATRYOSHKA_CORE,15,15,,,show,,,LEXICON_GATE_REPLACED_COMMONWORDS
69,69,75,some,TARGET,SCOWL_DERIVED_EN_US_LEVEL60,HUNSPELL_STEM,PASS,some,UNRESOLVED_OR_LEMMA,DIRECT_FALLBACK,,,,,,,,LEXICON_GATE_REPLACED_COMMONWORDS
70,70,76,them,TARGET,SCOWL_DERIVED_EN_US_LEVEL60,HUNSPELL_STEM,PASS,them,UNRESOLVED_OR_LEMMA,MATRYOSHKA_CORE,1,1,,the,,,,LEXICON_GATE_REPLACED_COMMONWORDS
71,71,77,now,TARGET,SCOWL_DERIVED_EN_US_LEVEL60,HUNSPELL_STEM,PASS,now,UNRESOLVED_OR_LEMMA,MATRYOSHKA_CORE,12,12,,no,know,,,LEXICON_GATE_REPLACED_COMMONWORDS
72,72,78,other,TARGET,SCOWL_DERIVED_EN_US_LEVEL60,HUNSPELL_STEM,PASS,other,UNRESOLVED_OR_LEMMA,MATRYOSHKA_CORE,16,16,,,mother,others,,LEXICON_GATE_REPLACED_COMMONWORDS
73,73,79,only,TARGET,SCOWL_DERIVED_EN_US_LEVEL60,HUNSPELL_SFX,PASS,only,UNRESOLVED_OR_LEMMA,DIRECT_FALLBACK,,,,,,,,LEXICON_GATE_REPLACED_COMMONWORDS
74,74,80,than,TARGET,SCOWL_DERIVED_EN_US_LEVEL60,HUNSPELL_STEM,PASS,than,UNRESOLVED_OR_LEMMA,MATRYOSHKA_CORE,17,17,,,,thank,,LEXICON_GATE_REPLACED_COMMONWORDS
75,75,81,first,TARGET,SCOWL_DERIVED_EN_US_LEVEL60,HUNSPELL_STEM,PASS,first,UNRESOLVED_OR_LEMMA,DIRECT_FALLBACK,,,,,,,,LEXICON_GATE_REPLACED_COMMONWORDS
76,76,82,good,TARGET,SCOWL_DERIVED_EN_US_LEVEL60,HUNSPELL_STEM,PASS,good,UNRESOLVED_OR_LEMMA,DIRECT_FALLBACK,,,,,,,,LEXICON_GATE_REPLACED_COMMONWORDS
77,77,83,into,TARGET,SCOWL_DERIVED_EN_US_LEVEL60,HUNSPELL_PFX,PASS,into,UNRESOLVED_OR_LEMMA,DIRECT_FALLBACK,,,,,,,,LEXICON_GATE_REPLACED_COMMONWORDS
78,78,84,our,TARGET,SCOWL_DERIVED_EN_US_LEVEL60,HUNSPELL_STEM,PASS,our,UNRESOLVED_OR_LEMMA,MATRYOSHKA_CORE,8,8,,,your;four,,,LEXICON_GATE_REPLACED_COMMONWORDS
79,79,85,know,TARGET,SCOWL_DERIVED_EN_US_LEVEL60,HUNSPELL_STEM,PASS,know,UNRESOLVED_OR_LEMMA,MATRYOSHKA_CORE,12,12,now,,,known,,LEXICON_GATE_REPLACED_COMMONWORDS
80,80,86,see,TARGET,SCOWL_DERIVED_EN_US_LEVEL60,HUNSPELL_STEM,PASS,see,UNRESOLVED_OR_LEMMA,DIRECT_FALLBACK,,,,,,seen,,LEXICON_GATE_REPLACED_COMMONWORDS
81,81,87,two,TARGET,SCOWL_DERIVED_EN_US_LEVEL60,HUNSPELL_STEM,PASS,two,UNRESOLVED_OR_LEMMA,DIRECT_FALLBACK,,,,,,,,LEXICON_GATE_REPLACED_COMMONWORDS
82,82,88,him,TARGET,SCOWL_DERIVED_EN_US_LEVEL60,HUNSPELL_STEM,PASS,him,UNRESOLVED_OR_LEMMA,MATRYOSHKA_CORE,5,5,,hi,,,,LEXICON_GATE_REPLACED_COMMONWORDS
83,83,89,after,TARGET,SCOWL_DERIVED_EN_US_LEVEL60,HUNSPELL_SFX,PASS,after,UNRESOLVED_OR_LEMMA,DIRECT_FALLBACK,,,,,,,,LEXICON_GATE_REPLACED_COMMONWORDS
84,84,90,could,TARGET,SCOWL_DERIVED_EN_US_LEVEL60,HUNSPELL_STEM,PASS,could,UNRESOLVED_OR_LEMMA,DIRECT_FALLBACK,,,,,,,,LEXICON_GATE_REPLACED_COMMONWORDS
85,85,91,then,TARGET,SCOWL_DERIVED_EN_US_LEVEL60,HUNSPELL_STEM,PASS,then,UNRESOLVED_OR_LEMMA,MATRYOSHKA_CORE,1,1,,the,,,,LEXICON_GATE_REPLACED_COMMONWORDS
86,86,92,over,TARGET,SCOWL_DERIVED_EN_US_LEVEL60,HUNSPELL_STEM,PASS,over,UNRESOLVED_OR_LEMMA,DIRECT_FALLBACK,,,,,,,,LEXICON_GATE_REPLACED_COMMONWORDS
87,87,93,these,TARGET,SCOWL_DERIVED_EN_US_LEVEL60,HUNSPELL_STEM,PASS,these,UNRESOLVED_OR_LEMMA,DIRECT_FALLBACK,,,,,,,,LEXICON_GATE_REPLACED_COMMONWORDS
88,88,94,think,TARGET,SCOWL_DERIVED_EN_US_LEVEL60,HUNSPELL_STEM,PASS,think,UNRESOLVED_OR_LEMMA,DIRECT_FALLBACK,,,,,,,,LEXICON_GATE_REPLACED_COMMONWORDS
89,89,95,go,TARGET,SCOWL_DERIVED_EN_US_LEVEL60,HUNSPELL_STEM,PASS,go,UNRESOLVED_OR_LEMMA,MATRYOSHKA_CORE,18,18,,,ago,got;god,,LEXICON_GATE_REPLACED_COMMONWORDS
90,90,96,make,TARGET,SCOWL_DERIVED_EN_US_LEVEL60,HUNSPELL_STEM,PASS,make,UNRESOLVED_OR_LEMMA,DIRECT_FALLBACK,,,,,,makes,,LEXICON_GATE_REPLACED_COMMONWORDS
91,91,97,any,TARGET,SCOWL_DERIVED_EN_US_LEVEL60,HUNSPELL_STEM,PASS,any,UNRESOLVED_OR_LEMMA,MATRYOSHKA_CORE,4,4,,an,many,,,LEXICON_GATE_REPLACED_COMMONWORDS
92,92,98,well,TARGET,SCOWL_DERIVED_EN_US_LEVEL60,HUNSPELL_STEM,PASS,well,UNRESOLVED_OR_LEMMA,DIRECT_FALLBACK,,,,,,,,LEXICON_GATE_REPLACED_COMMONWORDS
93,93,99,back,TARGET,SCOWL_DERIVED_EN_US_LEVEL60,HUNSPELL_STEM,PASS,back,UNRESOLVED_OR_LEMMA,DIRECT_FALLBACK,,,,,,,,LEXICON_GATE_REPLACED_COMMONWORDS
94,94,100,want,TARGET,SCOWL_DERIVED_EN_US_LEVEL60,HUNSPELL_STEM,PASS,want,UNRESOLVED_OR_LEMMA,DIRECT_FALLBACK,,,,,,,,LEXICON_GATE_REPLACED_COMMONWORDS
95,95,102,should,TARGET,SCOWL_DERIVED_EN_US_LEVEL60,HUNSPELL_STEM,PASS,should,UNRESOLVED_OR_LEMMA,DIRECT_FALLBACK,,,,,,,,LEXICON_GATE_REPLACED_COMMONWORDS
96,96,103,because,TARGET,SCOWL_DERIVED_EN_US_LEVEL60,HUNSPELL_STEM,PASS,because,UNRESOLVED_OR_LEMMA,DIRECT_FALLBACK,,,,,,,,LEXICON_GATE_REPLACED_COMMONWORDS
97,97,104,may,TARGET,SCOWL_DERIVED_EN_US_LEVEL60,HUNSPELL_STEM,PASS,may,UNRESOLVED_OR_LEMMA,MATRYOSHKA_CORE,4,4,,ma,,,,LEXICON_GATE_REPLACED_COMMONWORDS
98,98,105,us,TARGET,SCOWL_DERIVED_EN_US_LEVEL60,HUNSPELL_SFX,PASS,us,UNRESOLVED_OR_LEMMA,MATRYOSHKA_CORE,19,19,,,,use,,LEXICON_GATE_REPLACED_COMMONWORDS
99,99,106,where,TARGET,SCOWL_DERIVED_EN_US_LEVEL60,HUNSPELL_STEM,PASS,where,UNRESOLVED_OR_LEMMA,MATRYOSHKA_CORE,1,1,here,,,,,LEXICON_GATE_REPLACED_COMMONWORDS
100,100,107,most,TARGET,SCOWL_DERIVED_EN_US_LEVEL60,HUNSPELL_STEM,PASS,most,UNRESOLVED_OR_LEMMA,DIRECT_FALLBACK,,,,,,,,LEXICON_GATE_REPLACED_COMMONWORDS
101,101,108,much,TARGET,SCOWL_DERIVED_EN_US_LEVEL60,HUNSPELL_STEM,PASS,much,UNRESOLVED_OR_LEMMA,DIRECT_FALLBACK,,,,,,,,LEXICON_GATE_REPLACED_COMMONWORDS
102,102,109,way,TARGET,SCOWL_DERIVED_EN_US_LEVEL60,HUNSPELL_STEM,PASS,way,UNRESOLVED_OR_LEMMA,MATRYOSHKA_CORE,20,20,,,away,,,LEXICON_GATE_REPLACED_COMMONWORDS
103,103,110,even,TARGET,SCOWL_DERIVED_EN_US_LEVEL60,HUNSPELL_STEM,PASS,even,UNRESOLVED_OR_LEMMA,DIRECT_FALLBACK,,,,,,,,LEXICON_GATE_REPLACED_COMMONWORDS
104,104,111,very,TARGET,SCOWL_DERIVED_EN_US_LEVEL60,HUNSPELL_STEM,PASS,very,UNRESOLVED_OR_LEMMA,MATRYOSHKA_CORE,21,21,,,every,,,LEXICON_GATE_REPLACED_COMMONWORDS
105,105,113,did,TARGET,SCOWL_DERIVED_EN_US_LEVEL60,HUNSPELL_STEM,PASS,do,IRREGULAR_FORM,MATRYOSHKA_EXTENSION,,5,id,,,,,LEXICON_GATE_REPLACED_COMMONWORDS
106,106,114,need,TARGET,SCOWL_DERIVED_EN_US_LEVEL60,HUNSPELL_STEM,PASS,need,UNRESOLVED_OR_LEMMA,DIRECT_FALLBACK,,,,,,needs,,LEXICON_GATE_REPLACED_COMMONWORDS
107,107,115,right,TARGET,SCOWL_DERIVED_EN_US_LEVEL60,HUNSPELL_STEM,PASS,right,UNRESOLVED_OR_LEMMA,DIRECT_FALLBACK,,,,,,,,LEXICON_GATE_REPLACED_COMMONWORDS
108,108,116,said,TARGET,SCOWL_DERIVED_EN_US_LEVEL60,HUNSPELL_STEM,PASS,say,IRREGULAR_FORM,MATRYOSHKA_EXTENSION,,5,aid,,,,,LEXICON_GATE_REPLACED_COMMONWORDS
109,109,117,too,TARGET,SCOWL_DERIVED_EN_US_LEVEL60,HUNSPELL_STEM,PASS,too,UNRESOLVED_OR_LEMMA,MATRYOSHKA_CORE,3,3,,to,,took,,LEXICON_GATE_REPLACED_COMMONWORDS
110,110,118,years,TARGET,SCOWL_DERIVED_EN_US_LEVEL60,HUNSPELL_SFX,PASS,year,REGULAR_S_FORM,DIRECT_FALLBACK,,,,year,,,,LEXICON_GATE_REPLACED_COMMONWORDS
111,111,119,work,TARGET,SCOWL_DERIVED_EN_US_LEVEL60,HUNSPELL_STEM,PASS,work,UNRESOLVED_OR_LEMMA,DIRECT_FALLBACK,,,,,,works,,LEXICON_GATE_REPLACED_COMMONWORDS
112,112,120,being,TARGET,SCOWL_DERIVED_EN_US_LEVEL60,HUNSPELL_SFX,PASS,be,INFLECTED_FORM,DIRECT_FALLBACK,,,,,,,,LEXICON_GATE_REPLACED_COMMONWORDS
113,113,121,here,TARGET,SCOWL_DERIVED_EN_US_LEVEL60,HUNSPELL_STEM,PASS,here,UNRESOLVED_OR_LEMMA,MATRYOSHKA_CORE,1,1,,her,there;where,,,LEXICON_GATE_REPLACED_COMMONWORDS
114,114,122,before,TARGET,SCOWL_DERIVED_EN_US_LEVEL60,HUNSPELL_STEM,PASS,before,UNRESOLVED_OR_LEMMA,DIRECT_FALLBACK,,,,,,,,LEXICON_GATE_REPLACED_COMMONWORDS
115,115,123,day,TARGET,SCOWL_DERIVED_EN_US_LEVEL60,HUNSPELL_STEM,PASS,day,UNRESOLVED_OR_LEMMA,DIRECT_FALLBACK,,,,,,days,,LEXICON_GATE_REPLACED_COMMONWORDS
116,116,124,really,TARGET,SCOWL_DERIVED_EN_US_LEVEL60,HUNSPELL_SFX,PASS,really,UNRESOLVED_OR_LEMMA,DIRECT_FALLBACK,,,,,,,,LEXICON_GATE_REPLACED_COMMONWORDS
117,117,125,made,TARGET,SCOWL_DERIVED_EN_US_LEVEL60,HUNSPELL_STEM,PASS,make,IRREGULAR_FORM,MATRYOSHKA_EXTENSION,,4,,mad,,,,LEXICON_GATE_REPLACED_COMMONWORDS
118,118,126,many,TARGET,SCOWL_DERIVED_EN_US_LEVEL60,HUNSPELL_STEM,PASS,many,UNRESOLVED_OR_LEMMA,MATRYOSHKA_CORE,4,4,any,man,,,,LEXICON_GATE_REPLACED_COMMONWORDS
119,119,127,world,TARGET,SCOWL_DERIVED_EN_US_LEVEL60,HUNSPELL_STEM,PASS,world,UNRESOLVED_OR_LEMMA,DIRECT_FALLBACK,,,,,,,,LEXICON_GATE_REPLACED_COMMONWORDS
120,120,128,year,TARGET,SCOWL_DERIVED_EN_US_LEVEL60,HUNSPELL_STEM,PASS,year,UNRESOLVED_OR_LEMMA,DIRECT_FALLBACK,,,,,,years,,LEXICON_GATE_REPLACED_COMMONWORDS
121,121,129,going,TARGET,SCOWL_DERIVED_EN_US_LEVEL60,HUNSPELL_SFX,PASS,go,INFLECTED_FORM,DIRECT_FALLBACK,,,,,,,,LEXICON_GATE_REPLACED_COMMONWORDS
122,122,130,off,TARGET,SCOWL_DERIVED_EN_US_LEVEL60,HUNSPELL_STEM,PASS,off,UNRESOLVED_OR_LEMMA,MATRYOSHKA_CORE,2,2,,of,,,,LEXICON_GATE_REPLACED_COMMONWORDS
123,123,131,still,TARGET,SCOWL_DERIVED_EN_US_LEVEL60,HUNSPELL_STEM,PASS,still,UNRESOLVED_OR_LEMMA,DIRECT_FALLBACK,,,,,,,,LEXICON_GATE_REPLACED_COMMONWORDS
124,124,132,take,TARGET,SCOWL_DERIVED_EN_US_LEVEL60,HUNSPELL_STEM,PASS,take,UNRESOLVED_OR_LEMMA,DIRECT_FALLBACK,,,,,,taken,,LEXICON_GATE_REPLACED_COMMONWORDS
125,125,133,those,TARGET,SCOWL_DERIVED_EN_US_LEVEL60,HUNSPELL_STEM,PASS,those,UNRESOLVED_OR_LEMMA,DIRECT_FALLBACK,,,,,,,,LEXICON_GATE_REPLACED_COMMONWORDS
126,126,134,why,TARGET,SCOWL_DERIVED_EN_US_LEVEL60,HUNSPELL_STEM,PASS,why,UNRESOLVED_OR_LEMMA,DIRECT_FALLBACK,,,,,,,,LEXICON_GATE_REPLACED_COMMONWORDS
127,127,135,never,TARGET,SCOWL_DERIVED_EN_US_LEVEL60,HUNSPELL_STEM,PASS,never,UNRESOLVED_OR_LEMMA,MATRYOSHKA_CORE,21,21,ever,,,,,LEXICON_GATE_REPLACED_COMMONWORDS
128,128,136,got,TARGET,SCOWL_DERIVED_EN_US_LEVEL60,HUNSPELL_STEM,PASS,get,IRREGULAR_FORM,MATRYOSHKA_CORE,18,18,,go,,,,LEXICON_GATE_REPLACED_COMMONWORDS
129,129,137,life,TARGET,SCOWL_DERIVED_EN_US_LEVEL60,HUNSPELL_STEM,PASS,life,UNRESOLVED_OR_LEMMA,DIRECT_FALLBACK,,,,,,,,LEXICON_GATE_REPLACED_COMMONWORDS
130,130,138,say,TARGET,SCOWL_DERIVED_EN_US_LEVEL60,HUNSPELL_STEM,PASS,say,UNRESOLVED_OR_LEMMA,DIRECT_FALLBACK,,,,,,says,,LEXICON_GATE_REPLACED_COMMONWORDS
131,131,139,such,TARGET,SCOWL_DERIVED_EN_US_LEVEL60,HUNSPELL_STEM,PASS,such,UNRESOLVED_OR_LEMMA,DIRECT_FALLBACK,,,,,,,,LEXICON_GATE_REPLACED_COMMONWORDS
132,132,140,through,TARGET,SCOWL_DERIVED_EN_US_LEVEL60,HUNSPELL_STEM,PASS,through,UNRESOLVED_OR_LEMMA,DIRECT_FALLBACK,,,,,,,,LEXICON_GATE_REPLACED_COMMONWORDS
133,133,142,down,TARGET,SCOWL_DERIVED_EN_US_LEVEL60,HUNSPELL_STEM,PASS,down,UNRESOLVED_OR_LEMMA,MATRYOSHKA_CORE,22,22,own,,,,,LEXICON_GATE_REPLACED_COMMONWORDS
134,134,144,great,TARGET,SCOWL_DERIVED_EN_US_LEVEL60,HUNSPELL_STEM,PASS,great,UNRESOLVED_OR_LEMMA,DIRECT_FALLBACK,,,,,,,,LEXICON_GATE_REPLACED_COMMONWORDS
135,135,145,last,TARGET,SCOWL_DERIVED_EN_US_LEVEL60,HUNSPELL_STEM,PASS,last,UNRESOLVED_OR_LEMMA,DIRECT_FALLBACK,,,,,,,,LEXICON_GATE_REPLACED_COMMONWORDS
136,136,146,man,TARGET,SCOWL_DERIVED_EN_US_LEVEL60,HUNSPELL_STEM,PASS,man,UNRESOLVED_OR_LEMMA,MATRYOSHKA_CORE,4,4,an,ma,,many,,LEXICON_GATE_REPLACED_COMMONWORDS
137,137,147,while,TARGET,SCOWL_DERIVED_EN_US_LEVEL60,HUNSPELL_STEM,PASS,while,UNRESOLVED_OR_LEMMA,DIRECT_FALLBACK,,,,,,,,LEXICON_GATE_REPLACED_COMMONWORDS
138,138,148,use,TARGET,SCOWL_DERIVED_EN_US_LEVEL60,HUNSPELL_STEM,PASS,use,UNRESOLVED_OR_LEMMA,MATRYOSHKA_CORE,19,19,,us,,used,,LEXICON_GATE_REPLACED_COMMONWORDS
139,139,149,between,TARGET,SCOWL_DERIVED_EN_US_LEVEL60,HUNSPELL_STEM,PASS,between,UNRESOLVED_OR_LEMMA,DIRECT_FALLBACK,,,,,,,,LEXICON_GATE_REPLACED_COMMONWORDS
140,140,150,used,TARGET,SCOWL_DERIVED_EN_US_LEVEL60,HUNSPELL_SFX,PASS,use,FORM_AND_LEMMA,DIRECT_FALLBACK,,,,use,,,,LEXICON_GATE_REPLACED_COMMONWORDS
141,141,151,long,TARGET,SCOWL_DERIVED_EN_US_LEVEL60,HUNSPELL_STEM,PASS,long,UNRESOLVED_OR_LEMMA,MATRYOSHKA_CORE,23,23,,,along,,,LEXICON_GATE_REPLACED_COMMONWORDS
142,142,152,same,TARGET,SCOWL_DERIVED_EN_US_LEVEL60,HUNSPELL_STEM,PASS,same,UNRESOLVED_OR_LEMMA,DIRECT_FALLBACK,,,,,,,,LEXICON_GATE_REPLACED_COMMONWORDS
143,143,154,three,TARGET,SCOWL_DERIVED_EN_US_LEVEL60,HUNSPELL_STEM,PASS,three,UNRESOLVED_OR_LEMMA,DIRECT_FALLBACK,,,,,,,,LEXICON_GATE_REPLACED_COMMONWORDS
144,144,155,both,TARGET,SCOWL_DERIVED_EN_US_LEVEL60,HUNSPELL_STEM,PASS,both,UNRESOLVED_OR_LEMMA,DIRECT_FALLBACK,,,,,,,,LEXICON_GATE_REPLACED_COMMONWORDS
145,145,157,part,TARGET,SCOWL_DERIVED_EN_US_LEVEL60,HUNSPELL_STEM,PASS,part,UNRESOLVED_OR_LEMMA,MATRYOSHKA_CORE,24,24,art,,,party,,LEXICON_GATE_REPLACED_COMMONWORDS
146,146,158,something,TARGET,SCOWL_DERIVED_EN_US_LEVEL60,HUNSPELL_STEM,PASS,something,UNRESOLVED_OR_LEMMA,DIRECT_FALLBACK,,,,,,,,LEXICON_GATE_REPLACED_COMMONWORDS
147,147,159,am,TARGET,SCOWL_DERIVED_EN_US_LEVEL60,HUNSPELL_STEM,PASS,be,IRREGULAR_FORM,MATRYOSHKA_CORE,4,4,,a,,,,LEXICON_GATE_REPLACED_COMMONWORDS
148,148,160,best,TARGET,SCOWL_DERIVED_EN_US_LEVEL60,HUNSPELL_SFX,PASS,good,SUPPLETIVE_DEGREE,DIRECT_FALLBACK,,,,,,,,LEXICON_GATE_REPLACED_COMMONWORDS
149,149,161,come,TARGET,SCOWL_DERIVED_EN_US_LEVEL60,HUNSPELL_STEM,PASS,come,UNRESOLVED_OR_LEMMA,DIRECT_FALLBACK,,,,,,comes,,LEXICON_GATE_REPLACED_COMMONWORDS
150,150,162,love,TARGET,SCOWL_DERIVED_EN_US_LEVEL60,HUNSPELL_STEM,PASS,love,UNRESOLVED_OR_LEMMA,DIRECT_FALLBACK,,,,,,,,LEXICON_GATE_REPLACED_COMMONWORDS
151,151,163,under,TARGET,SCOWL_DERIVED_EN_US_LEVEL60,HUNSPELL_STEM,PASS,under,UNRESOLVED_OR_LEMMA,DIRECT_FALLBACK,,,,,,,,LEXICON_GATE_REPLACED_COMMONWORDS
152,152,164,look,TARGET,SCOWL_DERIVED_EN_US_LEVEL60,HUNSPELL_STEM,PASS,look,UNRESOLVED_OR_LEMMA,DIRECT_FALLBACK,,,,,,looks,,LEXICON_GATE_REPLACED_COMMONWORDS
153,153,165,since,TARGET,SCOWL_DERIVED_EN_US_LEVEL60,HUNSPELL_STEM,PASS,since,UNRESOLVED_OR_LEMMA,DIRECT_FALLBACK,,,,,,,,LEXICON_GATE_REPLACED_COMMONWORDS
154,154,167,does,TARGET,SCOWL_DERIVED_EN_US_LEVEL60,HUNSPELL_SFX,PASS,do,IRREGULAR_FORM,DIRECT_FALLBACK,,,,,,,,LEXICON_GATE_REPLACED_COMMONWORDS
155,155,168,every,TARGET,SCOWL_DERIVED_EN_US_LEVEL60,HUNSPELL_STEM,PASS,every,UNRESOLVED_OR_LEMMA,MATRYOSHKA_CORE,21,21,very,ever,,,,LEXICON_GATE_REPLACED_COMMONWORDS
156,156,169,must,TARGET,SCOWL_DERIVED_EN_US_LEVEL60,HUNSPELL_STEM,PASS,must,UNRESOLVED_OR_LEMMA,DIRECT_FALLBACK,,,,,,,,LEXICON_GATE_REPLACED_COMMONWORDS
157,157,170,always,TARGET,SCOWL_DERIVED_EN_US_LEVEL60,HUNSPELL_STEM,PASS,always,UNRESOLVED_OR_LEMMA,DIRECT_FALLBACK,,,,,,,,LEXICON_GATE_REPLACED_COMMONWORDS
158,158,171,better,TARGET,SCOWL_DERIVED_EN_US_LEVEL60,HUNSPELL_STEM,PASS,good,SUPPLETIVE_DEGREE,DIRECT_FALLBACK,,,,,,,,LEXICON_GATE_REPLACED_COMMONWORDS
159,159,172,little,TARGET,SCOWL_DERIVED_EN_US_LEVEL60,HUNSPELL_STEM,PASS,little,UNRESOLVED_OR_LEMMA,DIRECT_FALLBACK,,,,,,,,LEXICON_GATE_REPLACED_COMMONWORDS
160,160,173,old,TARGET,SCOWL_DERIVED_EN_US_LEVEL60,HUNSPELL_STEM,PASS,old,UNRESOLVED_OR_LEMMA,MATRYOSHKA_CORE,25,25,,,told,,,LEXICON_GATE_REPLACED_COMMONWORDS
161,161,174,another,TARGET,SCOWL_DERIVED_EN_US_LEVEL60,HUNSPELL_STEM,PASS,another,UNRESOLVED_OR_LEMMA,DIRECT_FALLBACK,,,,,,,,LEXICON_GATE_REPLACED_COMMONWORDS
162,162,175,during,TARGET,SCOWL_DERIVED_EN_US_LEVEL60,HUNSPELL_STEM,PASS,during,UNRESOLVED_OR_LEMMA,DIRECT_FALLBACK,,,,,,,,LEXICON_GATE_REPLACED_COMMONWORDS
163,163,176,find,TARGET,SCOWL_DERIVED_EN_US_LEVEL60,HUNSPELL_STEM,PASS,find,UNRESOLVED_OR_LEMMA,DIRECT_FALLBACK,,,,,,,,LEXICON_GATE_REPLACED_COMMONWORDS
164,164,177,high,TARGET,SCOWL_DERIVED_EN_US_LEVEL60,HUNSPELL_STEM,PASS,high,UNRESOLVED_OR_LEMMA,DIRECT_FALLBACK,,,,,,,,LEXICON_GATE_REPLACED_COMMONWORDS
165,165,178,home,TARGET,SCOWL_DERIVED_EN_US_LEVEL60,HUNSPELL_STEM,PASS,home,UNRESOLVED_OR_LEMMA,DIRECT_FALLBACK,,,,,,,,LEXICON_GATE_REPLACED_COMMONWORDS
166,166,179,place,TARGET,SCOWL_DERIVED_EN_US_LEVEL60,HUNSPELL_STEM,PASS,place,UNRESOLVED_OR_LEMMA,DIRECT_FALLBACK,,,,,,,,LEXICON_GATE_REPLACED_COMMONWORDS
167,167,181,around,TARGET,SCOWL_DERIVED_EN_US_LEVEL60,HUNSPELL_STEM,PASS,around,UNRESOLVED_OR_LEMMA,DIRECT_FALLBACK,,,,,,,,LEXICON_GATE_REPLACED_COMMONWORDS
168,168,182,own,TARGET,SCOWL_DERIVED_EN_US_LEVEL60,HUNSPELL_STEM,PASS,own,UNRESOLVED_OR_LEMMA,MATRYOSHKA_CORE,22,22,,,down,,,LEXICON_GATE_REPLACED_COMMONWORDS
169,169,183,state,TARGET,SCOWL_DERIVED_EN_US_LEVEL60,HUNSPELL_STEM,PASS,state,UNRESOLVED_OR_LEMMA,DIRECT_FALLBACK,,,,,,states,,LEXICON_GATE_REPLACED_COMMONWORDS
170,170,184,each,TARGET,SCOWL_DERIVED_EN_US_LEVEL60,HUNSPELL_STEM,PASS,each,UNRESOLVED_OR_LEMMA,DIRECT_FALLBACK,,,,,,,,LEXICON_GATE_REPLACED_COMMONWORDS
171,171,185,give,TARGET,SCOWL_DERIVED_EN_US_LEVEL60,HUNSPELL_SFX,PASS,give,UNRESOLVED_OR_LEMMA,DIRECT_FALLBACK,,,,,,given,,LEXICON_GATE_REPLACED_COMMONWORDS
172,172,186,help,TARGET,SCOWL_DERIVED_EN_US_LEVEL60,HUNSPELL_STEM,PASS,help,UNRESOLVED_OR_LEMMA,DIRECT_FALLBACK,,,,,,,,LEXICON_GATE_REPLACED_COMMONWORDS
173,174,188,things,TARGET,SCOWL_DERIVED_EN_US_LEVEL60,HUNSPELL_SFX,PASS,thing,REGULAR_S_FORM,DIRECT_FALLBACK,,,,thing,,,,LEXICON_GATE_REPLACED_COMMONWORDS
174,175,189,again,TARGET,SCOWL_DERIVED_EN_US_LEVEL60,HUNSPELL_STEM,PASS,again,UNRESOLVED_OR_LEMMA,DIRECT_FALLBACK,,,,,,,,LEXICON_GATE_REPLACED_COMMONWORDS
175,176,190,against,TARGET,SCOWL_DERIVED_EN_US_LEVEL60,HUNSPELL_STEM,PASS,against,UNRESOLVED_OR_LEMMA,DIRECT_FALLBACK,,,,,,,,LEXICON_GATE_REPLACED_COMMONWORDS
176,177,191,found,TARGET,SCOWL_DERIVED_EN_US_LEVEL60,HUNSPELL_STEM,PASS,find,FORM_AND_LEMMA,DIRECT_FALLBACK,,,,,,,,LEXICON_GATE_REPLACED_COMMONWORDS
177,178,192,game,TARGET,SCOWL_DERIVED_EN_US_LEVEL60,HUNSPELL_STEM,PASS,game,UNRESOLVED_OR_LEMMA,DIRECT_FALLBACK,,,,,,games,,LEXICON_GATE_REPLACED_COMMONWORDS
178,179,194,school,TARGET,SCOWL_DERIVED_EN_US_LEVEL60,HUNSPELL_STEM,PASS,school,UNRESOLVED_OR_LEMMA,DIRECT_FALLBACK,,,,,,,,LEXICON_GATE_REPLACED_COMMONWORDS
179,180,195,without,TARGET,SCOWL_DERIVED_EN_US_LEVEL60,HUNSPELL_STEM,PASS,without,UNRESOLVED_OR_LEMMA,DIRECT_FALLBACK,,,,,,,,LEXICON_GATE_REPLACED_COMMONWORDS
180,181,196,end,TARGET,SCOWL_DERIVED_EN_US_LEVEL60,HUNSPELL_STEM,PASS,end,UNRESOLVED_OR_LEMMA,DIRECT_FALLBACK,,,,,,,,LEXICON_GATE_REPLACED_COMMONWORDS
181,182,197,thing,TARGET,SCOWL_DERIVED_EN_US_LEVEL60,HUNSPELL_SFX,PASS,thing,UNRESOLVED_OR_LEMMA,DIRECT_FALLBACK,,,,,,things,,LEXICON_GATE_REPLACED_COMMONWORDS
182,183,198,government,TARGET,SCOWL_DERIVED_EN_US_LEVEL60,HUNSPELL_SFX,PASS,government,UNRESOLVED_OR_LEMMA,DIRECT_FALLBACK,,,,,,,,LEXICON_GATE_REPLACED_COMMONWORDS
183,184,199,house,TARGET,SCOWL_DERIVED_EN_US_LEVEL60,HUNSPELL_STEM,PASS,house,UNRESOLVED_OR_LEMMA,DIRECT_FALLBACK,,,,,,,,LEXICON_GATE_REPLACED_COMMONWORDS
184,185,200,next,TARGET,SCOWL_DERIVED_EN_US_LEVEL60,HUNSPELL_STEM,PASS,next,UNRESOLVED_OR_LEMMA,DIRECT_FALLBACK,,,,,,,,LEXICON_GATE_REPLACED_COMMONWORDS
185,186,201,please,TARGET,SCOWL_DERIVED_EN_US_LEVEL60,HUNSPELL_STEM,PASS,please,UNRESOLVED_OR_LEMMA,DIRECT_FALLBACK,,,,,,,,LEXICON_GATE_REPLACED_COMMONWORDS
186,187,202,god,TARGET,SCOWL_DERIVED_EN_US_LEVEL60,HUNSPELL_STEM,PASS,god,UNRESOLVED_OR_LEMMA,MATRYOSHKA_CORE,18,18,,go,,,,LEXICON_GATE_REPLACED_COMMONWORDS
187,188,203,ever,TARGET,SCOWL_DERIVED_EN_US_LEVEL60,HUNSPELL_STEM,PASS,ever,UNRESOLVED_OR_LEMMA,MATRYOSHKA_CORE,21,21,,,never,every,,LEXICON_GATE_REPLACED_COMMONWORDS
188,189,204,family,TARGET,SCOWL_DERIVED_EN_US_LEVEL60,HUNSPELL_STEM,PASS,family,UNRESOLVED_OR_LEMMA,DIRECT_FALLBACK,,,,,,,,LEXICON_GATE_REPLACED_COMMONWORDS
189,190,205,feel,TARGET,SCOWL_DERIVED_EN_US_LEVEL60,HUNSPELL_STEM,PASS,feel,UNRESOLVED_OR_LEMMA,DIRECT_FALLBACK,,,,,,,,LEXICON_GATE_REPLACED_COMMONWORDS
190,191,206,might,TARGET,SCOWL_DERIVED_EN_US_LEVEL60,HUNSPELL_STEM,PASS,might,UNRESOLVED_OR_LEMMA,DIRECT_FALLBACK,,,,,,,,LEXICON_GATE_REPLACED_COMMONWORDS
191,192,207,put,TARGET,SCOWL_DERIVED_EN_US_LEVEL60,HUNSPELL_STEM,PASS,put,UNRESOLVED_OR_LEMMA,DIRECT_FALLBACK,,,,,,,,LEXICON_GATE_REPLACED_COMMONWORDS
192,193,208,however,TARGET,SCOWL_DERIVED_EN_US_LEVEL60,HUNSPELL_STEM,PASS,however,UNRESOLVED_OR_LEMMA,DIRECT_FALLBACK,,,,,,,,LEXICON_GATE_REPLACED_COMMONWORDS
193,194,209,name,TARGET,SCOWL_DERIVED_EN_US_LEVEL60,HUNSPELL_STEM,PASS,name,UNRESOLVED_OR_LEMMA,DIRECT_FALLBACK,,,,,,,,LEXICON_GATE_REPLACED_COMMONWORDS
194,195,210,number,TARGET,SCOWL_DERIVED_EN_US_LEVEL60,HUNSPELL_SFX,PASS,number,UNRESOLVED_OR_LEMMA,DIRECT_FALLBACK,,,,,,,,LEXICON_GATE_REPLACED_COMMONWORDS
195,196,211,second,TARGET,SCOWL_DERIVED_EN_US_LEVEL60,HUNSPELL_STEM,PASS,second,UNRESOLVED_OR_LEMMA,DIRECT_FALLBACK,,,,,,,,LEXICON_GATE_REPLACED_COMMONWORDS
196,197,212,show,TARGET,SCOWL_DERIVED_EN_US_LEVEL60,HUNSPELL_STEM,PASS,show,UNRESOLVED_OR_LEMMA,MATRYOSHKA_CORE,15,15,how,,,,,LEXICON_GATE_REPLACED_COMMONWORDS
197,198,214,left,TARGET,SCOWL_DERIVED_EN_US_LEVEL60,HUNSPELL_STEM,PASS,leave,FORM_AND_LEMMA,DIRECT_FALLBACK,,,,,,,,LEXICON_GATE_REPLACED_COMMONWORDS
198,199,215,big,TARGET,SCOWL_DERIVED_EN_US_LEVEL60,HUNSPELL_STEM,PASS,big,UNRESOLVED_OR_LEMMA,DIRECT_FALLBACK,,,,,,,,LEXICON_GATE_REPLACED_COMMONWORDS
199,200,217,keep,TARGET,SCOWL_DERIVED_EN_US_LEVEL60,HUNSPELL_STEM,PASS,keep,UNRESOLVED_OR_LEMMA,DIRECT_FALLBACK,,,,,,,,LEXICON_GATE_REPLACED_COMMONWORDS
200,201,218,night,TARGET,SCOWL_DERIVED_EN_US_LEVEL60,HUNSPELL_STEM,PASS,night,UNRESOLVED_OR_LEMMA,DIRECT_FALLBACK,,,,,,,,LEXICON_GATE_REPLACED_COMMONWORDS
201,202,219,sure,TARGET,SCOWL_DERIVED_EN_US_LEVEL60,HUNSPELL_STEM,PASS,sure,UNRESOLVED_OR_LEMMA,DIRECT_FALLBACK,,,,,,,,LEXICON_GATE_REPLACED_COMMONWORDS
202,203,221,set,TARGET,SCOWL_DERIVED_EN_US_LEVEL60,HUNSPELL_STEM,PASS,set,UNRESOLVED_OR_LEMMA,DIRECT_FALLBACK,,,,,,,,LEXICON_GATE_REPLACED_COMMONWORDS
203,204,222,team,TARGET,SCOWL_DERIVED_EN_US_LEVEL60,HUNSPELL_STEM,PASS,team,UNRESOLVED_OR_LEMMA,DIRECT_FALLBACK,,,,,,,,LEXICON_GATE_REPLACED_COMMONWORDS
204,205,223,until,TARGET,SCOWL_DERIVED_EN_US_LEVEL60,HUNSPELL_STEM,PASS,until,UNRESOLVED_OR_LEMMA,DIRECT_FALLBACK,,,,,,,,LEXICON_GATE_REPLACED_COMMONWORDS
205,206,224,away,TARGET,SCOWL_DERIVED_EN_US_LEVEL60,HUNSPELL_STEM,PASS,away,UNRESOLVED_OR_LEMMA,MATRYOSHKA_CORE,20,20,way,,,,,LEXICON_GATE_REPLACED_COMMONWORDS
206,207,225,called,TARGET,SCOWL_DERIVED_EN_US_LEVEL60,HUNSPELL_SFX,PASS,call,INFLECTED_FORM,DIRECT_FALLBACK,,,,,,,,LEXICON_GATE_REPLACED_COMMONWORDS
207,208,226,case,TARGET,SCOWL_DERIVED_EN_US_LEVEL60,HUNSPELL_STEM,PASS,case,UNRESOLVED_OR_LEMMA,DIRECT_FALLBACK,,,,,,,,LEXICON_GATE_REPLACED_COMMONWORDS
208,209,227,days,TARGET,SCOWL_DERIVED_EN_US_LEVEL60,HUNSPELL_SFX,PASS,day,REGULAR_S_FORM,DIRECT_FALLBACK,,,,day,,,,LEXICON_GATE_REPLACED_COMMONWORDS
209,210,228,different,TARGET,SCOWL_DERIVED_EN_US_LEVEL60,HUNSPELL_STEM,PASS,different,UNRESOLVED_OR_LEMMA,DIRECT_FALLBACK,,,,,,,,LEXICON_GATE_REPLACED_COMMONWORDS
210,211,229,group,TARGET,SCOWL_DERIVED_EN_US_LEVEL60,HUNSPELL_STEM,PASS,group,UNRESOLVED_OR_LEMMA,DIRECT_FALLBACK,,,,,,,,LEXICON_GATE_REPLACED_COMMONWORDS
211,212,230,money,TARGET,SCOWL_DERIVED_EN_US_LEVEL60,HUNSPELL_STEM,PASS,money,UNRESOLVED_OR_LEMMA,DIRECT_FALLBACK,,,,,,,,LEXICON_GATE_REPLACED_COMMONWORDS
212,213,231,let,TARGET,SCOWL_DERIVED_EN_US_LEVEL60,HUNSPELL_STEM,PASS,let,UNRESOLVED_OR_LEMMA,DIRECT_FALLBACK,,,,,,,,LEXICON_GATE_REPLACED_COMMONWORDS
213,214,232,someone,TARGET,SCOWL_DERIVED_EN_US_LEVEL60,HUNSPELL_STEM,PASS,someone,UNRESOLVED_OR_LEMMA,DIRECT_FALLBACK,,,,,,,,LEXICON_GATE_REPLACED_COMMONWORDS
214,215,233,thought,TARGET,SCOWL_DERIVED_EN_US_LEVEL60,HUNSPELL_STEM,PASS,think,FORM_AND_LEMMA,MATRYOSHKA_CORE,26,26,,though,,,,LEXICON_GATE_REPLACED_COMMONWORDS
215,216,234,already,TARGET,SCOWL_DERIVED_EN_US_LEVEL60,HUNSPELL_STEM,PASS,already,UNRESOLVED_OR_LEMMA,DIRECT_FALLBACK,,,,,,,,LEXICON_GATE_REPLACED_COMMONWORDS
216,217,235,city,TARGET,SCOWL_DERIVED_EN_US_LEVEL60,HUNSPELL_STEM,PASS,city,UNRESOLVED_OR_LEMMA,DIRECT_FALLBACK,,,,,,,,LEXICON_GATE_REPLACED_COMMONWORDS
217,219,237,play,TARGET,SCOWL_DERIVED_EN_US_LEVEL60,HUNSPELL_STEM,PASS,play,UNRESOLVED_OR_LEMMA,DIRECT_FALLBACK,,,,,,,,LEXICON_GATE_REPLACED_COMMONWORDS
218,220,238,public,TARGET,SCOWL_DERIVED_EN_US_LEVEL60,HUNSPELL_STEM,PASS,public,UNRESOLVED_OR_LEMMA,DIRECT_FALLBACK,,,,,,,,LEXICON_GATE_REPLACED_COMMONWORDS
219,221,239,system,TARGET,SCOWL_DERIVED_EN_US_LEVEL60,HUNSPELL_STEM,PASS,system,UNRESOLVED_OR_LEMMA,DIRECT_FALLBACK,,,,,,,,LEXICON_GATE_REPLACED_COMMONWORDS
220,222,240,doing,TARGET,SCOWL_DERIVED_EN_US_LEVEL60,HUNSPELL_SFX,PASS,do,INFLECTED_FORM,DIRECT_FALLBACK,,,,,,,,LEXICON_GATE_REPLACED_COMMONWORDS
221,223,241,done,TARGET,SCOWL_DERIVED_EN_US_LEVEL60,HUNSPELL_STEM,PASS,do,IRREGULAR_FORM,MATRYOSHKA_CORE,9,9,one,don,,,,LEXICON_GATE_REPLACED_COMMONWORDS
222,224,242,few,TARGET,SCOWL_DERIVED_EN_US_LEVEL60,HUNSPELL_STEM,PASS,few,UNRESOLVED_OR_LEMMA,DIRECT_FALLBACK,,,,,,,,LEXICON_GATE_REPLACED_COMMONWORDS
223,225,243,national,TARGET,SCOWL_DERIVED_EN_US_LEVEL60,HUNSPELL_STEM,PASS,national,UNRESOLVED_OR_LEMMA,DIRECT_FALLBACK,,,,,,,,LEXICON_GATE_REPLACED_COMMONWORDS
224,226,244,real,TARGET,SCOWL_DERIVED_EN_US_LEVEL60,HUNSPELL_STEM,PASS,real,UNRESOLVED_OR_LEMMA,DIRECT_FALLBACK,,,,,,,,LEXICON_GATE_REPLACED_COMMONWORDS
225,227,245,free,TARGET,SCOWL_DERIVED_EN_US_LEVEL60,HUNSPELL_STEM,PASS,free,UNRESOLVED_OR_LEMMA,DIRECT_FALLBACK,,,,,,,,LEXICON_GATE_REPLACED_COMMONWORDS
226,228,246,having,TARGET,SCOWL_DERIVED_EN_US_LEVEL60,HUNSPELL_SFX,PASS,have,INFLECTED_FORM,DIRECT_FALLBACK,,,,,,,,LEXICON_GATE_REPLACED_COMMONWORDS
227,229,247,person,TARGET,SCOWL_DERIVED_EN_US_LEVEL60,HUNSPELL_STEM,PASS,person,UNRESOLVED_OR_LEMMA,DIRECT_FALLBACK,,,,,,,,LEXICON_GATE_REPLACED_COMMONWORDS
228,230,248,change,TARGET,SCOWL_DERIVED_EN_US_LEVEL60,HUNSPELL_STEM,PASS,change,UNRESOLVED_OR_LEMMA,DIRECT_FALLBACK,,,,,,,,LEXICON_GATE_REPLACED_COMMONWORDS
229,232,250,general,TARGET,SCOWL_DERIVED_EN_US_LEVEL60,HUNSPELL_STEM,PASS,general,UNRESOLVED_OR_LEMMA,DIRECT_FALLBACK,,,,,,,,LEXICON_GATE_REPLACED_COMMONWORDS
230,233,251,lot,TARGET,SCOWL_DERIVED_EN_US_LEVEL60,HUNSPELL_STEM,PASS,lot,UNRESOLVED_OR_LEMMA,DIRECT_FALLBACK,,,,,,,,LEXICON_GATE_REPLACED_COMMONWORDS
231,234,252,point,TARGET,SCOWL_DERIVED_EN_US_LEVEL60,HUNSPELL_STEM,PASS,point,UNRESOLVED_OR_LEMMA,DIRECT_FALLBACK,,,,,,,,LEXICON_GATE_REPLACED_COMMONWORDS
232,235,253,times,TARGET,SCOWL_DERIVED_EN_US_LEVEL60,HUNSPELL_SFX,PASS,time,REGULAR_S_FORM,DIRECT_FALLBACK,,,,time,,,,LEXICON_GATE_REPLACED_COMMONWORDS
233,236,254,women,TARGET,SCOWL_DERIVED_EN_US_LEVEL60,HUNSPELL_STEM,PASS,woman,IRREGULAR_PLURAL,DIRECT_FALLBACK,,,,,,,,LEXICON_GATE_REPLACED_COMMONWORDS
234,237,255,yet,TARGET,SCOWL_DERIVED_EN_US_LEVEL60,HUNSPELL_STEM,PASS,yet,UNRESOLVED_OR_LEMMA,DIRECT_FALLBACK,,,,,,,,LEXICON_GATE_REPLACED_COMMONWORDS
235,238,257,anything,TARGET,SCOWL_DERIVED_EN_US_LEVEL60,HUNSPELL_STEM,PASS,anything,UNRESOLVED_OR_LEMMA,DIRECT_FALLBACK,,,,,,,,LEXICON_GATE_REPLACED_COMMONWORDS
236,239,258,care,TARGET,SCOWL_DERIVED_EN_US_LEVEL60,HUNSPELL_STEM,PASS,care,UNRESOLVED_OR_LEMMA,MATRYOSHKA_CORE,11,11,are,car,,,,LEXICON_GATE_REPLACED_COMMONWORDS
237,241,260,four,TARGET,SCOWL_DERIVED_EN_US_LEVEL60,HUNSPELL_STEM,PASS,four,UNRESOLVED_OR_LEMMA,MATRYOSHKA_CORE,8,8,our,,,,,LEXICON_GATE_REPLACED_COMMONWORDS
238,242,261,including,TARGET,SCOWL_DERIVED_EN_US_LEVEL60,HUNSPELL_SFX,PASS,include,INFLECTED_FORM,DIRECT_FALLBACK,,,,,,,,LEXICON_GATE_REPLACED_COMMONWORDS
239,243,262,nothing,TARGET,SCOWL_DERIVED_EN_US_LEVEL60,HUNSPELL_STEM,PASS,nothing,UNRESOLVED_OR_LEMMA,DIRECT_FALLBACK,,,,,,,,LEXICON_GATE_REPLACED_COMMONWORDS
240,244,263,today,TARGET,SCOWL_DERIVED_EN_US_LEVEL60,HUNSPELL_STEM,PASS,today,UNRESOLVED_OR_LEMMA,DIRECT_FALLBACK,,,,,,,,LEXICON_GATE_REPLACED_COMMONWORDS
241,245,264,water,TARGET,SCOWL_DERIVED_EN_US_LEVEL60,HUNSPELL_STEM,PASS,water,UNRESOLVED_OR_LEMMA,DIRECT_FALLBACK,,,,,,,,LEXICON_GATE_REPLACED_COMMONWORDS
242,246,265,bad,TARGET,SCOWL_DERIVED_EN_US_LEVEL60,HUNSPELL_STEM,PASS,bad,UNRESOLVED_OR_LEMMA,MATRYOSHKA_CORE,4,4,ad,,,,,LEXICON_GATE_REPLACED_COMMONWORDS
243,247,266,business,TARGET,SCOWL_DERIVED_EN_US_LEVEL60,HUNSPELL_STEM,PASS,business,UNRESOLVED_OR_LEMMA,DIRECT_FALLBACK,,,,,,,,LEXICON_GATE_REPLACED_COMMONWORDS
244,248,267,children,TARGET,SCOWL_DERIVED_EN_US_LEVEL60,HUNSPELL_STEM,PASS,child,IRREGULAR_PLURAL,DIRECT_FALLBACK,,,,,,,,LEXICON_GATE_REPLACED_COMMONWORDS
245,249,268,company,TARGET,SCOWL_DERIVED_EN_US_LEVEL60,HUNSPELL_STEM,PASS,company,UNRESOLVED_OR_LEMMA,DIRECT_FALLBACK,,,,,,,,LEXICON_GATE_REPLACED_COMMONWORDS
246,250,269,everything,TARGET,SCOWL_DERIVED_EN_US_LEVEL60,HUNSPELL_STEM,PASS,everything,UNRESOLVED_OR_LEMMA,DIRECT_FALLBACK,,,,,,,,LEXICON_GATE_REPLACED_COMMONWORDS
247,251,270,live,TARGET,SCOWL_DERIVED_EN_US_LEVEL60,HUNSPELL_STEM,PASS,live,UNRESOLVED_OR_LEMMA,DIRECT_FALLBACK,,,,,,,,LEXICON_GATE_REPLACED_COMMONWORDS
248,252,271,mean,TARGET,SCOWL_DERIVED_EN_US_LEVEL60,HUNSPELL_STEM,PASS,mean,UNRESOLVED_OR_LEMMA,DIRECT_FALLBACK,,,,,,means,,LEXICON_GATE_REPLACED_COMMONWORDS
249,253,272,once,TARGET,SCOWL_DERIVED_EN_US_LEVEL60,HUNSPELL_STEM,PASS,once,UNRESOLVED_OR_LEMMA,DIRECT_FALLBACK,,,,,,,,LEXICON_GATE_REPLACED_COMMONWORDS
250,254,273,power,TARGET,SCOWL_DERIVED_EN_US_LEVEL60,HUNSPELL_STEM,PASS,power,UNRESOLVED_OR_LEMMA,DIRECT_FALLBACK,,,,,,,,LEXICON_GATE_REPLACED_COMMONWORDS
251,255,274,thanks,TARGET,SCOWL_DERIVED_EN_US_LEVEL60,HUNSPELL_SFX,PASS,thank,FORM_AND_LEMMA,DIRECT_FALLBACK,,,,thank,,,,LEXICON_GATE_REPLACED_COMMONWORDS
252,256,275,told,TARGET,SCOWL_DERIVED_EN_US_LEVEL60,HUNSPELL_STEM,PASS,tell,IRREGULAR_FORM,MATRYOSHKA_CORE,25,25,old,,,,,LEXICON_GATE_REPLACED_COMMONWORDS
253,257,276,came,TARGET,SCOWL_DERIVED_EN_US_LEVEL60,HUNSPELL_STEM,PASS,come,IRREGULAR_FORM,DIRECT_FALLBACK,,,,,,,,LEXICON_GATE_REPLACED_COMMONWORDS
254,258,277,country,TARGET,SCOWL_DERIVED_EN_US_LEVEL60,HUNSPELL_STEM,PASS,country,UNRESOLVED_OR_LEMMA,DIRECT_FALLBACK,,,,,,,,LEXICON_GATE_REPLACED_COMMONWORDS
255,259,278,enough,TARGET,SCOWL_DERIVED_EN_US_LEVEL60,HUNSPELL_STEM,PASS,enough,UNRESOLVED_OR_LEMMA,DIRECT_FALLBACK,,,,,,,,LEXICON_GATE_REPLACED_COMMONWORDS
256,260,279,following,TARGET,SCOWL_DERIVED_EN_US_LEVEL60,HUNSPELL_SFX,PASS,follow,FORM_AND_LEMMA,DIRECT_FALLBACK,,,,,,,,LEXICON_GATE_REPLACED_COMMONWORDS
257,261,280,getting,TARGET,SCOWL_DERIVED_EN_US_LEVEL60,HUNSPELL_STEM,PASS,get,INFLECTED_FORM,DIRECT_FALLBACK,,,,,,,,LEXICON_GATE_REPLACED_COMMONWORDS
258,262,281,head,TARGET,SCOWL_DERIVED_EN_US_LEVEL60,HUNSPELL_STEM,PASS,head,UNRESOLVED_OR_LEMMA,DIRECT_FALLBACK,,,,,,,,LEXICON_GATE_REPLACED_COMMONWORDS
259,263,282,later,TARGET,SCOWL_DERIVED_EN_US_LEVEL60,HUNSPELL_SFX,PASS,late,FORM_AND_LEMMA,DIRECT_FALLBACK,,,,late,,,,LEXICON_GATE_REPLACED_COMMONWORDS
260,264,283,looking,TARGET,SCOWL_DERIVED_EN_US_LEVEL60,HUNSPELL_SFX,PASS,look,INFLECTED_FORM,DIRECT_FALLBACK,,,,,,,,LEXICON_GATE_REPLACED_COMMONWORDS
261,265,284,seen,TARGET,SCOWL_DERIVED_EN_US_LEVEL60,HUNSPELL_STEM,PASS,see,IRREGULAR_FORM,DIRECT_FALLBACK,,,,see,,,,LEXICON_GATE_REPLACED_COMMONWORDS
262,266,285,small,TARGET,SCOWL_DERIVED_EN_US_LEVEL60,HUNSPELL_STEM,PASS,small,UNRESOLVED_OR_LEMMA,MATRYOSHKA_CORE,13,13,mall,,,,,LEXICON_GATE_REPLACED_COMMONWORDS
263,267,286,start,TARGET,SCOWL_DERIVED_EN_US_LEVEL60,HUNSPELL_STEM,PASS,start,UNRESOLVED_OR_LEMMA,DIRECT_FALLBACK,,,,,,,,LEXICON_GATE_REPLACED_COMMONWORDS
264,268,287,tell,TARGET,SCOWL_DERIVED_EN_US_LEVEL60,HUNSPELL_STEM,PASS,tell,UNRESOLVED_OR_LEMMA,DIRECT_FALLBACK,,,,,,,,LEXICON_GATE_REPLACED_COMMONWORDS
265,269,288,took,TARGET,SCOWL_DERIVED_EN_US_LEVEL60,HUNSPELL_STEM,PASS,take,IRREGULAR_FORM,MATRYOSHKA_CORE,3,3,,too,,,,LEXICON_GATE_REPLACED_COMMONWORDS
266,270,289,top,TARGET,SCOWL_DERIVED_EN_US_LEVEL60,HUNSPELL_STEM,PASS,top,UNRESOLVED_OR_LEMMA,MATRYOSHKA_CORE,3,3,,to,stop,,,LEXICON_GATE_REPLACED_COMMONWORDS
267,271,290,went,TARGET,SCOWL_DERIVED_EN_US_LEVEL60,HUNSPELL_STEM,PASS,go,IRREGULAR_FORM,DIRECT_FALLBACK,,,,,,,,LEXICON_GATE_REPLACED_COMMONWORDS
268,272,291,based,TARGET,SCOWL_DERIVED_EN_US_LEVEL60,HUNSPELL_SFX,PASS,base,FORM_AND_LEMMA,DIRECT_FALLBACK,,,,,,,,LEXICON_GATE_REPLACED_COMMONWORDS
269,273,292,far,TARGET,SCOWL_DERIVED_EN_US_LEVEL60,HUNSPELL_STEM,PASS,far,UNRESOLVED_OR_LEMMA,MATRYOSHKA_CORE,4,4,,fa,,,,LEXICON_GATE_REPLACED_COMMONWORDS
270,274,293,law,TARGET,SCOWL_DERIVED_EN_US_LEVEL60,HUNSPELL_STEM,PASS,law,UNRESOLVED_OR_LEMMA,DIRECT_FALLBACK,,,,,,,,LEXICON_GATE_REPLACED_COMMONWORDS
271,275,294,less,TARGET,SCOWL_DERIVED_EN_US_LEVEL60,HUNSPELL_STEM,PASS,less,UNRESOLVED_OR_LEMMA,DIRECT_FALLBACK,,,,,,,,LEXICON_GATE_REPLACED_COMMONWORDS
272,276,295,making,TARGET,SCOWL_DERIVED_EN_US_LEVEL60,HUNSPELL_SFX,PASS,make,INFLECTED_FORM,DIRECT_FALLBACK,,,,,,,,LEXICON_GATE_REPLACED_COMMONWORDS
273,277,296,music,TARGET,SCOWL_DERIVED_EN_US_LEVEL60,HUNSPELL_STEM,PASS,music,UNRESOLVED_OR_LEMMA,DIRECT_FALLBACK,,,,,,,,LEXICON_GATE_REPLACED_COMMONWORDS
274,278,297,order,TARGET,SCOWL_DERIVED_EN_US_LEVEL60,HUNSPELL_STEM,PASS,order,UNRESOLVED_OR_LEMMA,DIRECT_FALLBACK,,,,,,,,LEXICON_GATE_REPLACED_COMMONWORDS
275,279,298,party,TARGET,SCOWL_DERIVED_EN_US_LEVEL60,HUNSPELL_STEM,PASS,party,UNRESOLVED_OR_LEMMA,MATRYOSHKA_CORE,24,24,,part,,,,LEXICON_GATE_REPLACED_COMMONWORDS
276,280,299,states,TARGET,SCOWL_DERIVED_EN_US_LEVEL60,HUNSPELL_SFX,PASS,state,REGULAR_S_FORM,DIRECT_FALLBACK,,,,state,,,,LEXICON_GATE_REPLACED_COMMONWORDS
277,281,300,though,TARGET,SCOWL_DERIVED_EN_US_LEVEL60,HUNSPELL_STEM,PASS,though,UNRESOLVED_OR_LEMMA,MATRYOSHKA_CORE,26,26,,,,thought,,LEXICON_GATE_REPLACED_COMMONWORDS
278,282,301,week,TARGET,SCOWL_DERIVED_EN_US_LEVEL60,HUNSPELL_STEM,PASS,week,UNRESOLVED_OR_LEMMA,DIRECT_FALLBACK,,,,,,,,LEXICON_GATE_REPLACED_COMMONWORDS
279,283,302,call,TARGET,SCOWL_DERIVED_EN_US_LEVEL60,HUNSPELL_STEM,PASS,call,UNRESOLVED_OR_LEMMA,MATRYOSHKA_CORE,13,13,all,,,,,LEXICON_GATE_REPLACED_COMMONWORDS
280,284,303,full,TARGET,SCOWL_DERIVED_EN_US_LEVEL60,HUNSPELL_STEM,PASS,full,UNRESOLVED_OR_LEMMA,DIRECT_FALLBACK,,,,,,,,LEXICON_GATE_REPLACED_COMMONWORDS
281,285,304,hard,TARGET,SCOWL_DERIVED_EN_US_LEVEL60,HUNSPELL_STEM,PASS,hard,UNRESOLVED_OR_LEMMA,DIRECT_FALLBACK,,,,,,,,LEXICON_GATE_REPLACED_COMMONWORDS
282,286,305,men,TARGET,SCOWL_DERIVED_EN_US_LEVEL60,HUNSPELL_STEM,PASS,man,IRREGULAR_PLURAL,MATRYOSHKA_CORE,14,14,,me,,,,LEXICON_GATE_REPLACED_COMMONWORDS
283,287,306,war,TARGET,SCOWL_DERIVED_EN_US_LEVEL60,HUNSPELL_STEM,PASS,war,UNRESOLVED_OR_LEMMA,DIRECT_FALLBACK,,,,,,,,LEXICON_GATE_REPLACED_COMMONWORDS
284,288,307,yes,TARGET,SCOWL_DERIVED_EN_US_LEVEL60,HUNSPELL_SFX,PASS,yes,UNRESOLVED_OR_LEMMA,DIRECT_FALLBACK,,,,,,,,LEXICON_GATE_REPLACED_COMMONWORDS
285,289,310,read,TARGET,SCOWL_DERIVED_EN_US_LEVEL60,HUNSPELL_STEM,PASS,read,UNRESOLVED_OR_LEMMA,DIRECT_FALLBACK,,,,,,,,LEXICON_GATE_REPLACED_COMMONWORDS
286,290,311,side,TARGET,SCOWL_DERIVED_EN_US_LEVEL60,HUNSPELL_STEM,PASS,side,UNRESOLVED_OR_LEMMA,DIRECT_FALLBACK,,,,,,,,LEXICON_GATE_REPLACED_COMMONWORDS
287,291,312,stop,TARGET,SCOWL_DERIVED_EN_US_LEVEL60,HUNSPELL_STEM,PASS,stop,UNRESOLVED_OR_LEMMA,MATRYOSHKA_CORE,3,3,top,,,,,LEXICON_GATE_REPLACED_COMMONWORDS
288,292,313,support,TARGET,SCOWL_DERIVED_EN_US_LEVEL60,HUNSPELL_STEM,PASS,support,UNRESOLVED_OR_LEMMA,DIRECT_FALLBACK,,,,,,,,LEXICON_GATE_REPLACED_COMMONWORDS
289,293,314,thank,TARGET,SCOWL_DERIVED_EN_US_LEVEL60,HUNSPELL_STEM,PASS,thank,UNRESOLVED_OR_LEMMA,MATRYOSHKA_CORE,17,17,,than,,thanks,,LEXICON_GATE_REPLACED_COMMONWORDS
290,294,315,believe,TARGET,SCOWL_DERIVED_EN_US_LEVEL60,HUNSPELL_STEM,PASS,believe,UNRESOLVED_OR_LEMMA,DIRECT_FALLBACK,,,,,,,,LEXICON_GATE_REPLACED_COMMONWORDS
291,295,316,line,TARGET,SCOWL_DERIVED_EN_US_LEVEL60,HUNSPELL_STEM,PASS,line,UNRESOLVED_OR_LEMMA,DIRECT_FALLBACK,,,,,,,,LEXICON_GATE_REPLACED_COMMONWORDS
292,296,317,oh,TARGET,SCOWL_DERIVED_EN_US_LEVEL60,HUNSPELL_STEM,PASS,oh,UNRESOLVED_OR_LEMMA,DIRECT_FALLBACK,,,,,,,,LEXICON_GATE_REPLACED_COMMONWORDS
293,297,318,open,TARGET,SCOWL_DERIVED_EN_US_LEVEL60,HUNSPELL_STEM,PASS,open,UNRESOLVED_OR_LEMMA,DIRECT_FALLBACK,,,,,,,,LEXICON_GATE_REPLACED_COMMONWORDS
294,298,319,area,TARGET,SCOWL_DERIVED_EN_US_LEVEL60,HUNSPELL_STEM,PASS,area,UNRESOLVED_OR_LEMMA,MATRYOSHKA_CORE,11,11,,are,,,,LEXICON_GATE_REPLACED_COMMONWORDS
295,299,322,important,TARGET,SCOWL_DERIVED_EN_US_LEVEL60,HUNSPELL_STEM,PASS,important,UNRESOLVED_OR_LEMMA,DIRECT_FALLBACK,,,,,,,,LEXICON_GATE_REPLACED_COMMONWORDS
296,300,323,run,TARGET,SCOWL_DERIVED_EN_US_LEVEL60,HUNSPELL_STEM,PASS,run,UNRESOLVED_OR_LEMMA,DIRECT_FALLBACK,,,,,,,,LEXICON_GATE_REPLACED_COMMONWORDS
297,301,324,using,TARGET,SCOWL_DERIVED_EN_US_LEVEL60,HUNSPELL_SFX,PASS,use,INFLECTED_FORM,MATRYOSHKA_EXTENSION,,5,sing,,,,,LEXICON_GATE_REPLACED_COMMONWORDS
298,302,325,whole,TARGET,SCOWL_DERIVED_EN_US_LEVEL60,HUNSPELL_STEM,PASS,whole,UNRESOLVED_OR_LEMMA,DIRECT_FALLBACK,,,,,,,,LEXICON_GATE_REPLACED_COMMONWORDS
299,303,326,five,TARGET,SCOWL_DERIVED_EN_US_LEVEL60,HUNSPELL_SFX,PASS,five,UNRESOLVED_OR_LEMMA,DIRECT_FALLBACK,,,,,,,,LEXICON_GATE_REPLACED_COMMONWORDS
300,304,327,international,TARGET,SCOWL_DERIVED_EN_US_LEVEL60,HUNSPELL_STEM,PASS,international,UNRESOLVED_OR_LEMMA,DIRECT_FALLBACK,,,,,,,,LEXICON_GATE_REPLACED_COMMONWORDS
301,305,328,try,TARGET,SCOWL_DERIVED_EN_US_LEVEL60,HUNSPELL_STEM,PASS,try,UNRESOLVED_OR_LEMMA,DIRECT_FALLBACK,,,,,,,,LEXICON_GATE_REPLACED_COMMONWORDS
302,306,329,white,TARGET,SCOWL_DERIVED_EN_US_LEVEL60,HUNSPELL_STEM,PASS,white,UNRESOLVED_OR_LEMMA,DIRECT_FALLBACK,,,,,,,,LEXICON_GATE_REPLACED_COMMONWORDS
303,307,330,course,TARGET,SCOWL_DERIVED_EN_US_LEVEL60,HUNSPELL_STEM,PASS,course,UNRESOLVED_OR_LEMMA,DIRECT_FALLBACK,,,,,,,,LEXICON_GATE_REPLACED_COMMONWORDS
304,308,331,early,TARGET,SCOWL_DERIVED_EN_US_LEVEL60,HUNSPELL_SFX,PASS,early,UNRESOLVED_OR_LEMMA,DIRECT_FALLBACK,,,,,,,,LEXICON_GATE_REPLACED_COMMONWORDS
305,309,332,face,TARGET,SCOWL_DERIVED_EN_US_LEVEL60,HUNSPELL_STEM,PASS,face,UNRESOLVED_OR_LEMMA,DIRECT_FALLBACK,,,,,,,,LEXICON_GATE_REPLACED_COMMONWORDS
306,310,333,given,TARGET,SCOWL_DERIVED_EN_US_LEVEL60,HUNSPELL_STEM,PASS,give,FORM_AND_LEMMA,DIRECT_FALLBACK,,,,give,,,,LEXICON_GATE_REPLACED_COMMONWORDS
307,311,334,job,TARGET,SCOWL_DERIVED_EN_US_LEVEL60,HUNSPELL_STEM,PASS,job,UNRESOLVED_OR_LEMMA,DIRECT_FALLBACK,,,,,,,,LEXICON_GATE_REPLACED_COMMONWORDS
308,312,335,means,TARGET,SCOWL_DERIVED_EN_US_LEVEL60,HUNSPELL_SFX,PASS,mean,FORM_AND_LEMMA,DIRECT_FALLBACK,,,,mean,,,,LEXICON_GATE_REPLACED_COMMONWORDS
309,313,336,says,TARGET,SCOWL_DERIVED_EN_US_LEVEL60,HUNSPELL_SFX,PASS,say,INFLECTED_FORM,DIRECT_FALLBACK,,,,say,,,,LEXICON_GATE_REPLACED_COMMONWORDS
310,314,337,social,TARGET,SCOWL_DERIVED_EN_US_LEVEL60,HUNSPELL_STEM,PASS,social,UNRESOLVED_OR_LEMMA,DIRECT_FALLBACK,,,,,,,,LEXICON_GATE_REPLACED_COMMONWORDS
311,315,339,together,TARGET,SCOWL_DERIVED_EN_US_LEVEL60,HUNSPELL_STEM,PASS,together,UNRESOLVED_OR_LEMMA,DIRECT_FALLBACK,,,,,,,,LEXICON_GATE_REPLACED_COMMONWORDS
312,316,340,united,TARGET,SCOWL_DERIVED_EN_US_LEVEL60,HUNSPELL_SFX,PASS,unite,FORM_AND_LEMMA,DIRECT_FALLBACK,,,,,,,,LEXICON_GATE_REPLACED_COMMONWORDS
313,317,341,within,TARGET,SCOWL_DERIVED_EN_US_LEVEL60,HUNSPELL_STEM,PASS,within,UNRESOLVED_OR_LEMMA,DIRECT_FALLBACK,,,,,,,,LEXICON_GATE_REPLACED_COMMONWORDS
314,318,342,working,TARGET,SCOWL_DERIVED_EN_US_LEVEL60,HUNSPELL_SFX,PASS,work,INFLECTED_FORM,DIRECT_FALLBACK,,,,,,,,LEXICON_GATE_REPLACED_COMMONWORDS
315,319,343,young,TARGET,SCOWL_DERIVED_EN_US_LEVEL60,HUNSPELL_STEM,PASS,young,UNRESOLVED_OR_LEMMA,DIRECT_FALLBACK,,,,,,,,LEXICON_GATE_REPLACED_COMMONWORDS
316,320,344,actually,TARGET,SCOWL_DERIVED_EN_US_LEVEL60,HUNSPELL_SFX,PASS,actually,UNRESOLVED_OR_LEMMA,DIRECT_FALLBACK,,,,,,,,LEXICON_GATE_REPLACED_COMMONWORDS
317,322,346,black,TARGET,SCOWL_DERIVED_EN_US_LEVEL60,HUNSPELL_STEM,PASS,black,UNRESOLVED_OR_LEMMA,DIRECT_FALLBACK,,,,,,,,LEXICON_GATE_REPLACED_COMMONWORDS
318,323,347,kind,TARGET,SCOWL_DERIVED_EN_US_LEVEL60,HUNSPELL_STEM,PASS,kind,UNRESOLVED_OR_LEMMA,DIRECT_FALLBACK,,,,,,,,LEXICON_GATE_REPLACED_COMMONWORDS
319,324,348,mind,TARGET,SCOWL_DERIVED_EN_US_LEVEL60,HUNSPELL_STEM,PASS,mind,UNRESOLVED_OR_LEMMA,MATRYOSHKA_CORE,5,5,,min,,,,LEXICON_GATE_REPLACED_COMMONWORDS
320,325,349,fact,TARGET,SCOWL_DERIVED_EN_US_LEVEL60,HUNSPELL_STEM,PASS,fact,UNRESOLVED_OR_LEMMA,MATRYOSHKA_CORE,27,27,act,,,,,LEXICON_GATE_REPLACED_COMMONWORDS
321,326,350,least,TARGET,SCOWL_DERIVED_EN_US_LEVEL60,HUNSPELL_STEM,PASS,least,UNRESOLVED_OR_LEMMA,DIRECT_FALLBACK,,,,,,,,LEXICON_GATE_REPLACED_COMMONWORDS
322,327,351,makes,TARGET,SCOWL_DERIVED_EN_US_LEVEL60,HUNSPELL_SFX,PASS,make,INFLECTED_FORM,DIRECT_FALLBACK,,,,make,,,,LEXICON_GATE_REPLACED_COMMONWORDS
323,328,352,per,TARGET,SCOWL_DERIVED_EN_US_LEVEL60,HUNSPELL_SFX,PASS,per,UNRESOLVED_OR_LEMMA,DIRECT_FALLBACK,,,,,,,,LEXICON_GATE_REPLACED_COMMONWORDS
324,329,353,service,TARGET,SCOWL_DERIVED_EN_US_LEVEL60,HUNSPELL_STEM,PASS,service,UNRESOLVED_OR_LEMMA,DIRECT_FALLBACK,,,,,,,,LEXICON_GATE_REPLACED_COMMONWORDS
325,331,355,trying,TARGET,SCOWL_DERIVED_EN_US_LEVEL60,HUNSPELL_SFX,PASS,try,INFLECTED_FORM,DIRECT_FALLBACK,,,,,,,,LEXICON_GATE_REPLACED_COMMONWORDS
326,332,357,able,TARGET,SCOWL_DERIVED_EN_US_LEVEL60,HUNSPELL_STEM,PASS,able,UNRESOLVED_OR_LEMMA,DIRECT_FALLBACK,,,,,,,,LEXICON_GATE_REPLACED_COMMONWORDS
327,333,358,become,TARGET,SCOWL_DERIVED_EN_US_LEVEL60,HUNSPELL_STEM,PASS,become,UNRESOLVED_OR_LEMMA,DIRECT_FALLBACK,,,,,,,,LEXICON_GATE_REPLACED_COMMONWORDS
328,334,359,car,TARGET,SCOWL_DERIVED_EN_US_LEVEL60,HUNSPELL_STEM,PASS,car,UNRESOLVED_OR_LEMMA,MATRYOSHKA_CORE,11,11,,,,care,,LEXICON_GATE_REPLACED_COMMONWORDS
329,335,360,death,TARGET,SCOWL_DERIVED_EN_US_LEVEL60,HUNSPELL_STEM,PASS,death,UNRESOLVED_OR_LEMMA,DIRECT_FALLBACK,,,,,,,,LEXICON_GATE_REPLACED_COMMONWORDS
330,336,361,everyone,TARGET,SCOWL_DERIVED_EN_US_LEVEL60,HUNSPELL_STEM,PASS,everyone,UNRESOLVED_OR_LEMMA,DIRECT_FALLBACK,,,,,,,,LEXICON_GATE_REPLACED_COMMONWORDS
331,337,362,food,TARGET,SCOWL_DERIVED_EN_US_LEVEL60,HUNSPELL_STEM,PASS,food,UNRESOLVED_OR_LEMMA,DIRECT_FALLBACK,,,,,,,,LEXICON_GATE_REPLACED_COMMONWORDS
332,338,363,information,TARGET,SCOWL_DERIVED_EN_US_LEVEL60,HUNSPELL_STEM,PASS,information,UNRESOLVED_OR_LEMMA,DIRECT_FALLBACK,,,,,,,,LEXICON_GATE_REPLACED_COMMONWORDS
333,339,364,level,TARGET,SCOWL_DERIVED_EN_US_LEVEL60,HUNSPELL_STEM,PASS,level,UNRESOLVED_OR_LEMMA,DIRECT_FALLBACK,,,,,,,,LEXICON_GATE_REPLACED_COMMONWORDS
334,340,365,local,TARGET,SCOWL_DERIVED_EN_US_LEVEL60,HUNSPELL_STEM,PASS,local,UNRESOLVED_OR_LEMMA,DIRECT_FALLBACK,,,,,,,,LEXICON_GATE_REPLACED_COMMONWORDS
335,341,366,often,TARGET,SCOWL_DERIVED_EN_US_LEVEL60,HUNSPELL_STEM,PASS,often,UNRESOLVED_OR_LEMMA,DIRECT_FALLBACK,,,,,,,,LEXICON_GATE_REPLACED_COMMONWORDS
336,342,367,others,TARGET,SCOWL_DERIVED_EN_US_LEVEL60,HUNSPELL_SFX,PASS,other,REGULAR_S_FORM,DIRECT_FALLBACK,,,,other,,,,LEXICON_GATE_REPLACED_COMMONWORDS
337,343,368,several,TARGET,SCOWL_DERIVED_EN_US_LEVEL60,HUNSPELL_STEM,PASS,several,UNRESOLVED_OR_LEMMA,DIRECT_FALLBACK,,,,,,,,LEXICON_GATE_REPLACED_COMMONWORDS
338,344,369,true,TARGET,SCOWL_DERIVED_EN_US_LEVEL60,HUNSPELL_STEM,PASS,true,UNRESOLVED_OR_LEMMA,DIRECT_FALLBACK,,,,,,,,LEXICON_GATE_REPLACED_COMMONWORDS
339,345,370,control,TARGET,SCOWL_DERIVED_EN_US_LEVEL60,HUNSPELL_STEM,PASS,control,UNRESOLVED_OR_LEMMA,DIRECT_FALLBACK,,,,,,,,LEXICON_GATE_REPLACED_COMMONWORDS
340,346,371,friends,TARGET,SCOWL_DERIVED_EN_US_LEVEL60,HUNSPELL_SFX,PASS,friend,REGULAR_S_FORM,DIRECT_FALLBACK,,,,friend,,,,LEXICON_GATE_REPLACED_COMMONWORDS
341,347,372,games,TARGET,SCOWL_DERIVED_EN_US_LEVEL60,HUNSPELL_SFX,PASS,game,REGULAR_S_FORM,DIRECT_FALLBACK,,,,game,,,,LEXICON_GATE_REPLACED_COMMONWORDS
342,348,373,half,TARGET,SCOWL_DERIVED_EN_US_LEVEL60,HUNSPELL_STEM,PASS,half,UNRESOLVED_OR_LEMMA,DIRECT_FALLBACK,,,,,,,,LEXICON_GATE_REPLACED_COMMONWORDS
343,349,374,maybe,TARGET,SCOWL_DERIVED_EN_US_LEVEL60,HUNSPELL_STEM,PASS,maybe,UNRESOLVED_OR_LEMMA,DIRECT_FALLBACK,,,,,,,,LEXICON_GATE_REPLACED_COMMONWORDS
344,350,375,news,TARGET,SCOWL_DERIVED_EN_US_LEVEL60,HUNSPELL_SFX,PASS,news,UNRESOLVED_OR_LEMMA,DIRECT_FALLBACK,,,,new,,,,LEXICON_GATE_REPLACED_COMMONWORDS
345,351,376,problem,TARGET,SCOWL_DERIVED_EN_US_LEVEL60,HUNSPELL_STEM,PASS,problem,UNRESOLVED_OR_LEMMA,DIRECT_FALLBACK,,,,,,,,LEXICON_GATE_REPLACED_COMMONWORDS
346,352,377,air,TARGET,SCOWL_DERIVED_EN_US_LEVEL60,HUNSPELL_STEM,PASS,air,UNRESOLVED_OR_LEMMA,DIRECT_FALLBACK,,,,,,,,LEXICON_GATE_REPLACED_COMMONWORDS
347,354,379,body,TARGET,SCOWL_DERIVED_EN_US_LEVEL60,HUNSPELL_STEM,PASS,body,UNRESOLVED_OR_LEMMA,DIRECT_FALLBACK,,,,,,,,LEXICON_GATE_REPLACED_COMMONWORDS
348,355,380,book,TARGET,SCOWL_DERIVED_EN_US_LEVEL60,HUNSPELL_STEM,PASS,book,UNRESOLVED_OR_LEMMA,DIRECT_FALLBACK,,,,,,,,LEXICON_GATE_REPLACED_COMMONWORDS
349,356,381,guys,TARGET,SCOWL_DERIVED_EN_US_LEVEL60,HUNSPELL_SFX,PASS,guy,REGULAR_S_FORM,DIRECT_FALLBACK,,,,guy,,,,LEXICON_GATE_REPLACED_COMMONWORDS
350,357,382,hand,TARGET,SCOWL_DERIVED_EN_US_LEVEL60,HUNSPELL_STEM,PASS,hand,UNRESOLVED_OR_LEMMA,MATRYOSHKA_CORE,4,4,and,,,,,LEXICON_GATE_REPLACED_COMMONWORDS
351,358,383,health,TARGET,SCOWL_DERIVED_EN_US_LEVEL60,HUNSPELL_SFX,PASS,health,UNRESOLVED_OR_LEMMA,DIRECT_FALLBACK,,,,,,,,LEXICON_GATE_REPLACED_COMMONWORDS
352,359,384,hope,TARGET,SCOWL_DERIVED_EN_US_LEVEL60,HUNSPELL_STEM,PASS,hope,UNRESOLVED_OR_LEMMA,DIRECT_FALLBACK,,,,,,,,LEXICON_GATE_REPLACED_COMMONWORDS
353,360,385,human,TARGET,SCOWL_DERIVED_EN_US_LEVEL60,HUNSPELL_STEM,PASS,human,UNRESOLVED_OR_LEMMA,DIRECT_FALLBACK,,,,,,,,LEXICON_GATE_REPLACED_COMMONWORDS
354,361,386,known,TARGET,SCOWL_DERIVED_EN_US_LEVEL60,HUNSPELL_STEM,PASS,know,IRREGULAR_FORM,DIRECT_FALLBACK,,,,know,,,,LEXICON_GATE_REPLACED_COMMONWORDS
355,362,387,large,TARGET,SCOWL_DERIVED_EN_US_LEVEL60,HUNSPELL_STEM,PASS,large,UNRESOLVED_OR_LEMMA,DIRECT_FALLBACK,,,,,,,,LEXICON_GATE_REPLACED_COMMONWORDS
356,364,389,president,TARGET,SCOWL_DERIVED_EN_US_LEVEL60,HUNSPELL_STEM,PASS,president,UNRESOLVED_OR_LEMMA,DIRECT_FALLBACK,,,,,,,,LEXICON_GATE_REPLACED_COMMONWORDS
357,365,390,talk,TARGET,SCOWL_DERIVED_EN_US_LEVEL60,HUNSPELL_STEM,PASS,talk,UNRESOLVED_OR_LEMMA,DIRECT_FALLBACK,,,,,,,,LEXICON_GATE_REPLACED_COMMONWORDS
358,366,391,almost,TARGET,SCOWL_DERIVED_EN_US_LEVEL60,HUNSPELL_STEM,PASS,almost,UNRESOLVED_OR_LEMMA,DIRECT_FALLBACK,,,,,,,,LEXICON_GATE_REPLACED_COMMONWORDS
359,367,392,court,TARGET,SCOWL_DERIVED_EN_US_LEVEL60,HUNSPELL_STEM,PASS,court,UNRESOLVED_OR_LEMMA,DIRECT_FALLBACK,,,,,,,,LEXICON_GATE_REPLACED_COMMONWORDS
360,368,393,friend,TARGET,SCOWL_DERIVED_EN_US_LEVEL60,HUNSPELL_STEM,PASS,friend,UNRESOLVED_OR_LEMMA,DIRECT_FALLBACK,,,,,,friends,,LEXICON_GATE_REPLACED_COMMONWORDS
361,369,394,history,TARGET,SCOWL_DERIVED_EN_US_LEVEL60,HUNSPELL_STEM,PASS,history,UNRESOLVED_OR_LEMMA,DIRECT_FALLBACK,,,,,,,,LEXICON_GATE_REPLACED_COMMONWORDS
362,370,395,hours,TARGET,SCOWL_DERIVED_EN_US_LEVEL60,HUNSPELL_SFX,PASS,hour,REGULAR_S_FORM,DIRECT_FALLBACK,,,,,,,,LEXICON_GATE_REPLACED_COMMONWORDS
363,371,396,lost,TARGET,SCOWL_DERIVED_EN_US_LEVEL60,HUNSPELL_STEM,PASS,lose,FORM_AND_LEMMA,DIRECT_FALLBACK,,,,,,,,LEXICON_GATE_REPLACED_COMMONWORDS
364,372,397,members,TARGET,SCOWL_DERIVED_EN_US_LEVEL60,HUNSPELL_SFX,PASS,member,REGULAR_S_FORM,DIRECT_FALLBACK,,,,,,,,LEXICON_GATE_REPLACED_COMMONWORDS
365,373,398,possible,TARGET,SCOWL_DERIVED_EN_US_LEVEL60,HUNSPELL_STEM,PASS,possible,UNRESOLVED_OR_LEMMA,DIRECT_FALLBACK,,,,,,,,LEXICON_GATE_REPLACED_COMMONWORDS
366,374,399,season,TARGET,SCOWL_DERIVED_EN_US_LEVEL60,HUNSPELL_STEM,PASS,season,UNRESOLVED_OR_LEMMA,DIRECT_FALLBACK,,,,,,,,LEXICON_GATE_REPLACED_COMMONWORDS
367,375,400,south,TARGET,SCOWL_DERIVED_EN_US_LEVEL60,HUNSPELL_SFX,PASS,south,UNRESOLVED_OR_LEMMA,DIRECT_FALLBACK,,,,,,,,LEXICON_GATE_REPLACED_COMMONWORDS
368,376,401,story,TARGET,SCOWL_DERIVED_EN_US_LEVEL60,HUNSPELL_STEM,PASS,story,UNRESOLVED_OR_LEMMA,DIRECT_FALLBACK,,,,,,,,LEXICON_GATE_REPLACED_COMMONWORDS
369,377,402,video,TARGET,SCOWL_DERIVED_EN_US_LEVEL60,HUNSPELL_STEM,PASS,video,UNRESOLVED_OR_LEMMA,DIRECT_FALLBACK,,,,,,,,LEXICON_GATE_REPLACED_COMMONWORDS
370,378,403,yeah,TARGET,SCOWL_DERIVED_EN_US_LEVEL60,HUNSPELL_STEM,PASS,yeah,UNRESOLVED_OR_LEMMA,DIRECT_FALLBACK,,,,,,,,LEXICON_GATE_REPLACED_COMMONWORDS
371,379,404,among,TARGET,SCOWL_DERIVED_EN_US_LEVEL60,HUNSPELL_STEM,PASS,among,UNRESOLVED_OR_LEMMA,DIRECT_FALLBACK,,,,,,,,LEXICON_GATE_REPLACED_COMMONWORDS
372,380,405,class,TARGET,SCOWL_DERIVED_EN_US_LEVEL60,HUNSPELL_STEM,PASS,class,UNRESOLVED_OR_LEMMA,DIRECT_FALLBACK,,,,,,,,LEXICON_GATE_REPLACED_COMMONWORDS
373,381,406,else,TARGET,SCOWL_DERIVED_EN_US_LEVEL60,HUNSPELL_STEM,PASS,else,UNRESOLVED_OR_LEMMA,DIRECT_FALLBACK,,,,,,,,LEXICON_GATE_REPLACED_COMMONWORDS
374,382,407,girl,TARGET,SCOWL_DERIVED_EN_US_LEVEL60,HUNSPELL_STEM,PASS,girl,UNRESOLVED_OR_LEMMA,DIRECT_FALLBACK,,,,,,,,LEXICON_GATE_REPLACED_COMMONWORDS
375,383,408,nice,TARGET,SCOWL_DERIVED_EN_US_LEVEL60,HUNSPELL_STEM,PASS,nice,UNRESOLVED_OR_LEMMA,DIRECT_FALLBACK,,,,,,,,LEXICON_GATE_REPLACED_COMMONWORDS
376,385,410,taking,TARGET,SCOWL_DERIVED_EN_US_LEVEL60,HUNSPELL_STEM,PASS,take,INFLECTED_FORM,DIRECT_FALLBACK,,,,,,,,LEXICON_GATE_REPLACED_COMMONWORDS
377,386,411,wrong,TARGET,SCOWL_DERIVED_EN_US_LEVEL60,HUNSPELL_STEM,PASS,wrong,UNRESOLVED_OR_LEMMA,DIRECT_FALLBACK,,,,,,,,LEXICON_GATE_REPLACED_COMMONWORDS
378,387,414,act,TARGET,SCOWL_DERIVED_EN_US_LEVEL60,HUNSPELL_STEM,PASS,act,UNRESOLVED_OR_LEMMA,MATRYOSHKA_CORE,27,27,,,fact,,,LEXICON_GATE_REPLACED_COMMONWORDS
379,388,415,ago,TARGET,SCOWL_DERIVED_EN_US_LEVEL60,HUNSPELL_STEM,PASS,ago,UNRESOLVED_OR_LEMMA,MATRYOSHKA_CORE,18,18,go,,,,,LEXICON_GATE_REPLACED_COMMONWORDS
380,390,417,close,TARGET,SCOWL_DERIVED_EN_US_LEVEL60,HUNSPELL_STEM,PASS,close,UNRESOLVED_OR_LEMMA,DIRECT_FALLBACK,,,,,,,,LEXICON_GATE_REPLACED_COMMONWORDS
381,391,418,coming,TARGET,SCOWL_DERIVED_EN_US_LEVEL60,HUNSPELL_SFX,PASS,come,INFLECTED_FORM,DIRECT_FALLBACK,,,,,,,,LEXICON_GATE_REPLACED_COMMONWORDS
382,392,419,guy,TARGET,SCOWL_DERIVED_EN_US_LEVEL60,HUNSPELL_STEM,PASS,guy,UNRESOLVED_OR_LEMMA,DIRECT_FALLBACK,,,,,,guys,,LEXICON_GATE_REPLACED_COMMONWORDS
383,393,420,matter,TARGET,SCOWL_DERIVED_EN_US_LEVEL60,HUNSPELL_SFX,PASS,matter,UNRESOLVED_OR_LEMMA,DIRECT_FALLBACK,,,,,,,,LEXICON_GATE_REPLACED_COMMONWORDS
384,394,421,office,TARGET,SCOWL_DERIVED_EN_US_LEVEL60,HUNSPELL_STEM,PASS,office,UNRESOLVED_OR_LEMMA,DIRECT_FALLBACK,,,,,,,,LEXICON_GATE_REPLACED_COMMONWORDS
385,395,422,political,TARGET,SCOWL_DERIVED_EN_US_LEVEL60,HUNSPELL_STEM,PASS,political,UNRESOLVED_OR_LEMMA,DIRECT_FALLBACK,,,,,,,,LEXICON_GATE_REPLACED_COMMONWORDS
386,396,423,question,TARGET,SCOWL_DERIVED_EN_US_LEVEL60,HUNSPELL_STEM,PASS,question,UNRESOLVED_OR_LEMMA,DIRECT_FALLBACK,,,,,,,,LEXICON_GATE_REPLACED_COMMONWORDS
387,397,424,room,TARGET,SCOWL_DERIVED_EN_US_LEVEL60,HUNSPELL_STEM,PASS,room,UNRESOLVED_OR_LEMMA,DIRECT_FALLBACK,,,,,,,,LEXICON_GATE_REPLACED_COMMONWORDS
388,398,425,single,TARGET,SCOWL_DERIVED_EN_US_LEVEL60,HUNSPELL_STEM,PASS,single,UNRESOLVED_OR_LEMMA,DIRECT_FALLBACK,,,,,,,,LEXICON_GATE_REPLACED_COMMONWORDS
389,399,426,taken,TARGET,SCOWL_DERIVED_EN_US_LEVEL60,HUNSPELL_STEM,PASS,take,IRREGULAR_FORM,DIRECT_FALLBACK,,,,take,,,,LEXICON_GATE_REPLACED_COMMONWORDS
390,400,427,wait,TARGET,SCOWL_DERIVED_EN_US_LEVEL60,HUNSPELL_STEM,PASS,wait,UNRESOLVED_OR_LEMMA,DIRECT_FALLBACK,,,,,,,,LEXICON_GATE_REPLACED_COMMONWORDS
391,401,429,along,TARGET,SCOWL_DERIVED_EN_US_LEVEL60,HUNSPELL_STEM,PASS,along,UNRESOLVED_OR_LEMMA,MATRYOSHKA_CORE,23,23,long,,,,,LEXICON_GATE_REPLACED_COMMONWORDS
392,402,430,although,TARGET,SCOWL_DERIVED_EN_US_LEVEL60,HUNSPELL_STEM,PASS,although,UNRESOLVED_OR_LEMMA,DIRECT_FALLBACK,,,,,,,,LEXICON_GATE_REPLACED_COMMONWORDS
393,403,431,cause,TARGET,SCOWL_DERIVED_EN_US_LEVEL60,HUNSPELL_STEM,PASS,cause,UNRESOLVED_OR_LEMMA,DIRECT_FALLBACK,,,,,,,,LEXICON_GATE_REPLACED_COMMONWORDS
394,404,432,late,TARGET,SCOWL_DERIVED_EN_US_LEVEL60,HUNSPELL_STEM,PASS,late,UNRESOLVED_OR_LEMMA,MATRYOSHKA_CORE,4,4,ate,,,later,,LEXICON_GATE_REPLACED_COMMONWORDS
395,405,433,remember,TARGET,SCOWL_DERIVED_EN_US_LEVEL60,HUNSPELL_PFX,PASS,remember,UNRESOLVED_OR_LEMMA,DIRECT_FALLBACK,,,,,,,,LEXICON_GATE_REPLACED_COMMONWORDS
396,406,434,saw,TARGET,SCOWL_DERIVED_EN_US_LEVEL60,HUNSPELL_STEM,PASS,saw,UNRESOLVED_OR_LEMMA,DIRECT_FALLBACK,,,,,,,,LEXICON_GATE_REPLACED_COMMONWORDS
397,407,437,ask,TARGET,SCOWL_DERIVED_EN_US_LEVEL60,HUNSPELL_STEM,PASS,ask,UNRESOLVED_OR_LEMMA,MATRYOSHKA_CORE,10,10,,as,,,,LEXICON_GATE_REPLACED_COMMONWORDS
398,408,438,example,TARGET,SCOWL_DERIVED_EN_US_LEVEL60,HUNSPELL_STEM,PASS,example,UNRESOLVED_OR_LEMMA,DIRECT_FALLBACK,,,,,,,,LEXICON_GATE_REPLACED_COMMONWORDS
399,409,439,form,TARGET,SCOWL_DERIVED_EN_US_LEVEL60,HUNSPELL_STEM,PASS,form,UNRESOLVED_OR_LEMMA,MATRYOSHKA_CORE,7,7,,for,,,,LEXICON_GATE_REPLACED_COMMONWORDS
400,411,442,pay,TARGET,SCOWL_DERIVED_EN_US_LEVEL60,HUNSPELL_STEM,PASS,pay,UNRESOLVED_OR_LEMMA,MATRYOSHKA_CORE,4,4,,pa,,,,LEXICON_GATE_REPLACED_COMMONWORDS
401,412,443,post,TARGET,SCOWL_DERIVED_EN_US_LEVEL60,HUNSPELL_STEM,PASS,post,UNRESOLVED_OR_LEMMA,DIRECT_FALLBACK,,,,,,,,LEXICON_GATE_REPLACED_COMMONWORDS
402,413,444,research,TARGET,SCOWL_DERIVED_EN_US_LEVEL60,HUNSPELL_PFX,PASS,research,UNRESOLVED_OR_LEMMA,DIRECT_FALLBACK,,,,,,,,LEXICON_GATE_REPLACED_COMMONWORDS
403,414,445,saying,TARGET,SCOWL_DERIVED_EN_US_LEVEL60,HUNSPELL_SFX,PASS,say,INFLECTED_FORM,DIRECT_FALLBACK,,,,,,,,LEXICON_GATE_REPLACED_COMMONWORDS
404,415,446,understand,TARGET,SCOWL_DERIVED_EN_US_LEVEL60,HUNSPELL_STEM,PASS,understand,UNRESOLVED_OR_LEMMA,DIRECT_FALLBACK,,,,,,,,LEXICON_GATE_REPLACED_COMMONWORDS
405,416,447,university,TARGET,SCOWL_DERIVED_EN_US_LEVEL60,HUNSPELL_STEM,PASS,university,UNRESOLVED_OR_LEMMA,DIRECT_FALLBACK,,,,,,,,LEXICON_GATE_REPLACED_COMMONWORDS
406,417,448,according,TARGET,SCOWL_DERIVED_EN_US_LEVEL60,HUNSPELL_SFX,PASS,according,UNRESOLVED_OR_LEMMA,DIRECT_FALLBACK,,,,,,,,LEXICON_GATE_REPLACED_COMMONWORDS
407,418,449,due,TARGET,SCOWL_DERIVED_EN_US_LEVEL60,HUNSPELL_STEM,PASS,due,UNRESOLVED_OR_LEMMA,DIRECT_FALLBACK,,,,,,,,LEXICON_GATE_REPLACED_COMMONWORDS
408,419,450,either,TARGET,SCOWL_DERIVED_EN_US_LEVEL60,HUNSPELL_STEM,PASS,either,UNRESOLVED_OR_LEMMA,DIRECT_FALLBACK,,,,,,,,LEXICON_GATE_REPLACED_COMMONWORDS
409,421,452,hit,TARGET,SCOWL_DERIVED_EN_US_LEVEL60,HUNSPELL_STEM,PASS,hit,UNRESOLVED_OR_LEMMA,MATRYOSHKA_CORE,5,5,it,hi,,,,LEXICON_GATE_REPLACED_COMMONWORDS
410,422,453,idea,TARGET,SCOWL_DERIVED_EN_US_LEVEL60,HUNSPELL_STEM,PASS,idea,UNRESOLVED_OR_LEMMA,DIRECT_FALLBACK,,,,,,,,LEXICON_GATE_REPLACED_COMMONWORDS
411,423,454,million,TARGET,SCOWL_DERIVED_EN_US_LEVEL60,HUNSPELL_STEM,PASS,million,UNRESOLVED_OR_LEMMA,DIRECT_FALLBACK,,,,,,,,LEXICON_GATE_REPLACED_COMMONWORDS
412,424,455,months,TARGET,SCOWL_DERIVED_EN_US_LEVEL60,HUNSPELL_STEM,PASS,month,REGULAR_S_FORM,DIRECT_FALLBACK,,,,,,,,LEXICON_GATE_REPLACED_COMMONWORDS
413,425,456,needs,TARGET,SCOWL_DERIVED_EN_US_LEVEL60,HUNSPELL_SFX,PASS,need,REGULAR_S_FORM,DIRECT_FALLBACK,,,,need,,,,LEXICON_GATE_REPLACED_COMMONWORDS
414,426,457,past,TARGET,SCOWL_DERIVED_EN_US_LEVEL60,HUNSPELL_STEM,PASS,past,UNRESOLVED_OR_LEMMA,DIRECT_FALLBACK,,,,,,,,LEXICON_GATE_REPLACED_COMMONWORDS
415,427,458,playing,TARGET,SCOWL_DERIVED_EN_US_LEVEL60,HUNSPELL_SFX,PASS,play,INFLECTED_FORM,DIRECT_FALLBACK,,,,,,,,LEXICON_GATE_REPLACED_COMMONWORDS
416,428,459,pretty,TARGET,SCOWL_DERIVED_EN_US_LEVEL60,HUNSPELL_STEM,PASS,pretty,UNRESOLVED_OR_LEMMA,DIRECT_FALLBACK,,,,,,,,LEXICON_GATE_REPLACED_COMMONWORDS
417,429,460,probably,TARGET,SCOWL_DERIVED_EN_US_LEVEL60,HUNSPELL_STEM,PASS,probably,UNRESOLVED_OR_LEMMA,DIRECT_FALLBACK,,,,,,,,LEXICON_GATE_REPLACED_COMMONWORDS
418,430,461,rather,TARGET,SCOWL_DERIVED_EN_US_LEVEL60,HUNSPELL_STEM,PASS,rather,UNRESOLVED_OR_LEMMA,DIRECT_FALLBACK,,,,,,,,LEXICON_GATE_REPLACED_COMMONWORDS
419,431,462,soon,TARGET,SCOWL_DERIVED_EN_US_LEVEL60,HUNSPELL_STEM,PASS,soon,UNRESOLVED_OR_LEMMA,DIRECT_FALLBACK,,,,,,,,LEXICON_GATE_REPLACED_COMMONWORDS
420,432,463,turn,TARGET,SCOWL_DERIVED_EN_US_LEVEL60,HUNSPELL_STEM,PASS,turn,UNRESOLVED_OR_LEMMA,DIRECT_FALLBACK,,,,,,,,LEXICON_GATE_REPLACED_COMMONWORDS
421,433,464,whether,TARGET,SCOWL_DERIVED_EN_US_LEVEL60,HUNSPELL_STEM,PASS,whether,UNRESOLVED_OR_LEMMA,DIRECT_FALLBACK,,,,,,,,LEXICON_GATE_REPLACED_COMMONWORDS
422,434,465,win,TARGET,SCOWL_DERIVED_EN_US_LEVEL60,HUNSPELL_STEM,PASS,win,UNRESOLVED_OR_LEMMA,MATRYOSHKA_CORE,5,5,in,,,,,LEXICON_GATE_REPLACED_COMMONWORDS
423,435,466,age,TARGET,SCOWL_DERIVED_EN_US_LEVEL60,HUNSPELL_STEM,PASS,age,UNRESOLVED_OR_LEMMA,DIRECT_FALLBACK,,,,,,,,LEXICON_GATE_REPLACED_COMMONWORDS
424,436,467,anyone,TARGET,SCOWL_DERIVED_EN_US_LEVEL60,HUNSPELL_STEM,PASS,anyone,UNRESOLVED_OR_LEMMA,DIRECT_FALLBACK,,,,,,,,LEXICON_GATE_REPLACED_COMMONWORDS
425,437,468,community,TARGET,SCOWL_DERIVED_EN_US_LEVEL60,HUNSPELL_STEM,PASS,community,UNRESOLVED_OR_LEMMA,DIRECT_FALLBACK,,,,,,,,LEXICON_GATE_REPLACED_COMMONWORDS
426,438,469,development,TARGET,SCOWL_DERIVED_EN_US_LEVEL60,HUNSPELL_SFX,PASS,development,UNRESOLVED_OR_LEMMA,DIRECT_FALLBACK,,,,,,,,LEXICON_GATE_REPLACED_COMMONWORDS
427,439,470,further,TARGET,SCOWL_DERIVED_EN_US_LEVEL60,HUNSPELL_STEM,PASS,far,FORM_AND_LEMMA,DIRECT_FALLBACK,,,,,,,,LEXICON_GATE_REPLACED_COMMONWORDS
428,440,471,future,TARGET,SCOWL_DERIVED_EN_US_LEVEL60,HUNSPELL_STEM,PASS,future,UNRESOLVED_OR_LEMMA,DIRECT_FALLBACK,,,,,,,,LEXICON_GATE_REPLACED_COMMONWORDS
429,441,472,heart,TARGET,SCOWL_DERIVED_EN_US_LEVEL60,HUNSPELL_STEM,PASS,heart,UNRESOLVED_OR_LEMMA,DIRECT_FALLBACK,,,,,,,,LEXICON_GATE_REPLACED_COMMONWORDS
430,442,473,leave,TARGET,SCOWL_DERIVED_EN_US_LEVEL60,HUNSPELL_STEM,PASS,leave,UNRESOLVED_OR_LEMMA,DIRECT_FALLBACK,,,,,,,,LEXICON_GATE_REPLACED_COMMONWORDS
431,443,474,light,TARGET,SCOWL_DERIVED_EN_US_LEVEL60,HUNSPELL_STEM,PASS,light,UNRESOLVED_OR_LEMMA,DIRECT_FALLBACK,,,,,,,,LEXICON_GATE_REPLACED_COMMONWORDS
432,444,475,major,TARGET,SCOWL_DERIVED_EN_US_LEVEL60,HUNSPELL_STEM,PASS,major,UNRESOLVED_OR_LEMMA,DIRECT_FALLBACK,,,,,,,,LEXICON_GATE_REPLACED_COMMONWORDS
433,445,476,minutes,TARGET,SCOWL_DERIVED_EN_US_LEVEL60,HUNSPELL_SFX,PASS,minute,REGULAR_S_FORM,DIRECT_FALLBACK,,,,,,,,LEXICON_GATE_REPLACED_COMMONWORDS
434,446,477,morning,TARGET,SCOWL_DERIVED_EN_US_LEVEL60,HUNSPELL_SFX,PASS,morning,UNRESOLVED_OR_LEMMA,DIRECT_FALLBACK,,,,,,,,LEXICON_GATE_REPLACED_COMMONWORDS
435,447,478,north,TARGET,SCOWL_DERIVED_EN_US_LEVEL60,HUNSPELL_STEM,PASS,north,UNRESOLVED_OR_LEMMA,DIRECT_FALLBACK,,,,,,,,LEXICON_GATE_REPLACED_COMMONWORDS
436,448,479,started,TARGET,SCOWL_DERIVED_EN_US_LEVEL60,HUNSPELL_SFX,PASS,start,INFLECTED_FORM,DIRECT_FALLBACK,,,,,,,,LEXICON_GATE_REPLACED_COMMONWORDS
437,450,481,action,TARGET,SCOWL_DERIVED_EN_US_LEVEL60,HUNSPELL_STEM,PASS,action,UNRESOLVED_OR_LEMMA,DIRECT_FALLBACK,,,,,,,,LEXICON_GATE_REPLACED_COMMONWORDS
438,451,482,child,TARGET,SCOWL_DERIVED_EN_US_LEVEL60,HUNSPELL_STEM,PASS,child,UNRESOLVED_OR_LEMMA,DIRECT_FALLBACK,,,,,,,,LEXICON_GATE_REPLACED_COMMONWORDS
439,453,484,father,TARGET,SCOWL_DERIVED_EN_US_LEVEL60,HUNSPELL_STEM,PASS,father,UNRESOLVED_OR_LEMMA,DIRECT_FALLBACK,,,,,,,,LEXICON_GATE_REPLACED_COMMONWORDS
440,455,487,low,TARGET,SCOWL_DERIVED_EN_US_LEVEL60,HUNSPELL_STEM,PASS,low,UNRESOLVED_OR_LEMMA,DIRECT_FALLBACK,,,,,,,,LEXICON_GATE_REPLACED_COMMONWORDS
441,456,488,move,TARGET,SCOWL_DERIVED_EN_US_LEVEL60,HUNSPELL_STEM,PASS,move,UNRESOLVED_OR_LEMMA,DIRECT_FALLBACK,,,,,,,,LEXICON_GATE_REPLACED_COMMONWORDS
442,457,489,police,TARGET,SCOWL_DERIVED_EN_US_LEVEL60,HUNSPELL_STEM,PASS,police,UNRESOLVED_OR_LEMMA,DIRECT_FALLBACK,,,,,,,,LEXICON_GATE_REPLACED_COMMONWORDS
443,459,491,special,TARGET,SCOWL_DERIVED_EN_US_LEVEL60,HUNSPELL_STEM,PASS,special,UNRESOLVED_OR_LEMMA,DIRECT_FALLBACK,,,,,,,,LEXICON_GATE_REPLACED_COMMONWORDS
444,460,492,third,TARGET,SCOWL_DERIVED_EN_US_LEVEL60,HUNSPELL_STEM,PASS,third,UNRESOLVED_OR_LEMMA,DIRECT_FALLBACK,,,,,,,,LEXICON_GATE_REPLACED_COMMONWORDS
445,461,493,wanted,TARGET,SCOWL_DERIVED_EN_US_LEVEL60,HUNSPELL_SFX,PASS,want,INFLECTED_FORM,DIRECT_FALLBACK,,,,,,,,LEXICON_GATE_REPLACED_COMMONWORDS
446,462,494,woman,TARGET,SCOWL_DERIVED_EN_US_LEVEL60,HUNSPELL_STEM,PASS,woman,UNRESOLVED_OR_LEMMA,DIRECT_FALLBACK,,,,,,,,LEXICON_GATE_REPLACED_COMMONWORDS
447,463,495,comes,TARGET,SCOWL_DERIVED_EN_US_LEVEL60,HUNSPELL_SFX,PASS,come,INFLECTED_FORM,DIRECT_FALLBACK,,,,come,,,,LEXICON_GATE_REPLACED_COMMONWORDS
448,464,496,data,TARGET,SCOWL_DERIVED_EN_US_LEVEL60,HUNSPELL_STEM,PASS,data,UNRESOLVED_OR_LEMMA,DIRECT_FALLBACK,,,,,,,,LEXICON_GATE_REPLACED_COMMONWORDS
449,465,497,happy,TARGET,SCOWL_DERIVED_EN_US_LEVEL60,HUNSPELL_STEM,PASS,happy,UNRESOLVED_OR_LEMMA,DIRECT_FALLBACK,,,,,,,,LEXICON_GATE_REPLACED_COMMONWORDS
450,466,498,living,TARGET,SCOWL_DERIVED_EN_US_LEVEL60,HUNSPELL_SFX,PASS,live,FORM_AND_LEMMA,DIRECT_FALLBACK,,,,,,,,LEXICON_GATE_REPLACED_COMMONWORDS
451,467,499,reason,TARGET,SCOWL_DERIVED_EN_US_LEVEL60,HUNSPELL_STEM,PASS,reason,UNRESOLVED_OR_LEMMA,DIRECT_FALLBACK,,,,,,,,LEXICON_GATE_REPLACED_COMMONWORDS
452,468,500,red,TARGET,SCOWL_DERIVED_EN_US_LEVEL60,HUNSPELL_SFX,PASS,red,UNRESOLVED_OR_LEMMA,DIRECT_FALLBACK,,,,,,,,LEXICON_GATE_REPLACED_COMMONWORDS
453,469,501,report,TARGET,SCOWL_DERIVED_EN_US_LEVEL60,HUNSPELL_PFX,PASS,report,UNRESOLVED_OR_LEMMA,DIRECT_FALLBACK,,,,,,,,LEXICON_GATE_REPLACED_COMMONWORDS
454,470,502,short,TARGET,SCOWL_DERIVED_EN_US_LEVEL60,HUNSPELL_STEM,PASS,short,UNRESOLVED_OR_LEMMA,DIRECT_FALLBACK,,,,,,,,LEXICON_GATE_REPLACED_COMMONWORDS
455,471,503,sometimes,TARGET,SCOWL_DERIVED_EN_US_LEVEL60,HUNSPELL_SFX,PASS,sometimes,UNRESOLVED_OR_LEMMA,DIRECT_FALLBACK,,,,,,,,LEXICON_GATE_REPLACED_COMMONWORDS
456,472,504,son,TARGET,SCOWL_DERIVED_EN_US_LEVEL60,HUNSPELL_STEM,PASS,son,UNRESOLVED_OR_LEMMA,MATRYOSHKA_CORE,9,9,on,so,,,,LEXICON_GATE_REPLACED_COMMONWORDS
457,473,505,stay,TARGET,SCOWL_DERIVED_EN_US_LEVEL60,HUNSPELL_STEM,PASS,stay,UNRESOLVED_OR_LEMMA,DIRECT_FALLBACK,,,,,,,,LEXICON_GATE_REPLACED_COMMONWORDS
458,474,506,watch,TARGET,SCOWL_DERIVED_EN_US_LEVEL60,HUNSPELL_STEM,PASS,watch,UNRESOLVED_OR_LEMMA,DIRECT_FALLBACK,,,,,,,,LEXICON_GATE_REPLACED_COMMONWORDS
459,475,508,bit,TARGET,SCOWL_DERIVED_EN_US_LEVEL60,HUNSPELL_STEM,PASS,bit,UNRESOLVED_OR_LEMMA,MATRYOSHKA_CORE,5,5,it,,,,,LEXICON_GATE_REPLACED_COMMONWORDS
460,476,509,education,TARGET,SCOWL_DERIVED_EN_US_LEVEL60,HUNSPELL_SFX,PASS,education,UNRESOLVED_OR_LEMMA,DIRECT_FALLBACK,,,,,,,,LEXICON_GATE_REPLACED_COMMONWORDS
461,478,511,land,TARGET,SCOWL_DERIVED_EN_US_LEVEL60,HUNSPELL_STEM,PASS,land,UNRESOLVED_OR_LEMMA,MATRYOSHKA_CORE,4,4,and,,,,,LEXICON_GATE_REPLACED_COMMONWORDS
462,479,512,looks,TARGET,SCOWL_DERIVED_EN_US_LEVEL60,HUNSPELL_SFX,PASS,look,INFLECTED_FORM,DIRECT_FALLBACK,,,,look,,,,LEXICON_GATE_REPLACED_COMMONWORDS
463,480,513,myself,TARGET,SCOWL_DERIVED_EN_US_LEVEL60,HUNSPELL_STEM,PASS,myself,UNRESOLVED_OR_LEMMA,DIRECT_FALLBACK,,,,,,,,LEXICON_GATE_REPLACED_COMMONWORDS
464,481,514,works,TARGET,SCOWL_DERIVED_EN_US_LEVEL60,HUNSPELL_SFX,PASS,work,FORM_AND_LEMMA,DIRECT_FALLBACK,,,,work,,,,LEXICON_GATE_REPLACED_COMMONWORDS
465,482,516,asked,TARGET,SCOWL_DERIVED_EN_US_LEVEL60,HUNSPELL_SFX,PASS,ask,INFLECTED_FORM,DIRECT_FALLBACK,,,,,,,,LEXICON_GATE_REPLACED_COMMONWORDS
466,483,517,deal,TARGET,SCOWL_DERIVED_EN_US_LEVEL60,HUNSPELL_STEM,PASS,deal,UNRESOLVED_OR_LEMMA,DIRECT_FALLBACK,,,,,,,,LEXICON_GATE_REPLACED_COMMONWORDS
467,484,518,experience,TARGET,SCOWL_DERIVED_EN_US_LEVEL60,HUNSPELL_STEM,PASS,experience,UNRESOLVED_OR_LEMMA,DIRECT_FALLBACK,,,,,,,,LEXICON_GATE_REPLACED_COMMONWORDS
468,485,519,final,TARGET,SCOWL_DERIVED_EN_US_LEVEL60,HUNSPELL_STEM,PASS,final,UNRESOLVED_OR_LEMMA,DIRECT_FALLBACK,,,,,,,,LEXICON_GATE_REPLACED_COMMONWORDS
469,486,520,list,TARGET,SCOWL_DERIVED_EN_US_LEVEL60,HUNSPELL_STEM,PASS,list,UNRESOLVED_OR_LEMMA,DIRECT_FALLBACK,,,,,,,,LEXICON_GATE_REPLACED_COMMONWORDS
470,487,521,market,TARGET,SCOWL_DERIVED_EN_US_LEVEL60,HUNSPELL_STEM,PASS,market,UNRESOLVED_OR_LEMMA,DIRECT_FALLBACK,,,,,,,,LEXICON_GATE_REPLACED_COMMONWORDS
471,488,522,meet,TARGET,SCOWL_DERIVED_EN_US_LEVEL60,HUNSPELL_STEM,PASS,meet,UNRESOLVED_OR_LEMMA,DIRECT_FALLBACK,,,,,,,,LEXICON_GATE_REPLACED_COMMONWORDS
472,490,524,six,TARGET,SCOWL_DERIVED_EN_US_LEVEL60,HUNSPELL_STEM,PASS,six,UNRESOLVED_OR_LEMMA,DIRECT_FALLBACK,,,,,,,,LEXICON_GATE_REPLACED_COMMONWORDS
473,491,525,study,TARGET,SCOWL_DERIVED_EN_US_LEVEL60,HUNSPELL_STEM,PASS,study,UNRESOLVED_OR_LEMMA,DIRECT_FALLBACK,,,,,,,,LEXICON_GATE_REPLACED_COMMONWORDS
474,492,526,type,TARGET,SCOWL_DERIVED_EN_US_LEVEL60,HUNSPELL_STEM,PASS,type,UNRESOLVED_OR_LEMMA,DIRECT_FALLBACK,,,,,,,,LEXICON_GATE_REPLACED_COMMONWORDS
475,493,527,word,TARGET,SCOWL_DERIVED_EN_US_LEVEL60,HUNSPELL_STEM,PASS,word,UNRESOLVED_OR_LEMMA,DIRECT_FALLBACK,,,,,,,,LEXICON_GATE_REPLACED_COMMONWORDS
476,494,528,building,TARGET,SCOWL_DERIVED_EN_US_LEVEL60,HUNSPELL_SFX,PASS,build,FORM_AND_LEMMA,DIRECT_FALLBACK,,,,,,,,LEXICON_GATE_REPLACED_COMMONWORDS
477,495,529,check,TARGET,SCOWL_DERIVED_EN_US_LEVEL60,HUNSPELL_STEM,PASS,check,UNRESOLVED_OR_LEMMA,DIRECT_FALLBACK,,,,,,,,LEXICON_GATE_REPLACED_COMMONWORDS
478,496,530,fire,TARGET,SCOWL_DERIVED_EN_US_LEVEL60,HUNSPELL_STEM,PASS,fire,UNRESOLVED_OR_LEMMA,DIRECT_FALLBACK,,,,,,,,LEXICON_GATE_REPLACED_COMMONWORDS
479,497,531,force,TARGET,SCOWL_DERIVED_EN_US_LEVEL60,HUNSPELL_STEM,PASS,force,UNRESOLVED_OR_LEMMA,DIRECT_FALLBACK,,,,,,,,LEXICON_GATE_REPLACED_COMMONWORDS
480,498,532,front,TARGET,SCOWL_DERIVED_EN_US_LEVEL60,HUNSPELL_STEM,PASS,front,UNRESOLVED_OR_LEMMA,DIRECT_FALLBACK,,,,,,,,LEXICON_GATE_REPLACED_COMMONWORDS
481,500,534,main,TARGET,SCOWL_DERIVED_EN_US_LEVEL60,HUNSPELL_STEM,PASS,main,UNRESOLVED_OR_LEMMA,DIRECT_FALLBACK,,,,,,,,LEXICON_GATE_REPLACED_COMMONWORDS
482,501,535,mother,TARGET,SCOWL_DERIVED_EN_US_LEVEL60,HUNSPELL_STEM,PASS,mother,UNRESOLVED_OR_LEMMA,MATRYOSHKA_CORE,16,16,other,,,,,LEXICON_GATE_REPLACED_COMMONWORDS
483,502,536,near,TARGET,SCOWL_DERIVED_EN_US_LEVEL60,HUNSPELL_STEM,PASS,near,UNRESOLVED_OR_LEMMA,DIRECT_FALLBACK,,,,,,,,LEXICON_GATE_REPLACED_COMMONWORDS
484,503,537,period,TARGET,SCOWL_DERIVED_EN_US_LEVEL60,HUNSPELL_STEM,PASS,period,UNRESOLVED_OR_LEMMA,DIRECT_FALLBACK,,,,,,,,LEXICON_GATE_REPLACED_COMMONWORDS
485,504,538,process,TARGET,SCOWL_DERIVED_EN_US_LEVEL60,HUNSPELL_STEM,PASS,process,UNRESOLVED_OR_LEMMA,DIRECT_FALLBACK,,,,,,,,LEXICON_GATE_REPLACED_COMMONWORDS
486,506,541,art,TARGET,SCOWL_DERIVED_EN_US_LEVEL60,HUNSPELL_STEM,PASS,art,UNRESOLVED_OR_LEMMA,MATRYOSHKA_CORE,24,24,,,part,,,LEXICON_GATE_REPLACED_COMMONWORDS
487,507,542,former,TARGET,SCOWL_DERIVED_EN_US_LEVEL60,HUNSPELL_STEM,PASS,former,UNRESOLVED_OR_LEMMA,DIRECT_FALLBACK,,,,,,,,LEXICON_GATE_REPLACED_COMMONWORDS
488,508,543,heard,TARGET,SCOWL_DERIVED_EN_US_LEVEL60,HUNSPELL_STEM,PASS,hear,IRREGULAR_FORM,DIRECT_FALLBACK,,,,,,,,LEXICON_GATE_REPLACED_COMMONWORDS
489,510,545,plan,TARGET,SCOWL_DERIVED_EN_US_LEVEL60,HUNSPELL_STEM,PASS,plan,UNRESOLVED_OR_LEMMA,DIRECT_FALLBACK,,,,,,,,LEXICON_GATE_REPLACED_COMMONWORDS
490,511,546,quite,TARGET,SCOWL_DERIVED_EN_US_LEVEL60,HUNSPELL_STEM,PASS,quite,UNRESOLVED_OR_LEMMA,DIRECT_FALLBACK,,,,,,,,LEXICON_GATE_REPLACED_COMMONWORDS
491,512,547,series,TARGET,SCOWL_DERIVED_EN_US_LEVEL60,HUNSPELL_STEM,PASS,series,UNRESOLVED_OR_LEMMA,DIRECT_FALLBACK,,,,,,,,LEXICON_GATE_REPLACED_COMMONWORDS
492,513,548,site,TARGET,SCOWL_DERIVED_EN_US_LEVEL60,HUNSPELL_STEM,PASS,site,UNRESOLVED_OR_LEMMA,MATRYOSHKA_CORE,5,5,,sit,,,,LEXICON_GATE_REPLACED_COMMONWORDS
493,514,549,talking,TARGET,SCOWL_DERIVED_EN_US_LEVEL60,HUNSPELL_SFX,PASS,talk,REGULAR_ING_FORM,DIRECT_FALLBACK,,,,,,,,LEXICON_GATE_REPLACED_COMMONWORDS
494,515,550,west,TARGET,SCOWL_DERIVED_EN_US_LEVEL60,HUNSPELL_SFX,PASS,west,UNRESOLVED_OR_LEMMA,DIRECT_FALLBACK,,,,,,,,LEXICON_GATE_REPLACED_COMMONWORDS
495,516,552,behind,TARGET,SCOWL_DERIVED_EN_US_LEVEL60,HUNSPELL_STEM,PASS,behind,UNRESOLVED_OR_LEMMA,DIRECT_FALLBACK,,,,,,,,LEXICON_GATE_REPLACED_COMMONWORDS
496,517,553,bring,TARGET,SCOWL_DERIVED_EN_US_LEVEL60,HUNSPELL_STEM,PASS,bring,UNRESOLVED_OR_LEMMA,DIRECT_FALLBACK,,,,,,,,LEXICON_GATE_REPLACED_COMMONWORDS
497,518,554,clear,TARGET,SCOWL_DERIVED_EN_US_LEVEL60,HUNSPELL_STEM,PASS,clear,UNRESOLVED_OR_LEMMA,DIRECT_FALLBACK,,,,,,,,LEXICON_GATE_REPLACED_COMMONWORDS
498,520,556,held,TARGET,SCOWL_DERIVED_EN_US_LEVEL60,HUNSPELL_STEM,PASS,hold,IRREGULAR_FORM,DIRECT_FALLBACK,,,,,,,,LEXICON_GATE_REPLACED_COMMONWORDS
499,521,557,outside,TARGET,SCOWL_DERIVED_EN_US_LEVEL60,HUNSPELL_STEM,PASS,outside,UNRESOLVED_OR_LEMMA,DIRECT_FALLBACK,,,,,,,,LEXICON_GATE_REPLACED_COMMONWORDS
500,522,558,phone,TARGET,SCOWL_DERIVED_EN_US_LEVEL60,HUNSPELL_STEM,PASS,phone,UNRESOLVED_OR_LEMMA,DIRECT_FALLBACK,,,,,,,,LEXICON_GATE_REPLACED_COMMONWORDS
,868,912,hi,PRIMARY_BRIDGE,SCOWL_DERIVED_EN_US_LEVEL60,HUNSPELL_STEM,PASS,hi,UNRESOLVED_OR_LEMMA,PRIMARY_BRIDGE,5,5,i,,,his;him;hit,i>hi>him [LR] => him,LEXICON_GATE_REPLACED_COMMONWORDS
,1321,1372,sit,PRIMARY_BRIDGE,SCOWL_DERIVED_EN_US_LEVEL60,HUNSPELL_STEM,PASS,sit,UNRESOLVED_OR_LEMMA,PRIMARY_BRIDGE,5,5,it,,,site,i>it>sit [RL] => site,LEXICON_GATE_REPLACED_COMMONWORDS
,1628,1684,aid,OPTIONAL_FORM_BRIDGE,SCOWL_DERIVED_EN_US_LEVEL60,HUNSPELL_STEM,PASS,aid,UNRESOLVED_OR_LEMMA,OPTIONAL_FORM_BRIDGE,,5,id,,said,,i>id>aid>said [RLL] => said,LEXICON_GATE_REPLACED_COMMONWORDS
,1894,1955,ad,PRIMARY_BRIDGE,SCOWL_DERIVED_EN_US_LEVEL60,HUNSPELL_STEM,PASS,ad,UNRESOLVED_OR_LEMMA,PRIMARY_BRIDGE,4,4,,a,had;bad;mad,,a>ad>had [RL] => bad|had,LEXICON_GATE_REPLACED_COMMONWORDS
,1920,1981,mad,OPTIONAL_FORM_BRIDGE,SCOWL_DERIVED_EN_US_LEVEL60,HUNSPELL_STEM,PASS,mad,UNRESOLVED_OR_LEMMA,OPTIONAL_FORM_BRIDGE,,4,ad,ma,,made,a>ad>mad>made [RLR] => made,LEXICON_GATE_REPLACED_COMMONWORDS
,2327,2395,ma,PRIMARY_BRIDGE,SCOWL_DERIVED_EN_US_LEVEL60,HUNSPELL_STEM,PASS,ma,UNRESOLVED_OR_LEMMA,PRIMARY_BRIDGE,4,4,a,,,may;man;mad,a>ma>may [LR] => may,LEXICON_GATE_REPLACED_COMMONWORDS
,2458,2527,don,PRIMARY_BRIDGE,SCOWL_DERIVED_EN_US_LEVEL60,HUNSPELL_STEM,PASS,don,UNRESOLVED_OR_LEMMA,PRIMARY_BRIDGE,9,9,on,do,,done,on>don>done [LR] => do,LEXICON_GATE_REPLACED_COMMONWORDS
,2595,2666,sing,OPTIONAL_FORM_BRIDGE,SCOWL_DERIVED_EN_US_LEVEL60,HUNSPELL_STEM,PASS,sing,UNRESOLVED_OR_LEMMA,OPTIONAL_FORM_BRIDGE,,5,,sin,using,,in>sin>sing>using [LRL] => using,LEXICON_GATE_REPLACED_COMMONWORDS
,2660,2733,hat,PRIMARY_BRIDGE,SCOWL_DERIVED_EN_US_LEVEL60,HUNSPELL_STEM,PASS,hat,UNRESOLVED_OR_LEMMA,PRIMARY_BRIDGE,4,4,at,,that;what,,a>at>hat [RL] => what|that,LEXICON_GATE_REPLACED_COMMONWORDS
,2779,2853,id,OPTIONAL_FORM_BRIDGE,SCOWL_DERIVED_EN_US_LEVEL60,HUNSPELL_STEM,PASS,id,UNRESOLVED_OR_LEMMA,OPTIONAL_FORM_BRIDGE,,5,,i,did;aid,,i>id>did [RL] => did,LEXICON_GATE_REPLACED_COMMONWORDS
,3052,3126,sin,OPTIONAL_FORM_BRIDGE,SCOWL_DERIVED_EN_US_LEVEL60,HUNSPELL_STEM,PASS,sin,UNRESOLVED_OR_LEMMA,OPTIONAL_FORM_BRIDGE,,5,in,,,sing,in>sin>sing>using [LRL] => using,LEXICON_GATE_REPLACED_COMMONWORDS
,3736,3822,pa,PRIMARY_BRIDGE,SCOWL_DERIVED_EN_US_LEVEL60,HUNSPELL_STEM,PASS,pa,UNRESOLVED_OR_LEMMA,PRIMARY_BRIDGE,4,4,a,,,pay,a>pa>pay [LR] => pay,LEXICON_GATE_REPLACED_COMMONWORDS
,3865,3952,min,PRIMARY_BRIDGE,SCOWL_DERIVED_EN_US_LEVEL60,HUNSPELL_STEM,PASS,min,UNRESOLVED_OR_LEMMA,PRIMARY_BRIDGE,5,5,in,,,mind,in>min>mind [LR] => mind,LEXICON_GATE_REPLACED_COMMONWORDS
,4011,4103,ate,PRIMARY_BRIDGE,SCOWL_DERIVED_EN_US_LEVEL60,HUNSPELL_STEM,PASS,ate,UNRESOLVED_OR_LEMMA,PRIMARY_BRIDGE,4,4,,at,late,,a>at>ate [RR] => late,LEXICON_GATE_REPLACED_COMMONWORDS
,4644,4749,mall,PRIMARY_BRIDGE,SCOWL_DERIVED_EN_US_LEVEL60,HUNSPELL_STEM,PASS,mall,UNRESOLVED_OR_LEMMA,PRIMARY_BRIDGE,13,13,all,,small,,all>mall>small [LL] => small,LEXICON_GATE_REPLACED_COMMONWORDS
,4784,4893,fa,PRIMARY_BRIDGE,SCOWL_DERIVED_EN_US_LEVEL60,HUNSPELL_STEM,PASS,fa,UNRESOLVED_OR_LEMMA,PRIMARY_BRIDGE,4,4,a,,,far,a>fa>far [LR] => far,LEXICON_GATE_REPLACED_COMMONWORDS