target_index,alpha_rank,source_rank,word,display_form,record_type,scowl_case_class,scowl_admission,starter_suitability,lemma_primary,morphology_partial,function_roles_partial,register_partial,learning_mode,raw_component_id,core_component_id,parent_L,parent_R,children_L,children_R,bridge_reason,provenance_status
1,1,1,the,the,LEXICAL_TARGET,LOWERCASE_ENTRY,SCOWL60_EXACT,KEEP_DEFAULT,the,UNRESOLVED_OR_LEMMA,ARTICLE,GENERAL,MATRYOSHKA_CORE,1,1,he,,,they;them;then,,SCOWL_GATE_V0_4
2,2,2,of,of,LEXICAL_TARGET,LOWERCASE_ENTRY,SCOWL60_EXACT,KEEP_DEFAULT,of,UNRESOLVED_OR_LEMMA,PREPOSITION,GENERAL,MATRYOSHKA_CORE,2,2,,,,off,,SCOWL_GATE_V0_4
3,3,3,to,to,LEXICAL_TARGET,LOWERCASE_ENTRY,SCOWL60_EXACT,KEEP_DEFAULT,to,UNRESOLVED_OR_LEMMA,PREPOSITION|INFINITIVE_MARKER,GENERAL,MATRYOSHKA_CORE,3,3,,,,too;top,,SCOWL_GATE_V0_4
4,4,4,and,and,LEXICAL_TARGET,LOWERCASE_ENTRY,SCOWL60_EXACT,KEEP_DEFAULT,and,UNRESOLVED_OR_LEMMA,CONJUNCTION,GENERAL,MATRYOSHKA_CORE,4,4,,an,hand;land,,,SCOWL_GATE_V0_4
5,5,5,a,a,LEXICAL_TARGET,LOWERCASE_WITH_CASE_COLLISION,SCOWL60_EXACT,KEEP_DEFAULT,a,UNRESOLVED_OR_LEMMA,ARTICLE,GENERAL,MATRYOSHKA_CORE,4,4,,,la;ma;pa;fa,as;at;an;am;ad,,SCOWL_GATE_V0_4
6,6,6,in,in,LEXICAL_TARGET,LOWERCASE_WITH_CASE_COLLISION,SCOWL60_EXACT,KEEP_DEFAULT,in,UNRESOLVED_OR_LEMMA,PREPOSITION,GENERAL,MATRYOSHKA_CORE,5,5,,i,win;sin;min,,,SCOWL_GATE_V0_4
7,7,7,i,I,LEXICAL_TARGET,SPECIAL_I,SCOWL60_EXACT,KEEP_DEFAULT,i,UNRESOLVED_OR_LEMMA,PRONOUN,GENERAL,MATRYOSHKA_CORE,5,5,,,hi,in;is;it;if;id,,SCOWL_GATE_V0_4
8,8,8,is,is,LEXICAL_TARGET,LOWERCASE_ENTRY,SCOWL60_EXACT,KEEP_DEFAULT,be,KNOWN_MORPH_RELATION,AUXILIARY,GENERAL,MATRYOSHKA_CORE,5,5,,i,his,,,SCOWL_GATE_V0_4
9,9,9,that,that,LEXICAL_TARGET,LOWERCASE_ENTRY,SCOWL60_EXACT,KEEP_DEFAULT,that,UNRESOLVED_OR_LEMMA,DETERMINER|PRONOUN|CONJUNCTION,GENERAL,MATRYOSHKA_CORE,4,4,hat,,,,,SCOWL_GATE_V0_4
10,10,10,for,for,LEXICAL_TARGET,LOWERCASE_ENTRY,SCOWL60_EXACT,KEEP_DEFAULT,for,UNRESOLVED_OR_LEMMA,PREPOSITION|CONJUNCTION,GENERAL,MATRYOSHKA_CORE,6,6,or,,,form,,SCOWL_GATE_V0_4
11,11,11,you,you,LEXICAL_TARGET,LOWERCASE_ENTRY,SCOWL60_EXACT,KEEP_DEFAULT,you,UNRESOLVED_OR_LEMMA,PRONOUN,GENERAL,MATRYOSHKA_CORE,7,7,,,,your,,SCOWL_GATE_V0_4
12,12,12,it,it,LEXICAL_TARGET,LOWERCASE_WITH_CASE_COLLISION,SCOWL60_EXACT,KEEP_DEFAULT,it,UNRESOLVED_OR_LEMMA,PRONOUN,GENERAL,MATRYOSHKA_CORE,5,5,,i,hit;bit;sit,its,,SCOWL_GATE_V0_4
13,13,13,on,on,LEXICAL_TARGET,LOWERCASE_WITH_CASE_COLLISION,SCOWL60_EXACT,KEEP_DEFAULT,on,UNRESOLVED_OR_LEMMA,PREPOSITION,GENERAL,MATRYOSHKA_CORE,8,8,,,son;non;don,one,,SCOWL_GATE_V0_4
14,14,15,with,with,LEXICAL_TARGET,LOWERCASE_ENTRY,SCOWL60_EXACT,KEEP_DEFAULT,with,UNRESOLVED_OR_LEMMA,PREPOSITION,GENERAL,DIRECT_FALLBACK,,,,,,,,SCOWL_GATE_V0_4
15,15,16,was,was,LEXICAL_TARGET,LOWERCASE_ENTRY,SCOWL60_EXACT,KEEP_DEFAULT,be,KNOWN_MORPH_RELATION,AUXILIARY,GENERAL,MATRYOSHKA_CORE,4,4,as,,,,,SCOWL_GATE_V0_4
16,16,17,be,be,LEXICAL_TARGET,LOWERCASE_WITH_CASE_COLLISION,SCOWL60_EXACT,KEEP_DEFAULT,be,UNRESOLVED_OR_LEMMA,AUXILIARY,GENERAL,DIRECT_FALLBACK,,,,,,,,SCOWL_GATE_V0_4
17,17,18,this,this,LEXICAL_TARGET,LOWERCASE_ENTRY,SCOWL60_EXACT,KEEP_DEFAULT,this,UNRESOLVED_OR_LEMMA,DETERMINER,GENERAL,MATRYOSHKA_CORE,5,5,his,,,,,SCOWL_GATE_V0_4
18,18,19,as,as,LEXICAL_TARGET,LOWERCASE_WITH_CASE_COLLISION,SCOWL60_EXACT,KEEP_DEFAULT,as,UNRESOLVED_OR_LEMMA,PREPOSITION|CONJUNCTION|ADVERB,GENERAL,MATRYOSHKA_CORE,4,4,,a,was;has,ask,,SCOWL_GATE_V0_4
19,19,20,are,are,LEXICAL_TARGET,LOWERCASE_ENTRY,SCOWL60_EXACT,KEEP_DEFAULT,be,KNOWN_MORPH_RELATION,AUXILIARY,GENERAL,MATRYOSHKA_CORE,9,9,re,,care,area,,SCOWL_GATE_V0_4
20,20,21,not,not,LEXICAL_TARGET,LOWERCASE_ENTRY,SCOWL60_EXACT,KEEP_DEFAULT,not,UNRESOLVED_OR_LEMMA,NEGATOR,GENERAL,MATRYOSHKA_CORE,8,8,,no,,,,SCOWL_GATE_V0_4
21,21,22,have,have,LEXICAL_TARGET,LOWERCASE_ENTRY,SCOWL60_EXACT,KEEP_DEFAULT,have,UNRESOLVED_OR_LEMMA,AUXILIARY,GENERAL,DIRECT_FALLBACK,,,,,,,,SCOWL_GATE_V0_4
22,22,23,at,at,LEXICAL_TARGET,LOWERCASE_WITH_CASE_COLLISION,SCOWL60_EXACT,KEEP_DEFAULT,at,UNRESOLVED_OR_LEMMA,PREPOSITION,GENERAL,MATRYOSHKA_CORE,4,4,,a,hat,ate,,SCOWL_GATE_V0_4
23,23,24,he,he,LEXICAL_TARGET,LOWERCASE_WITH_CASE_COLLISION,SCOWL60_EXACT,KEEP_DEFAULT,he,UNRESOLVED_OR_LEMMA,PRONOUN,GENERAL,MATRYOSHKA_CORE,1,1,,,the;she,her,,SCOWL_GATE_V0_4
24,24,25,by,by,LEXICAL_TARGET,LOWERCASE_ENTRY,SCOWL60_EXACT,KEEP_DEFAULT,by,UNRESOLVED_OR_LEMMA,PREPOSITION,GENERAL,DIRECT_FALLBACK,,,,,,,,SCOWL_GATE_V0_4
25,25,26,from,from,LEXICAL_TARGET,LOWERCASE_ENTRY,SCOWL60_EXACT,KEEP_DEFAULT,from,UNRESOLVED_OR_LEMMA,PREPOSITION,GENERAL,DIRECT_FALLBACK,,,,,,,,SCOWL_GATE_V0_4
26,26,27,but,but,LEXICAL_TARGET,LOWERCASE_ENTRY,SCOWL60_EXACT,KEEP_DEFAULT,but,UNRESOLVED_OR_LEMMA,CONJUNCTION,GENERAL,DIRECT_FALLBACK,,,,,,,,SCOWL_GATE_V0_4
27,27,29,my,my,LEXICAL_TARGET,LOWERCASE_ENTRY,SCOWL60_EXACT,KEEP_DEFAULT,my,UNRESOLVED_OR_LEMMA,DETERMINER,GENERAL,DIRECT_FALLBACK,,,,,,,,SCOWL_GATE_V0_4
28,28,30,an,an,LEXICAL_TARGET,LOWERCASE_ENTRY,SCOWL60_EXACT,KEEP_DEFAULT,an,UNRESOLVED_OR_LEMMA,ARTICLE,GENERAL,MATRYOSHKA_CORE,4,4,,a,can;man,and;any,,SCOWL_GATE_V0_4
29,29,31,or,or,LEXICAL_TARGET,LOWERCASE_WITH_CASE_COLLISION,SCOWL60_EXACT,KEEP_DEFAULT,or,UNRESOLVED_OR_LEMMA,CONJUNCTION,GENERAL,MATRYOSHKA_CORE,6,6,,,for,,,SCOWL_GATE_V0_4
30,30,32,all,all,LEXICAL_TARGET,LOWERCASE_ENTRY,SCOWL60_EXACT,KEEP_DEFAULT,all,UNRESOLVED_OR_LEMMA,DETERMINER|PRONOUN,GENERAL,MATRYOSHKA_CORE,10,10,,,call;mall,,,SCOWL_GATE_V0_4
31,31,33,his,his,LEXICAL_TARGET,LOWERCASE_ENTRY,SCOWL60_EXACT,KEEP_DEFAULT,his,UNRESOLVED_OR_LEMMA,DETERMINER|PRONOUN,GENERAL,MATRYOSHKA_CORE,5,5,is,hi,this,,,SCOWL_GATE_V0_4
32,32,34,me,me,LEXICAL_TARGET,LOWERCASE_WITH_CASE_COLLISION,SCOWL60_EXACT,KEEP_DEFAULT,me,UNRESOLVED_OR_LEMMA,PRONOUN,GENERAL,MATRYOSHKA_CORE,11,11,,,,men,,SCOWL_GATE_V0_4
33,33,35,they,they,LEXICAL_TARGET,LOWERCASE_ENTRY,SCOWL60_EXACT,KEEP_DEFAULT,they,UNRESOLVED_OR_LEMMA,PRONOUN,GENERAL,MATRYOSHKA_CORE,1,1,,the,,,,SCOWL_GATE_V0_4
34,34,36,so,so,LEXICAL_TARGET,LOWERCASE_WITH_CASE_COLLISION,SCOWL60_EXACT,KEEP_DEFAULT,so,UNRESOLVED_OR_LEMMA,,GENERAL,MATRYOSHKA_CORE,8,8,,,,son,,SCOWL_GATE_V0_4
35,35,37,we,we,LEXICAL_TARGET,LOWERCASE_ENTRY,SCOWL60_EXACT,KEEP_DEFAULT,we,UNRESOLVED_OR_LEMMA,PRONOUN,GENERAL,DIRECT_FALLBACK,,,,,,,,SCOWL_GATE_V0_4
36,36,38,one,one,LEXICAL_TARGET,LOWERCASE_ENTRY,SCOWL60_EXACT,KEEP_DEFAULT,one,UNRESOLVED_OR_LEMMA,,GENERAL,MATRYOSHKA_CORE,8,8,,on,done,,,SCOWL_GATE_V0_4
37,37,39,your,your,LEXICAL_TARGET,LOWERCASE_ENTRY,SCOWL60_EXACT,KEEP_DEFAULT,your,UNRESOLVED_OR_LEMMA,DETERMINER,GENERAL,MATRYOSHKA_CORE,7,7,our,you,,,,SCOWL_GATE_V0_4
38,38,40,if,if,LEXICAL_TARGET,LOWERCASE_ENTRY,SCOWL60_EXACT,KEEP_DEFAULT,if,UNRESOLVED_OR_LEMMA,CONJUNCTION,GENERAL,MATRYOSHKA_CORE,5,5,,i,,,,SCOWL_GATE_V0_4
39,39,41,can,can,LEXICAL_TARGET,LOWERCASE_WITH_CASE_COLLISION,SCOWL60_EXACT,KEEP_DEFAULT,can,UNRESOLVED_OR_LEMMA,MODAL,GENERAL,MATRYOSHKA_CORE,4,4,an,,,,,SCOWL_GATE_V0_4
40,40,42,will,will,LEXICAL_TARGET,LOWERCASE_WITH_CASE_COLLISION,SCOWL60_EXACT,KEEP_DEFAULT,will,UNRESOLVED_OR_LEMMA,MODAL,GENERAL,DIRECT_FALLBACK,,,,,,,,SCOWL_GATE_V0_4
41,41,43,just,just,LEXICAL_TARGET,LOWERCASE_ENTRY,SCOWL60_EXACT,KEEP_DEFAULT,just,UNRESOLVED_OR_LEMMA,,GENERAL,DIRECT_FALLBACK,,,,,,,,SCOWL_GATE_V0_4
42,42,44,like,like,LEXICAL_TARGET,LOWERCASE_ENTRY,SCOWL60_EXACT,KEEP_DEFAULT,like,UNRESOLVED_OR_LEMMA,,GENERAL,DIRECT_FALLBACK,,,,,,,,SCOWL_GATE_V0_4
43,43,45,about,about,LEXICAL_TARGET,LOWERCASE_ENTRY,SCOWL60_EXACT,KEEP_DEFAULT,about,UNRESOLVED_OR_LEMMA,PREPOSITION,GENERAL,DIRECT_FALLBACK,,,,,,,,SCOWL_GATE_V0_4
44,44,46,up,up,LEXICAL_TARGET,LOWERCASE_ENTRY,SCOWL60_EXACT,KEEP_DEFAULT,up,UNRESOLVED_OR_LEMMA,PARTICLE,GENERAL,DIRECT_FALLBACK,,,,,,,,SCOWL_GATE_V0_4
45,45,47,what,what,LEXICAL_TARGET,LOWERCASE_ENTRY,SCOWL60_EXACT,KEEP_DEFAULT,what,UNRESOLVED_OR_LEMMA,DETERMINER|PRONOUN,GENERAL,MATRYOSHKA_CORE,4,4,hat,,,,,SCOWL_GATE_V0_4
46,46,48,do,do,LEXICAL_TARGET,LOWERCASE_ENTRY,SCOWL60_EXACT,KEEP_DEFAULT,do,UNRESOLVED_OR_LEMMA,AUXILIARY,GENERAL,MATRYOSHKA_CORE,8,8,,,,don,,SCOWL_GATE_V0_4
47,47,49,has,has,LEXICAL_TARGET,LOWERCASE_ENTRY,SCOWL60_EXACT,KEEP_DEFAULT,have,KNOWN_MORPH_RELATION,AUXILIARY,GENERAL,MATRYOSHKA_CORE,4,4,as,,,,,SCOWL_GATE_V0_4
48,48,50,were,were,LEXICAL_TARGET,LOWERCASE_ENTRY,SCOWL60_EXACT,KEEP_DEFAULT,be,KNOWN_MORPH_RELATION,AUXILIARY,GENERAL,DIRECT_FALLBACK,,,,,,,,SCOWL_GATE_V0_4
49,49,51,no,no,LEXICAL_TARGET,LOWERCASE_WITH_CASE_COLLISION,SCOWL60_EXACT,KEEP_DEFAULT,no,UNRESOLVED_OR_LEMMA,DETERMINER|NEGATOR,GENERAL,MATRYOSHKA_CORE,8,8,,,,not;now;non,,SCOWL_GATE_V0_4
50,50,52,out,out,LEXICAL_TARGET,LOWERCASE_ENTRY,SCOWL60_EXACT,KEEP_DEFAULT,out,UNRESOLVED_OR_LEMMA,PARTICLE,GENERAL,DIRECT_FALLBACK,,,,,,,,SCOWL_GATE_V0_4
51,51,53,when,when,LEXICAL_TARGET,LOWERCASE_ENTRY,SCOWL60_EXACT,KEEP_DEFAULT,when,UNRESOLVED_OR_LEMMA,CONJUNCTION,GENERAL,DIRECT_FALLBACK,,,,,,,,SCOWL_GATE_V0_4
52,52,54,more,more,LEXICAL_TARGET,LOWERCASE_WITH_CASE_COLLISION,SCOWL60_EXACT,KEEP_DEFAULT,more,UNRESOLVED_OR_LEMMA,,GENERAL,DIRECT_FALLBACK,,,,,,,,SCOWL_GATE_V0_4
53,53,55,who,who,LEXICAL_TARGET,LOWERCASE_WITH_CASE_COLLISION,SCOWL60_EXACT,KEEP_DEFAULT,who,UNRESOLVED_OR_LEMMA,PRONOUN,GENERAL,DIRECT_FALLBACK,,,,,,,,SCOWL_GATE_V0_4
54,54,56,had,had,LEXICAL_TARGET,LOWERCASE_ENTRY,SCOWL60_EXACT,KEEP_DEFAULT,have,KNOWN_MORPH_RELATION,AUXILIARY,GENERAL,MATRYOSHKA_CORE,4,4,ad,,,,,SCOWL_GATE_V0_4
55,55,57,their,their,LEXICAL_TARGET,LOWERCASE_ENTRY,SCOWL60_EXACT,KEEP_DEFAULT,their,UNRESOLVED_OR_LEMMA,DETERMINER,GENERAL,DIRECT_FALLBACK,,,,,,,,SCOWL_GATE_V0_4
56,56,58,which,which,LEXICAL_TARGET,LOWERCASE_ENTRY,SCOWL60_EXACT,KEEP_DEFAULT,which,UNRESOLVED_OR_LEMMA,DETERMINER|PRONOUN,GENERAL,DIRECT_FALLBACK,,,,,,,,SCOWL_GATE_V0_4
57,57,59,there,there,LEXICAL_TARGET,LOWERCASE_ENTRY,SCOWL60_EXACT,KEEP_DEFAULT,there,UNRESOLVED_OR_LEMMA,,GENERAL,MATRYOSHKA_CORE,1,1,here,,,,,SCOWL_GATE_V0_4
58,58,60,been,been,LEXICAL_TARGET,LOWERCASE_ENTRY,SCOWL60_EXACT,KEEP_DEFAULT,be,KNOWN_MORPH_RELATION,AUXILIARY,GENERAL,DIRECT_FALLBACK,,,,,,,,SCOWL_GATE_V0_4
59,59,61,her,her,LEXICAL_TARGET,LOWERCASE_ENTRY,SCOWL60_EXACT,KEEP_DEFAULT,her,UNRESOLVED_OR_LEMMA,DETERMINER|PRONOUN,GENERAL,MATRYOSHKA_CORE,1,1,,he,,here,,SCOWL_GATE_V0_4
60,60,62,time,time,LEXICAL_TARGET,LOWERCASE_ENTRY,SCOWL60_EXACT,KEEP_DEFAULT,time,UNRESOLVED_OR_LEMMA,,GENERAL,MATRYOSHKA_EXTENSION,12,,,,,times,,SCOWL_GATE_V0_4
61,61,64,would,would,LEXICAL_TARGET,LOWERCASE_ENTRY,SCOWL60_EXACT,KEEP_DEFAULT,would,UNRESOLVED_OR_LEMMA,MODAL,GENERAL,DIRECT_FALLBACK,,,,,,,,SCOWL_GATE_V0_4
62,62,65,get,get,LEXICAL_TARGET,LOWERCASE_ENTRY,SCOWL60_EXACT,KEEP_DEFAULT,get,UNRESOLVED_OR_LEMMA,,GENERAL,DIRECT_FALLBACK,,,,,,,,SCOWL_GATE_V0_4
63,63,67,new,new,LEXICAL_TARGET,LOWERCASE_ENTRY,SCOWL60_EXACT,KEEP_DEFAULT,new,UNRESOLVED_OR_LEMMA,,GENERAL,MATRYOSHKA_EXTENSION,13,,,,,news,,SCOWL_GATE_V0_4
64,64,69,she,she,LEXICAL_TARGET,LOWERCASE_ENTRY,SCOWL60_EXACT,KEEP_DEFAULT,she,UNRESOLVED_OR_LEMMA,PRONOUN,GENERAL,MATRYOSHKA_CORE,1,1,he,,,,,SCOWL_GATE_V0_4
65,65,70,people,people,LEXICAL_TARGET,LOWERCASE_ENTRY,SCOWL60_EXACT,KEEP_DEFAULT,person,KNOWN_MORPH_RELATION,,GENERAL,DIRECT_FALLBACK,,,,,,,,SCOWL_GATE_V0_4
66,66,72,its,its,LEXICAL_TARGET,LOWERCASE_ENTRY,SCOWL60_EXACT,KEEP_DEFAULT,its,UNRESOLVED_OR_LEMMA,DETERMINER,GENERAL,MATRYOSHKA_CORE,5,5,,it,,,,SCOWL_GATE_V0_4
67,67,73,also,also,LEXICAL_TARGET,LOWERCASE_ENTRY,SCOWL60_EXACT,KEEP_DEFAULT,also,UNRESOLVED_OR_LEMMA,,GENERAL,DIRECT_FALLBACK,,,,,,,,SCOWL_GATE_V0_4
68,68,74,how,how,LEXICAL_TARGET,LOWERCASE_ENTRY,SCOWL60_EXACT,KEEP_DEFAULT,how,UNRESOLVED_OR_LEMMA,,GENERAL,MATRYOSHKA_CORE,14,12,,,show,,,SCOWL_GATE_V0_4
69,69,75,some,some,LEXICAL_TARGET,LOWERCASE_ENTRY,SCOWL60_EXACT,KEEP_DEFAULT,some,UNRESOLVED_OR_LEMMA,DETERMINER|PRONOUN,GENERAL,DIRECT_FALLBACK,,,,,,,,SCOWL_GATE_V0_4
70,70,76,them,them,LEXICAL_TARGET,LOWERCASE_ENTRY,SCOWL60_EXACT,KEEP_DEFAULT,them,UNRESOLVED_OR_LEMMA,PRONOUN,GENERAL,MATRYOSHKA_CORE,1,1,,the,,,,SCOWL_GATE_V0_4
71,71,77,now,now,LEXICAL_TARGET,LOWERCASE_WITH_CASE_COLLISION,SCOWL60_EXACT,KEEP_DEFAULT,now,UNRESOLVED_OR_LEMMA,,GENERAL,MATRYOSHKA_CORE,8,8,,no,know,,,SCOWL_GATE_V0_4
72,72,78,other,other,LEXICAL_TARGET,LOWERCASE_ENTRY,SCOWL60_EXACT,KEEP_DEFAULT,other,UNRESOLVED_OR_LEMMA,DETERMINER|PRONOUN,GENERAL,MATRYOSHKA_CORE,15,13,,,mother,others,,SCOWL_GATE_V0_4
73,73,79,only,only,LEXICAL_TARGET,LOWERCASE_ENTRY,SCOWL60_EXACT,KEEP_DEFAULT,only,UNRESOLVED_OR_LEMMA,,GENERAL,DIRECT_FALLBACK,,,,,,,,SCOWL_GATE_V0_4
74,74,80,than,than,LEXICAL_TARGET,LOWERCASE_ENTRY,SCOWL60_EXACT,KEEP_DEFAULT,than,UNRESOLVED_OR_LEMMA,PREPOSITION|CONJUNCTION,GENERAL,MATRYOSHKA_CORE,16,14,,,,thank,,SCOWL_GATE_V0_4
75,75,81,first,first,LEXICAL_TARGET,LOWERCASE_ENTRY,SCOWL60_EXACT,KEEP_DEFAULT,first,UNRESOLVED_OR_LEMMA,,GENERAL,DIRECT_FALLBACK,,,,,,,,SCOWL_GATE_V0_4
76,76,82,good,good,LEXICAL_TARGET,LOWERCASE_WITH_CASE_COLLISION,SCOWL60_EXACT,KEEP_DEFAULT,good,UNRESOLVED_OR_LEMMA,,GENERAL,DIRECT_FALLBACK,,,,,,,,SCOWL_GATE_V0_4
77,77,83,into,into,LEXICAL_TARGET,LOWERCASE_ENTRY,SCOWL60_EXACT,KEEP_DEFAULT,into,UNRESOLVED_OR_LEMMA,PREPOSITION,GENERAL,DIRECT_FALLBACK,,,,,,,,SCOWL_GATE_V0_4
78,78,84,our,our,LEXICAL_TARGET,LOWERCASE_ENTRY,SCOWL60_EXACT,KEEP_DEFAULT,our,UNRESOLVED_OR_LEMMA,DETERMINER,GENERAL,MATRYOSHKA_CORE,7,7,,,your;four,,,SCOWL_GATE_V0_4
79,79,85,know,know,LEXICAL_TARGET,LOWERCASE_ENTRY,SCOWL60_EXACT,KEEP_DEFAULT,know,UNRESOLVED_OR_LEMMA,,GENERAL,MATRYOSHKA_CORE,8,8,now,,,known,,SCOWL_GATE_V0_4
80,80,86,see,see,LEXICAL_TARGET,LOWERCASE_ENTRY,SCOWL60_EXACT,KEEP_DEFAULT,see,UNRESOLVED_OR_LEMMA,,GENERAL,MATRYOSHKA_EXTENSION,17,,,,,seen,,SCOWL_GATE_V0_4
81,81,87,two,two,LEXICAL_TARGET,LOWERCASE_ENTRY,SCOWL60_EXACT,KEEP_DEFAULT,two,UNRESOLVED_OR_LEMMA,,GENERAL,DIRECT_FALLBACK,,,,,,,,SCOWL_GATE_V0_4
82,82,88,him,him,LEXICAL_TARGET,LOWERCASE_ENTRY,SCOWL60_EXACT,KEEP_DEFAULT,him,UNRESOLVED_OR_LEMMA,PRONOUN,GENERAL,MATRYOSHKA_CORE,5,5,,hi,,,,SCOWL_GATE_V0_4
83,83,89,after,after,LEXICAL_TARGET,LOWERCASE_ENTRY,SCOWL60_EXACT,KEEP_DEFAULT,after,UNRESOLVED_OR_LEMMA,PREPOSITION,GENERAL,DIRECT_FALLBACK,,,,,,,,SCOWL_GATE_V0_4
84,84,90,could,could,LEXICAL_TARGET,LOWERCASE_ENTRY,SCOWL60_EXACT,KEEP_DEFAULT,could,UNRESOLVED_OR_LEMMA,MODAL,GENERAL,DIRECT_FALLBACK,,,,,,,,SCOWL_GATE_V0_4
85,85,91,then,then,LEXICAL_TARGET,LOWERCASE_ENTRY,SCOWL60_EXACT,KEEP_DEFAULT,then,UNRESOLVED_OR_LEMMA,,GENERAL,MATRYOSHKA_CORE,1,1,,the,,,,SCOWL_GATE_V0_4
86,86,92,over,over,LEXICAL_TARGET,LOWERCASE_ENTRY,SCOWL60_EXACT,KEEP_DEFAULT,over,UNRESOLVED_OR_LEMMA,PREPOSITION,GENERAL,DIRECT_FALLBACK,,,,,,,,SCOWL_GATE_V0_4
87,87,93,these,these,LEXICAL_TARGET,LOWERCASE_ENTRY,SCOWL60_EXACT,KEEP_DEFAULT,these,UNRESOLVED_OR_LEMMA,DETERMINER,GENERAL,DIRECT_FALLBACK,,,,,,,,SCOWL_GATE_V0_4
88,88,94,think,think,LEXICAL_TARGET,LOWERCASE_ENTRY,SCOWL60_EXACT,KEEP_DEFAULT,think,UNRESOLVED_OR_LEMMA,,GENERAL,DIRECT_FALLBACK,,,,,,,,SCOWL_GATE_V0_4
89,89,95,go,go,LEXICAL_TARGET,LOWERCASE_ENTRY,SCOWL60_EXACT,KEEP_DEFAULT,go,UNRESOLVED_OR_LEMMA,,GENERAL,MATRYOSHKA_CORE,18,15,,,ago,got;god,,SCOWL_GATE_V0_4
90,90,96,make,make,LEXICAL_TARGET,LOWERCASE_ENTRY,SCOWL60_EXACT,KEEP_DEFAULT,make,UNRESOLVED_OR_LEMMA,,GENERAL,MATRYOSHKA_EXTENSION,19,,,,,makes,,SCOWL_GATE_V0_4
91,91,97,any,any,LEXICAL_TARGET,LOWERCASE_ENTRY,SCOWL60_EXACT,KEEP_DEFAULT,any,UNRESOLVED_OR_LEMMA,DETERMINER|PRONOUN,GENERAL,MATRYOSHKA_CORE,4,4,,an,many,,,SCOWL_GATE_V0_4
92,92,98,well,well,LEXICAL_TARGET,LOWERCASE_ENTRY,SCOWL60_EXACT,KEEP_DEFAULT,well,UNRESOLVED_OR_LEMMA,,GENERAL,DIRECT_FALLBACK,,,,,,,,SCOWL_GATE_V0_4
93,93,99,back,back,LEXICAL_TARGET,LOWERCASE_ENTRY,SCOWL60_EXACT,KEEP_DEFAULT,back,UNRESOLVED_OR_LEMMA,,GENERAL,DIRECT_FALLBACK,,,,,,,,SCOWL_GATE_V0_4
94,94,100,want,want,LEXICAL_TARGET,LOWERCASE_ENTRY,SCOWL60_EXACT,KEEP_DEFAULT,want,UNRESOLVED_OR_LEMMA,,GENERAL,DIRECT_FALLBACK,,,,,,,,SCOWL_GATE_V0_4
95,95,102,should,should,LEXICAL_TARGET,LOWERCASE_ENTRY,SCOWL60_EXACT,KEEP_DEFAULT,should,UNRESOLVED_OR_LEMMA,MODAL,GENERAL,DIRECT_FALLBACK,,,,,,,,SCOWL_GATE_V0_4
96,96,103,because,because,LEXICAL_TARGET,LOWERCASE_ENTRY,SCOWL60_EXACT,KEEP_DEFAULT,because,UNRESOLVED_OR_LEMMA,CONJUNCTION,GENERAL,DIRECT_FALLBACK,,,,,,,,SCOWL_GATE_V0_4
97,97,104,may,may,LEXICAL_TARGET,LOWERCASE_WITH_CASE_COLLISION,SCOWL60_EXACT,KEEP_DEFAULT,may,UNRESOLVED_OR_LEMMA,MODAL,GENERAL,MATRYOSHKA_CORE,4,4,,ma,,,,SCOWL_GATE_V0_4
98,98,105,us,us,LEXICAL_TARGET,LOWERCASE_WITH_CASE_COLLISION,SCOWL60_EXACT,KEEP_DEFAULT,us,UNRESOLVED_OR_LEMMA,PRONOUN,GENERAL,MATRYOSHKA_CORE,20,16,,,,use,,SCOWL_GATE_V0_4
99,99,106,where,where,LEXICAL_TARGET,LOWERCASE_ENTRY,SCOWL60_EXACT,KEEP_DEFAULT,where,UNRESOLVED_OR_LEMMA,,GENERAL,MATRYOSHKA_CORE,1,1,here,,,,,SCOWL_GATE_V0_4
100,100,107,most,most,LEXICAL_TARGET,LOWERCASE_ENTRY,SCOWL60_EXACT,KEEP_DEFAULT,most,UNRESOLVED_OR_LEMMA,DETERMINER|PRONOUN,GENERAL,DIRECT_FALLBACK,,,,,,,,SCOWL_GATE_V0_4
101,101,108,much,much,LEXICAL_TARGET,LOWERCASE_ENTRY,SCOWL60_EXACT,KEEP_DEFAULT,much,UNRESOLVED_OR_LEMMA,DETERMINER|PRONOUN,GENERAL,DIRECT_FALLBACK,,,,,,,,SCOWL_GATE_V0_4
102,102,109,way,way,LEXICAL_TARGET,LOWERCASE_ENTRY,SCOWL60_EXACT,KEEP_DEFAULT,way,UNRESOLVED_OR_LEMMA,,GENERAL,MATRYOSHKA_CORE,21,17,,,away,,,SCOWL_GATE_V0_4
103,103,110,even,even,LEXICAL_TARGET,LOWERCASE_ENTRY,SCOWL60_EXACT,KEEP_DEFAULT,even,UNRESOLVED_OR_LEMMA,,GENERAL,DIRECT_FALLBACK,,,,,,,,SCOWL_GATE_V0_4
104,104,111,very,very,LEXICAL_TARGET,LOWERCASE_ENTRY,SCOWL60_EXACT,KEEP_DEFAULT,very,UNRESOLVED_OR_LEMMA,,GENERAL,MATRYOSHKA_CORE,22,18,,,every,,,SCOWL_GATE_V0_4
105,105,113,did,did,LEXICAL_TARGET,LOWERCASE_ENTRY,SCOWL60_EXACT,KEEP_DEFAULT,do,KNOWN_MORPH_RELATION,AUXILIARY,GENERAL,MATRYOSHKA_CORE,5,5,id,,,,,SCOWL_GATE_V0_4
106,106,114,need,need,LEXICAL_TARGET,LOWERCASE_ENTRY,SCOWL60_EXACT,KEEP_DEFAULT,need,UNRESOLVED_OR_LEMMA,,GENERAL,MATRYOSHKA_EXTENSION,23,,,,,needs,,SCOWL_GATE_V0_4
107,107,115,right,right,LEXICAL_TARGET,LOWERCASE_WITH_CASE_COLLISION,SCOWL60_EXACT,KEEP_DEFAULT,right,UNRESOLVED_OR_LEMMA,,GENERAL,DIRECT_FALLBACK,,,,,,,,SCOWL_GATE_V0_4
108,108,116,said,said,LEXICAL_TARGET,LOWERCASE_ENTRY,SCOWL60_EXACT,KEEP_DEFAULT,say,KNOWN_MORPH_RELATION,,GENERAL,MATRYOSHKA_CORE,5,5,aid,,,,,SCOWL_GATE_V0_4
109,109,117,too,too,LEXICAL_TARGET,LOWERCASE_ENTRY,SCOWL60_EXACT,KEEP_DEFAULT,too,UNRESOLVED_OR_LEMMA,,GENERAL,MATRYOSHKA_CORE,3,3,,to,,took,,SCOWL_GATE_V0_4
110,110,118,years,years,LEXICAL_TARGET,LOWERCASE_ENTRY,SCOWL60_EXACT,KEEP_DEFAULT,year,REGULAR_S_FORM,,GENERAL,MATRYOSHKA_EXTENSION,24,,,year,,,,SCOWL_GATE_V0_4
111,111,119,work,work,LEXICAL_TARGET,LOWERCASE_ENTRY,SCOWL60_EXACT,KEEP_DEFAULT,work,UNRESOLVED_OR_LEMMA,,GENERAL,MATRYOSHKA_EXTENSION,25,,,,,works,,SCOWL_GATE_V0_4
112,112,120,being,being,LEXICAL_TARGET,LOWERCASE_ENTRY,SCOWL60_EXACT,KEEP_DEFAULT,be,KNOWN_MORPH_RELATION,AUXILIARY,GENERAL,DIRECT_FALLBACK,,,,,,,,SCOWL_GATE_V0_4
113,113,121,here,here,LEXICAL_TARGET,LOWERCASE_ENTRY,SCOWL60_EXACT,KEEP_DEFAULT,here,UNRESOLVED_OR_LEMMA,,GENERAL,MATRYOSHKA_CORE,1,1,,her,there;where,,,SCOWL_GATE_V0_4
114,114,122,before,before,LEXICAL_TARGET,LOWERCASE_ENTRY,SCOWL60_EXACT,KEEP_DEFAULT,before,UNRESOLVED_OR_LEMMA,PREPOSITION,GENERAL,DIRECT_FALLBACK,,,,,,,,SCOWL_GATE_V0_4
115,115,123,day,day,LEXICAL_TARGET,LOWERCASE_WITH_CASE_COLLISION,SCOWL60_EXACT,KEEP_DEFAULT,day,UNRESOLVED_OR_LEMMA,,GENERAL,MATRYOSHKA_EXTENSION,26,,,,,days,,SCOWL_GATE_V0_4
116,116,124,really,really,LEXICAL_TARGET,LOWERCASE_ENTRY,SCOWL60_EXACT,KEEP_DEFAULT,really,UNRESOLVED_OR_LEMMA,,GENERAL,DIRECT_FALLBACK,,,,,,,,SCOWL_GATE_V0_4
117,117,125,made,made,LEXICAL_TARGET,LOWERCASE_ENTRY,SCOWL60_EXACT,KEEP_DEFAULT,make,KNOWN_MORPH_RELATION,,GENERAL,MATRYOSHKA_CORE,4,4,,mad,,,,SCOWL_GATE_V0_4
118,118,126,many,many,LEXICAL_TARGET,LOWERCASE_ENTRY,SCOWL60_EXACT,KEEP_DEFAULT,many,UNRESOLVED_OR_LEMMA,DETERMINER|PRONOUN,GENERAL,MATRYOSHKA_CORE,4,4,any,man,,,,SCOWL_GATE_V0_4
119,119,127,world,world,LEXICAL_TARGET,LOWERCASE_ENTRY,SCOWL60_EXACT,KEEP_DEFAULT,world,UNRESOLVED_OR_LEMMA,,GENERAL,DIRECT_FALLBACK,,,,,,,,SCOWL_GATE_V0_4
120,120,128,year,year,LEXICAL_TARGET,LOWERCASE_ENTRY,SCOWL60_EXACT,KEEP_DEFAULT,year,UNRESOLVED_OR_LEMMA,,GENERAL,MATRYOSHKA_EXTENSION,24,,,,,years,,SCOWL_GATE_V0_4
121,121,129,going,going,LEXICAL_TARGET,LOWERCASE_ENTRY,SCOWL60_EXACT,KEEP_DEFAULT,go,KNOWN_MORPH_RELATION,,GENERAL,DIRECT_FALLBACK,,,,,,,,SCOWL_GATE_V0_4
122,122,130,off,off,LEXICAL_TARGET,LOWERCASE_ENTRY,SCOWL60_EXACT,KEEP_DEFAULT,off,UNRESOLVED_OR_LEMMA,PARTICLE,GENERAL,MATRYOSHKA_CORE,2,2,,of,,,,SCOWL_GATE_V0_4
123,123,131,still,still,LEXICAL_TARGET,LOWERCASE_ENTRY,SCOWL60_EXACT,KEEP_DEFAULT,still,UNRESOLVED_OR_LEMMA,,GENERAL,DIRECT_FALLBACK,,,,,,,,SCOWL_GATE_V0_4
124,124,132,take,take,LEXICAL_TARGET,LOWERCASE_ENTRY,SCOWL60_EXACT,KEEP_DEFAULT,take,UNRESOLVED_OR_LEMMA,,GENERAL,MATRYOSHKA_EXTENSION,27,,,,,taken,,SCOWL_GATE_V0_4
125,125,133,those,those,LEXICAL_TARGET,LOWERCASE_ENTRY,SCOWL60_EXACT,KEEP_DEFAULT,those,UNRESOLVED_OR_LEMMA,DETERMINER,GENERAL,DIRECT_FALLBACK,,,,,,,,SCOWL_GATE_V0_4
126,126,134,why,why,LEXICAL_TARGET,LOWERCASE_ENTRY,SCOWL60_EXACT,KEEP_DEFAULT,why,UNRESOLVED_OR_LEMMA,,GENERAL,DIRECT_FALLBACK,,,,,,,,SCOWL_GATE_V0_4
127,127,135,never,never,LEXICAL_TARGET,LOWERCASE_ENTRY,SCOWL60_EXACT,KEEP_DEFAULT,never,UNRESOLVED_OR_LEMMA,,GENERAL,MATRYOSHKA_CORE,22,18,ever,,,,,SCOWL_GATE_V0_4
128,128,136,got,got,LEXICAL_TARGET,LOWERCASE_ENTRY,SCOWL60_EXACT,KEEP_DEFAULT,get,KNOWN_MORPH_RELATION,,GENERAL,MATRYOSHKA_CORE,18,15,,go,,,,SCOWL_GATE_V0_4
129,129,137,life,life,LEXICAL_TARGET,LOWERCASE_ENTRY,SCOWL60_EXACT,KEEP_DEFAULT,life,UNRESOLVED_OR_LEMMA,,GENERAL,DIRECT_FALLBACK,,,,,,,,SCOWL_GATE_V0_4
130,130,138,say,say,LEXICAL_TARGET,LOWERCASE_ENTRY,SCOWL60_EXACT,KEEP_DEFAULT,say,UNRESOLVED_OR_LEMMA,,GENERAL,MATRYOSHKA_EXTENSION,28,,,,,says,,SCOWL_GATE_V0_4
131,131,139,such,such,LEXICAL_TARGET,LOWERCASE_ENTRY,SCOWL60_EXACT,KEEP_DEFAULT,such,UNRESOLVED_OR_LEMMA,,GENERAL,DIRECT_FALLBACK,,,,,,,,SCOWL_GATE_V0_4
132,132,140,through,through,LEXICAL_TARGET,LOWERCASE_ENTRY,SCOWL60_EXACT,KEEP_DEFAULT,through,UNRESOLVED_OR_LEMMA,PREPOSITION,GENERAL,DIRECT_FALLBACK,,,,,,,,SCOWL_GATE_V0_4
133,133,142,down,down,LEXICAL_TARGET,LOWERCASE_ENTRY,SCOWL60_EXACT,KEEP_DEFAULT,down,UNRESOLVED_OR_LEMMA,,GENERAL,MATRYOSHKA_CORE,29,19,own,,,,,SCOWL_GATE_V0_4
134,134,144,great,great,LEXICAL_TARGET,LOWERCASE_ENTRY,SCOWL60_EXACT,KEEP_DEFAULT,great,UNRESOLVED_OR_LEMMA,,GENERAL,DIRECT_FALLBACK,,,,,,,,SCOWL_GATE_V0_4
135,135,145,last,last,LEXICAL_TARGET,LOWERCASE_ENTRY,SCOWL60_EXACT,KEEP_DEFAULT,last,UNRESOLVED_OR_LEMMA,,GENERAL,DIRECT_FALLBACK,,,,,,,,SCOWL_GATE_V0_4
136,136,146,man,man,LEXICAL_TARGET,LOWERCASE_WITH_CASE_COLLISION,SCOWL60_EXACT,KEEP_DEFAULT,man,UNRESOLVED_OR_LEMMA,,GENERAL,MATRYOSHKA_CORE,4,4,an,ma,,many,,SCOWL_GATE_V0_4
137,137,147,while,while,LEXICAL_TARGET,LOWERCASE_ENTRY,SCOWL60_EXACT,KEEP_DEFAULT,while,UNRESOLVED_OR_LEMMA,CONJUNCTION,GENERAL,DIRECT_FALLBACK,,,,,,,,SCOWL_GATE_V0_4
138,138,148,use,use,LEXICAL_TARGET,LOWERCASE_ENTRY,SCOWL60_EXACT,KEEP_DEFAULT,use,UNRESOLVED_OR_LEMMA,,GENERAL,MATRYOSHKA_CORE,20,16,,us,,used,,SCOWL_GATE_V0_4
139,139,149,between,between,LEXICAL_TARGET,LOWERCASE_ENTRY,SCOWL60_EXACT,KEEP_DEFAULT,between,UNRESOLVED_OR_LEMMA,PREPOSITION,GENERAL,DIRECT_FALLBACK,,,,,,,,SCOWL_GATE_V0_4
140,140,150,used,used,LEXICAL_TARGET,LOWERCASE_ENTRY,SCOWL60_EXACT,KEEP_DEFAULT,use,FORM_AND_LEMMA,,GENERAL,MATRYOSHKA_EXTENSION,20,,,use,,,,SCOWL_GATE_V0_4
141,141,151,long,long,LEXICAL_TARGET,LOWERCASE_WITH_CASE_COLLISION,SCOWL60_EXACT,KEEP_DEFAULT,long,UNRESOLVED_OR_LEMMA,,GENERAL,MATRYOSHKA_CORE,30,20,,,along,,,SCOWL_GATE_V0_4
142,142,152,same,same,LEXICAL_TARGET,LOWERCASE_ENTRY,SCOWL60_EXACT,KEEP_DEFAULT,same,UNRESOLVED_OR_LEMMA,,GENERAL,DIRECT_FALLBACK,,,,,,,,SCOWL_GATE_V0_4
143,143,154,three,three,LEXICAL_TARGET,LOWERCASE_ENTRY,SCOWL60_EXACT,KEEP_DEFAULT,three,UNRESOLVED_OR_LEMMA,,GENERAL,DIRECT_FALLBACK,,,,,,,,SCOWL_GATE_V0_4
144,144,155,both,both,LEXICAL_TARGET,LOWERCASE_ENTRY,SCOWL60_EXACT,KEEP_DEFAULT,both,UNRESOLVED_OR_LEMMA,DETERMINER|PRONOUN,GENERAL,DIRECT_FALLBACK,,,,,,,,SCOWL_GATE_V0_4
145,145,157,part,part,LEXICAL_TARGET,LOWERCASE_ENTRY,SCOWL60_EXACT,KEEP_DEFAULT,part,UNRESOLVED_OR_LEMMA,,GENERAL,MATRYOSHKA_CORE,31,21,art,,,party,,SCOWL_GATE_V0_4
146,146,158,something,something,LEXICAL_TARGET,LOWERCASE_ENTRY,SCOWL60_EXACT,KEEP_DEFAULT,something,UNRESOLVED_OR_LEMMA,PRONOUN,GENERAL,DIRECT_FALLBACK,,,,,,,,SCOWL_GATE_V0_4
147,147,159,am,am,LEXICAL_TARGET,LOWERCASE_WITH_CASE_COLLISION,SCOWL60_EXACT,KEEP_DEFAULT,be,KNOWN_MORPH_RELATION,AUXILIARY,GENERAL,MATRYOSHKA_CORE,4,4,,a,,,,SCOWL_GATE_V0_4
148,148,160,best,best,LEXICAL_TARGET,LOWERCASE_WITH_CASE_COLLISION,SCOWL60_EXACT,KEEP_DEFAULT,good,KNOWN_MORPH_RELATION,,GENERAL,DIRECT_FALLBACK,,,,,,,,SCOWL_GATE_V0_4
149,149,161,come,come,LEXICAL_TARGET,LOWERCASE_ENTRY,SCOWL60_EXACT,KEEP_DEFAULT,come,UNRESOLVED_OR_LEMMA,,GENERAL,MATRYOSHKA_EXTENSION,32,,,,,comes,,SCOWL_GATE_V0_4
150,150,162,love,love,LEXICAL_TARGET,LOWERCASE_WITH_CASE_COLLISION,SCOWL60_EXACT,KEEP_DEFAULT,love,UNRESOLVED_OR_LEMMA,,GENERAL,DIRECT_FALLBACK,,,,,,,,SCOWL_GATE_V0_4
151,151,163,under,under,LEXICAL_TARGET,LOWERCASE_ENTRY,SCOWL60_EXACT,KEEP_DEFAULT,under,UNRESOLVED_OR_LEMMA,PREPOSITION,GENERAL,DIRECT_FALLBACK,,,,,,,,SCOWL_GATE_V0_4
152,152,164,look,look,LEXICAL_TARGET,LOWERCASE_ENTRY,SCOWL60_EXACT,KEEP_DEFAULT,look,UNRESOLVED_OR_LEMMA,,GENERAL,MATRYOSHKA_EXTENSION,33,,,,,looks,,SCOWL_GATE_V0_4
153,153,165,since,since,LEXICAL_TARGET,LOWERCASE_ENTRY,SCOWL60_EXACT,KEEP_DEFAULT,since,UNRESOLVED_OR_LEMMA,CONJUNCTION,GENERAL,DIRECT_FALLBACK,,,,,,,,SCOWL_GATE_V0_4
154,154,167,does,does,LEXICAL_TARGET,LOWERCASE_ENTRY,SCOWL60_EXACT,KEEP_DEFAULT,do,KNOWN_MORPH_RELATION,AUXILIARY,GENERAL,DIRECT_FALLBACK,,,,,,,,SCOWL_GATE_V0_4
155,155,168,every,every,LEXICAL_TARGET,LOWERCASE_ENTRY,SCOWL60_EXACT,KEEP_DEFAULT,every,UNRESOLVED_OR_LEMMA,DETERMINER,GENERAL,MATRYOSHKA_CORE,22,18,very,ever,,,,SCOWL_GATE_V0_4
156,156,169,must,must,LEXICAL_TARGET,LOWERCASE_ENTRY,SCOWL60_EXACT,KEEP_DEFAULT,must,UNRESOLVED_OR_LEMMA,MODAL,GENERAL,DIRECT_FALLBACK,,,,,,,,SCOWL_GATE_V0_4
157,157,170,always,always,LEXICAL_TARGET,LOWERCASE_ENTRY,SCOWL60_EXACT,KEEP_DEFAULT,always,UNRESOLVED_OR_LEMMA,,GENERAL,DIRECT_FALLBACK,,,,,,,,SCOWL_GATE_V0_4
158,158,171,better,better,LEXICAL_TARGET,LOWERCASE_ENTRY,SCOWL60_EXACT,KEEP_DEFAULT,good,KNOWN_MORPH_RELATION,,GENERAL,DIRECT_FALLBACK,,,,,,,,SCOWL_GATE_V0_4
159,159,172,little,little,LEXICAL_TARGET,LOWERCASE_WITH_CASE_COLLISION,SCOWL60_EXACT,KEEP_DEFAULT,little,UNRESOLVED_OR_LEMMA,,GENERAL,DIRECT_FALLBACK,,,,,,,,SCOWL_GATE_V0_4
160,160,173,old,old,LEXICAL_TARGET,LOWERCASE_ENTRY,SCOWL60_EXACT,KEEP_DEFAULT,old,UNRESOLVED_OR_LEMMA,,GENERAL,MATRYOSHKA_CORE,34,22,,,told,,,SCOWL_GATE_V0_4
161,161,174,another,another,LEXICAL_TARGET,LOWERCASE_ENTRY,SCOWL60_EXACT,KEEP_DEFAULT,another,UNRESOLVED_OR_LEMMA,DETERMINER|PRONOUN,GENERAL,DIRECT_FALLBACK,,,,,,,,SCOWL_GATE_V0_4
162,162,175,during,during,LEXICAL_TARGET,LOWERCASE_ENTRY,SCOWL60_EXACT,KEEP_DEFAULT,during,UNRESOLVED_OR_LEMMA,PREPOSITION,GENERAL,DIRECT_FALLBACK,,,,,,,,SCOWL_GATE_V0_4
163,163,176,find,find,LEXICAL_TARGET,LOWERCASE_ENTRY,SCOWL60_EXACT,KEEP_DEFAULT,find,UNRESOLVED_OR_LEMMA,,GENERAL,DIRECT_FALLBACK,,,,,,,,SCOWL_GATE_V0_4
164,164,177,high,high,LEXICAL_TARGET,LOWERCASE_ENTRY,SCOWL60_EXACT,KEEP_DEFAULT,high,UNRESOLVED_OR_LEMMA,,GENERAL,DIRECT_FALLBACK,,,,,,,,SCOWL_GATE_V0_4
165,165,178,home,home,LEXICAL_TARGET,LOWERCASE_ENTRY,SCOWL60_EXACT,KEEP_DEFAULT,home,UNRESOLVED_OR_LEMMA,,GENERAL,DIRECT_FALLBACK,,,,,,,,SCOWL_GATE_V0_4
166,166,179,place,place,LEXICAL_TARGET,LOWERCASE_ENTRY,SCOWL60_EXACT,KEEP_DEFAULT,place,UNRESOLVED_OR_LEMMA,,GENERAL,DIRECT_FALLBACK,,,,,,,,SCOWL_GATE_V0_4
167,167,181,around,around,LEXICAL_TARGET,LOWERCASE_ENTRY,SCOWL60_EXACT,KEEP_DEFAULT,around,UNRESOLVED_OR_LEMMA,PREPOSITION,GENERAL,DIRECT_FALLBACK,,,,,,,,SCOWL_GATE_V0_4
168,168,182,own,own,LEXICAL_TARGET,LOWERCASE_ENTRY,SCOWL60_EXACT,KEEP_DEFAULT,own,UNRESOLVED_OR_LEMMA,,GENERAL,MATRYOSHKA_CORE,29,19,,,down,,,SCOWL_GATE_V0_4
169,169,183,state,state,LEXICAL_TARGET,LOWERCASE_ENTRY,SCOWL60_EXACT,KEEP_DEFAULT,state,UNRESOLVED_OR_LEMMA,,GENERAL,MATRYOSHKA_EXTENSION,35,,,,,states,,SCOWL_GATE_V0_4
170,170,184,each,each,LEXICAL_TARGET,LOWERCASE_ENTRY,SCOWL60_EXACT,KEEP_DEFAULT,each,UNRESOLVED_OR_LEMMA,DETERMINER|PRONOUN,GENERAL,DIRECT_FALLBACK,,,,,,,,SCOWL_GATE_V0_4
171,171,185,give,give,LEXICAL_TARGET,LOWERCASE_ENTRY,SCOWL60_EXACT,KEEP_DEFAULT,give,UNRESOLVED_OR_LEMMA,,GENERAL,MATRYOSHKA_EXTENSION,36,,,,,given,,SCOWL_GATE_V0_4
172,172,186,help,help,LEXICAL_TARGET,LOWERCASE_ENTRY,SCOWL60_EXACT,KEEP_DEFAULT,help,UNRESOLVED_OR_LEMMA,,GENERAL,DIRECT_FALLBACK,,,,,,,,SCOWL_GATE_V0_4
173,174,188,things,things,LEXICAL_TARGET,LOWERCASE_ENTRY,SCOWL60_EXACT,KEEP_DEFAULT,thing,REGULAR_S_FORM,,GENERAL,MATRYOSHKA_EXTENSION,37,,,thing,,,,SCOWL_GATE_V0_4
174,175,189,again,again,LEXICAL_TARGET,LOWERCASE_ENTRY,SCOWL60_EXACT,KEEP_DEFAULT,again,UNRESOLVED_OR_LEMMA,,GENERAL,DIRECT_FALLBACK,,,,,,,,SCOWL_GATE_V0_4
175,176,190,against,against,LEXICAL_TARGET,LOWERCASE_ENTRY,SCOWL60_EXACT,KEEP_DEFAULT,against,UNRESOLVED_OR_LEMMA,PREPOSITION,GENERAL,DIRECT_FALLBACK,,,,,,,,SCOWL_GATE_V0_4
176,177,191,found,found,LEXICAL_TARGET,LOWERCASE_ENTRY,SCOWL60_EXACT,KEEP_DEFAULT,find,KNOWN_MORPH_RELATION,,GENERAL,DIRECT_FALLBACK,,,,,,,,SCOWL_GATE_V0_4
177,178,192,game,game,LEXICAL_TARGET,LOWERCASE_ENTRY,SCOWL60_EXACT,KEEP_DEFAULT,game,UNRESOLVED_OR_LEMMA,,GENERAL,MATRYOSHKA_EXTENSION,38,,,,,games,,SCOWL_GATE_V0_4
178,179,194,school,school,LEXICAL_TARGET,LOWERCASE_ENTRY,SCOWL60_EXACT,KEEP_DEFAULT,school,UNRESOLVED_OR_LEMMA,,GENERAL,DIRECT_FALLBACK,,,,,,,,SCOWL_GATE_V0_4
179,180,195,without,without,LEXICAL_TARGET,LOWERCASE_ENTRY,SCOWL60_EXACT,KEEP_DEFAULT,without,UNRESOLVED_OR_LEMMA,PREPOSITION,GENERAL,DIRECT_FALLBACK,,,,,,,,SCOWL_GATE_V0_4
180,181,196,end,end,LEXICAL_TARGET,LOWERCASE_ENTRY,SCOWL60_EXACT,KEEP_DEFAULT,end,UNRESOLVED_OR_LEMMA,,GENERAL,DIRECT_FALLBACK,,,,,,,,SCOWL_GATE_V0_4
181,182,197,thing,thing,LEXICAL_TARGET,LOWERCASE_ENTRY,SCOWL60_EXACT,KEEP_DEFAULT,thing,UNRESOLVED_OR_LEMMA,,GENERAL,MATRYOSHKA_EXTENSION,37,,,,,things,,SCOWL_GATE_V0_4
182,183,198,government,government,LEXICAL_TARGET,LOWERCASE_ENTRY,SCOWL60_EXACT,KEEP_DEFAULT,government,UNRESOLVED_OR_LEMMA,,GENERAL,DIRECT_FALLBACK,,,,,,,,SCOWL_GATE_V0_4
183,184,199,house,house,LEXICAL_TARGET,LOWERCASE_WITH_CASE_COLLISION,SCOWL60_EXACT,KEEP_DEFAULT,house,UNRESOLVED_OR_LEMMA,,GENERAL,DIRECT_FALLBACK,,,,,,,,SCOWL_GATE_V0_4
184,185,200,next,next,LEXICAL_TARGET,LOWERCASE_ENTRY,SCOWL60_EXACT,KEEP_DEFAULT,next,UNRESOLVED_OR_LEMMA,,GENERAL,DIRECT_FALLBACK,,,,,,,,SCOWL_GATE_V0_4
185,186,201,please,please,LEXICAL_TARGET,LOWERCASE_ENTRY,SCOWL60_EXACT,KEEP_DEFAULT,please,UNRESOLVED_OR_LEMMA,,GENERAL,DIRECT_FALLBACK,,,,,,,,SCOWL_GATE_V0_4
186,187,202,god,god,LEXICAL_TARGET,LOWERCASE_WITH_CASE_COLLISION,SCOWL60_EXACT,KEEP_DEFAULT,god,UNRESOLVED_OR_LEMMA,,GENERAL_RELIGIOUS_SENSE,MATRYOSHKA_CORE,18,15,,go,,,,SCOWL_GATE_V0_4
187,188,203,ever,ever,LEXICAL_TARGET,LOWERCASE_ENTRY,SCOWL60_EXACT,KEEP_DEFAULT,ever,UNRESOLVED_OR_LEMMA,,GENERAL,MATRYOSHKA_CORE,22,18,,,never,every,,SCOWL_GATE_V0_4
188,189,204,family,family,LEXICAL_TARGET,LOWERCASE_ENTRY,SCOWL60_EXACT,KEEP_DEFAULT,family,UNRESOLVED_OR_LEMMA,,GENERAL,DIRECT_FALLBACK,,,,,,,,SCOWL_GATE_V0_4
189,190,205,feel,feel,LEXICAL_TARGET,LOWERCASE_ENTRY,SCOWL60_EXACT,KEEP_DEFAULT,feel,UNRESOLVED_OR_LEMMA,,GENERAL,DIRECT_FALLBACK,,,,,,,,SCOWL_GATE_V0_4
190,191,206,might,might,LEXICAL_TARGET,LOWERCASE_ENTRY,SCOWL60_EXACT,KEEP_DEFAULT,might,UNRESOLVED_OR_LEMMA,MODAL,GENERAL,DIRECT_FALLBACK,,,,,,,,SCOWL_GATE_V0_4
191,192,207,put,put,LEXICAL_TARGET,LOWERCASE_ENTRY,SCOWL60_EXACT,KEEP_DEFAULT,put,UNRESOLVED_OR_LEMMA,,GENERAL,DIRECT_FALLBACK,,,,,,,,SCOWL_GATE_V0_4
192,193,208,however,however,LEXICAL_TARGET,LOWERCASE_ENTRY,SCOWL60_EXACT,KEEP_DEFAULT,however,UNRESOLVED_OR_LEMMA,,GENERAL,DIRECT_FALLBACK,,,,,,,,SCOWL_GATE_V0_4
193,194,209,name,name,LEXICAL_TARGET,LOWERCASE_ENTRY,SCOWL60_EXACT,KEEP_DEFAULT,name,UNRESOLVED_OR_LEMMA,,GENERAL,DIRECT_FALLBACK,,,,,,,,SCOWL_GATE_V0_4
194,195,210,number,number,LEXICAL_TARGET,LOWERCASE_ENTRY,SCOWL60_EXACT,KEEP_DEFAULT,number,UNRESOLVED_OR_LEMMA,,GENERAL,DIRECT_FALLBACK,,,,,,,,SCOWL_GATE_V0_4
195,196,211,second,second,LEXICAL_TARGET,LOWERCASE_ENTRY,SCOWL60_EXACT,KEEP_DEFAULT,second,UNRESOLVED_OR_LEMMA,,GENERAL,DIRECT_FALLBACK,,,,,,,,SCOWL_GATE_V0_4
196,197,212,show,show,LEXICAL_TARGET,LOWERCASE_ENTRY,SCOWL60_EXACT,KEEP_DEFAULT,show,UNRESOLVED_OR_LEMMA,,GENERAL,MATRYOSHKA_CORE,14,12,how,,,,,SCOWL_GATE_V0_4
197,198,214,left,left,LEXICAL_TARGET,LOWERCASE_WITH_CASE_COLLISION,SCOWL60_EXACT,KEEP_DEFAULT,leave,FORM_AND_LEMMA,,GENERAL,DIRECT_FALLBACK,,,,,,,,SCOWL_GATE_V0_4
198,199,215,big,big,LEXICAL_TARGET,LOWERCASE_ENTRY,SCOWL60_EXACT,KEEP_DEFAULT,big,UNRESOLVED_OR_LEMMA,,GENERAL,DIRECT_FALLBACK,,,,,,,,SCOWL_GATE_V0_4
199,200,217,keep,keep,LEXICAL_TARGET,LOWERCASE_ENTRY,SCOWL60_EXACT,KEEP_DEFAULT,keep,UNRESOLVED_OR_LEMMA,,GENERAL,DIRECT_FALLBACK,,,,,,,,SCOWL_GATE_V0_4
200,201,218,night,night,LEXICAL_TARGET,LOWERCASE_ENTRY,SCOWL60_EXACT,KEEP_DEFAULT,night,UNRESOLVED_OR_LEMMA,,GENERAL,DIRECT_FALLBACK,,,,,,,,SCOWL_GATE_V0_4
201,202,219,sure,sure,LEXICAL_TARGET,LOWERCASE_ENTRY,SCOWL60_EXACT,KEEP_DEFAULT,sure,UNRESOLVED_OR_LEMMA,,GENERAL,DIRECT_FALLBACK,,,,,,,,SCOWL_GATE_V0_4
202,203,221,set,set,LEXICAL_TARGET,LOWERCASE_WITH_CASE_COLLISION,SCOWL60_EXACT,KEEP_DEFAULT,set,UNRESOLVED_OR_LEMMA,,GENERAL,DIRECT_FALLBACK,,,,,,,,SCOWL_GATE_V0_4
203,204,222,team,team,LEXICAL_TARGET,LOWERCASE_ENTRY,SCOWL60_EXACT,KEEP_DEFAULT,team,UNRESOLVED_OR_LEMMA,,GENERAL,DIRECT_FALLBACK,,,,,,,,SCOWL_GATE_V0_4
204,205,223,until,until,LEXICAL_TARGET,LOWERCASE_ENTRY,SCOWL60_EXACT,KEEP_DEFAULT,until,UNRESOLVED_OR_LEMMA,PREPOSITION,GENERAL,DIRECT_FALLBACK,,,,,,,,SCOWL_GATE_V0_4
205,206,224,away,away,LEXICAL_TARGET,LOWERCASE_ENTRY,SCOWL60_EXACT,KEEP_DEFAULT,away,UNRESOLVED_OR_LEMMA,,GENERAL,MATRYOSHKA_CORE,21,17,way,,,,,SCOWL_GATE_V0_4
206,207,225,called,called,LEXICAL_TARGET,LOWERCASE_ENTRY,SCOWL60_EXACT,KEEP_DEFAULT,call,INFLECTED_FORM,,GENERAL,DIRECT_FALLBACK,,,,,,,,SCOWL_GATE_V0_4
207,208,226,case,case,LEXICAL_TARGET,LOWERCASE_WITH_CASE_COLLISION,SCOWL60_EXACT,KEEP_DEFAULT,case,UNRESOLVED_OR_LEMMA,,GENERAL,DIRECT_FALLBACK,,,,,,,,SCOWL_GATE_V0_4
208,209,227,days,days,LEXICAL_TARGET,LOWERCASE_ENTRY,SCOWL60_EXACT,KEEP_DEFAULT,day,REGULAR_S_FORM,,GENERAL,MATRYOSHKA_EXTENSION,26,,,day,,,,SCOWL_GATE_V0_4
209,210,228,different,different,LEXICAL_TARGET,LOWERCASE_ENTRY,SCOWL60_EXACT,KEEP_DEFAULT,different,UNRESOLVED_OR_LEMMA,,GENERAL,DIRECT_FALLBACK,,,,,,,,SCOWL_GATE_V0_4
210,211,229,group,group,LEXICAL_TARGET,LOWERCASE_ENTRY,SCOWL60_EXACT,KEEP_DEFAULT,group,UNRESOLVED_OR_LEMMA,,GENERAL,DIRECT_FALLBACK,,,,,,,,SCOWL_GATE_V0_4
211,212,230,money,money,LEXICAL_TARGET,LOWERCASE_ENTRY,SCOWL60_EXACT,KEEP_DEFAULT,money,UNRESOLVED_OR_LEMMA,,GENERAL,DIRECT_FALLBACK,,,,,,,,SCOWL_GATE_V0_4
212,213,231,let,let,LEXICAL_TARGET,LOWERCASE_ENTRY,SCOWL60_EXACT,KEEP_DEFAULT,let,UNRESOLVED_OR_LEMMA,,GENERAL,DIRECT_FALLBACK,,,,,,,,SCOWL_GATE_V0_4
213,214,232,someone,someone,LEXICAL_TARGET,LOWERCASE_ENTRY,SCOWL60_EXACT,KEEP_DEFAULT,someone,UNRESOLVED_OR_LEMMA,PRONOUN,GENERAL,DIRECT_FALLBACK,,,,,,,,SCOWL_GATE_V0_4
214,215,233,thought,thought,LEXICAL_TARGET,LOWERCASE_ENTRY,SCOWL60_EXACT,KEEP_DEFAULT,think,FORM_AND_LEMMA,,GENERAL,MATRYOSHKA_CORE,39,23,,though,,,,SCOWL_GATE_V0_4
215,216,234,already,already,LEXICAL_TARGET,LOWERCASE_ENTRY,SCOWL60_EXACT,KEEP_DEFAULT,already,UNRESOLVED_OR_LEMMA,,GENERAL,DIRECT_FALLBACK,,,,,,,,SCOWL_GATE_V0_4
216,217,235,city,city,LEXICAL_TARGET,LOWERCASE_ENTRY,SCOWL60_EXACT,KEEP_DEFAULT,city,UNRESOLVED_OR_LEMMA,,GENERAL,DIRECT_FALLBACK,,,,,,,,SCOWL_GATE_V0_4
217,219,237,play,play,LEXICAL_TARGET,LOWERCASE_ENTRY,SCOWL60_EXACT,KEEP_DEFAULT,play,UNRESOLVED_OR_LEMMA,,GENERAL,MATRYOSHKA_CORE,4,4,lay,,,,,SCOWL_GATE_V0_4
218,220,238,public,public,LEXICAL_TARGET,LOWERCASE_ENTRY,SCOWL60_EXACT,KEEP_DEFAULT,public,UNRESOLVED_OR_LEMMA,,GENERAL,DIRECT_FALLBACK,,,,,,,,SCOWL_GATE_V0_4
219,221,239,system,system,LEXICAL_TARGET,LOWERCASE_ENTRY,SCOWL60_EXACT,KEEP_DEFAULT,system,UNRESOLVED_OR_LEMMA,,GENERAL,DIRECT_FALLBACK,,,,,,,,SCOWL_GATE_V0_4
220,222,240,doing,doing,LEXICAL_TARGET,LOWERCASE_ENTRY,SCOWL60_EXACT,KEEP_DEFAULT,do,KNOWN_MORPH_RELATION,AUXILIARY,GENERAL,DIRECT_FALLBACK,,,,,,,,SCOWL_GATE_V0_4
221,223,241,done,done,LEXICAL_TARGET,LOWERCASE_ENTRY,SCOWL60_EXACT,KEEP_DEFAULT,do,KNOWN_MORPH_RELATION,AUXILIARY,GENERAL,MATRYOSHKA_CORE,8,8,one,don,,,,SCOWL_GATE_V0_4
222,224,242,few,few,LEXICAL_TARGET,LOWERCASE_ENTRY,SCOWL60_EXACT,KEEP_DEFAULT,few,UNRESOLVED_OR_LEMMA,DETERMINER|PRONOUN,GENERAL,DIRECT_FALLBACK,,,,,,,,SCOWL_GATE_V0_4
223,225,243,national,national,LEXICAL_TARGET,LOWERCASE_ENTRY,SCOWL60_EXACT,KEEP_DEFAULT,national,UNRESOLVED_OR_LEMMA,,GENERAL,DIRECT_FALLBACK,,,,,,,,SCOWL_GATE_V0_4
224,226,244,real,real,LEXICAL_TARGET,LOWERCASE_ENTRY,SCOWL60_EXACT,KEEP_DEFAULT,real,UNRESOLVED_OR_LEMMA,,GENERAL,DIRECT_FALLBACK,,,,,,,,SCOWL_GATE_V0_4
225,227,245,free,free,LEXICAL_TARGET,LOWERCASE_ENTRY,SCOWL60_EXACT,KEEP_DEFAULT,free,UNRESOLVED_OR_LEMMA,,GENERAL,DIRECT_FALLBACK,,,,,,,,SCOWL_GATE_V0_4
226,228,246,having,having,LEXICAL_TARGET,LOWERCASE_ENTRY,SCOWL60_EXACT,KEEP_DEFAULT,have,KNOWN_MORPH_RELATION,AUXILIARY,GENERAL,DIRECT_FALLBACK,,,,,,,,SCOWL_GATE_V0_4
227,229,247,person,person,LEXICAL_TARGET,LOWERCASE_ENTRY,SCOWL60_EXACT,KEEP_DEFAULT,person,UNRESOLVED_OR_LEMMA,,GENERAL,DIRECT_FALLBACK,,,,,,,,SCOWL_GATE_V0_4
228,230,248,change,change,LEXICAL_TARGET,LOWERCASE_ENTRY,SCOWL60_EXACT,KEEP_DEFAULT,change,UNRESOLVED_OR_LEMMA,,GENERAL,DIRECT_FALLBACK,,,,,,,,SCOWL_GATE_V0_4
229,232,250,general,general,LEXICAL_TARGET,LOWERCASE_ENTRY,SCOWL60_EXACT,KEEP_DEFAULT,general,UNRESOLVED_OR_LEMMA,,GENERAL,DIRECT_FALLBACK,,,,,,,,SCOWL_GATE_V0_4
230,233,251,lot,lot,LEXICAL_TARGET,LOWERCASE_WITH_CASE_COLLISION,SCOWL60_EXACT,KEEP_DEFAULT,lot,UNRESOLVED_OR_LEMMA,,GENERAL,DIRECT_FALLBACK,,,,,,,,SCOWL_GATE_V0_4
231,234,252,point,point,LEXICAL_TARGET,LOWERCASE_ENTRY,SCOWL60_EXACT,KEEP_DEFAULT,point,UNRESOLVED_OR_LEMMA,,GENERAL,DIRECT_FALLBACK,,,,,,,,SCOWL_GATE_V0_4
232,235,253,times,times,LEXICAL_TARGET,LOWERCASE_ENTRY,SCOWL60_EXACT,KEEP_DEFAULT,time,REGULAR_S_FORM,,GENERAL,MATRYOSHKA_EXTENSION,12,,,time,,,,SCOWL_GATE_V0_4
233,236,254,women,women,LEXICAL_TARGET,LOWERCASE_ENTRY,SCOWL60_EXACT,KEEP_DEFAULT,woman,KNOWN_MORPH_RELATION,,GENERAL,DIRECT_FALLBACK,,,,,,,,SCOWL_GATE_V0_4
234,237,255,yet,yet,LEXICAL_TARGET,LOWERCASE_ENTRY,SCOWL60_EXACT,KEEP_DEFAULT,yet,UNRESOLVED_OR_LEMMA,,GENERAL,DIRECT_FALLBACK,,,,,,,,SCOWL_GATE_V0_4
235,238,257,anything,anything,LEXICAL_TARGET,LOWERCASE_ENTRY,SCOWL60_EXACT,KEEP_DEFAULT,anything,UNRESOLVED_OR_LEMMA,PRONOUN,GENERAL,DIRECT_FALLBACK,,,,,,,,SCOWL_GATE_V0_4
236,239,258,care,care,LEXICAL_TARGET,LOWERCASE_WITH_CASE_COLLISION,SCOWL60_EXACT,KEEP_DEFAULT,care,UNRESOLVED_OR_LEMMA,,GENERAL,MATRYOSHKA_CORE,9,9,are,car,,,,SCOWL_GATE_V0_4
237,241,260,four,four,LEXICAL_TARGET,LOWERCASE_ENTRY,SCOWL60_EXACT,KEEP_DEFAULT,four,UNRESOLVED_OR_LEMMA,,GENERAL,MATRYOSHKA_CORE,7,7,our,,,,,SCOWL_GATE_V0_4
238,242,261,including,including,LEXICAL_TARGET,LOWERCASE_ENTRY,SCOWL60_EXACT,KEEP_DEFAULT,include,INFLECTED_FORM,,GENERAL,DIRECT_FALLBACK,,,,,,,,SCOWL_GATE_V0_4
239,243,262,nothing,nothing,LEXICAL_TARGET,LOWERCASE_ENTRY,SCOWL60_EXACT,KEEP_DEFAULT,nothing,UNRESOLVED_OR_LEMMA,PRONOUN,GENERAL,DIRECT_FALLBACK,,,,,,,,SCOWL_GATE_V0_4
240,244,263,today,today,LEXICAL_TARGET,LOWERCASE_ENTRY,SCOWL60_EXACT,KEEP_DEFAULT,today,UNRESOLVED_OR_LEMMA,,GENERAL,DIRECT_FALLBACK,,,,,,,,SCOWL_GATE_V0_4
241,245,264,water,water,LEXICAL_TARGET,LOWERCASE_ENTRY,SCOWL60_EXACT,KEEP_DEFAULT,water,UNRESOLVED_OR_LEMMA,,GENERAL,DIRECT_FALLBACK,,,,,,,,SCOWL_GATE_V0_4
242,246,265,bad,bad,LEXICAL_TARGET,LOWERCASE_ENTRY,SCOWL60_EXACT,KEEP_DEFAULT,bad,UNRESOLVED_OR_LEMMA,,GENERAL,MATRYOSHKA_CORE,4,4,ad,,,,,SCOWL_GATE_V0_4
243,247,266,business,business,LEXICAL_TARGET,LOWERCASE_ENTRY,SCOWL60_EXACT,KEEP_DEFAULT,business,UNRESOLVED_OR_LEMMA,,GENERAL,DIRECT_FALLBACK,,,,,,,,SCOWL_GATE_V0_4
244,248,267,children,children,LEXICAL_TARGET,LOWERCASE_ENTRY,SCOWL60_EXACT,KEEP_DEFAULT,child,KNOWN_MORPH_RELATION,,GENERAL,DIRECT_FALLBACK,,,,,,,,SCOWL_GATE_V0_4
245,249,268,company,company,LEXICAL_TARGET,LOWERCASE_ENTRY,SCOWL60_EXACT,KEEP_DEFAULT,company,UNRESOLVED_OR_LEMMA,,GENERAL,DIRECT_FALLBACK,,,,,,,,SCOWL_GATE_V0_4
246,250,269,everything,everything,LEXICAL_TARGET,LOWERCASE_ENTRY,SCOWL60_EXACT,KEEP_DEFAULT,everything,UNRESOLVED_OR_LEMMA,PRONOUN,GENERAL,DIRECT_FALLBACK,,,,,,,,SCOWL_GATE_V0_4
247,251,270,live,live,LEXICAL_TARGET,LOWERCASE_ENTRY,SCOWL60_EXACT,KEEP_DEFAULT,live,UNRESOLVED_OR_LEMMA,,GENERAL,DIRECT_FALLBACK,,,,,,,,SCOWL_GATE_V0_4
248,252,271,mean,mean,LEXICAL_TARGET,LOWERCASE_ENTRY,SCOWL60_EXACT,KEEP_DEFAULT,mean,UNRESOLVED_OR_LEMMA,,GENERAL,MATRYOSHKA_EXTENSION,40,,,,,means,,SCOWL_GATE_V0_4
249,253,272,once,once,LEXICAL_TARGET,LOWERCASE_ENTRY,SCOWL60_EXACT,KEEP_DEFAULT,once,UNRESOLVED_OR_LEMMA,,GENERAL,DIRECT_FALLBACK,,,,,,,,SCOWL_GATE_V0_4
250,254,273,power,power,LEXICAL_TARGET,LOWERCASE_ENTRY,SCOWL60_EXACT,KEEP_DEFAULT,power,UNRESOLVED_OR_LEMMA,,GENERAL,DIRECT_FALLBACK,,,,,,,,SCOWL_GATE_V0_4
251,255,274,thanks,thanks,LEXICAL_TARGET,LOWERCASE_ENTRY,SCOWL60_EXACT,KEEP_DEFAULT,thank,FORM_AND_LEMMA,,GENERAL,MATRYOSHKA_EXTENSION,16,,,thank,,,,SCOWL_GATE_V0_4
252,256,275,told,told,LEXICAL_TARGET,LOWERCASE_ENTRY,SCOWL60_EXACT,KEEP_DEFAULT,tell,KNOWN_MORPH_RELATION,,GENERAL,MATRYOSHKA_CORE,34,22,old,,,,,SCOWL_GATE_V0_4
253,257,276,came,came,LEXICAL_TARGET,LOWERCASE_ENTRY,SCOWL60_EXACT,KEEP_DEFAULT,come,KNOWN_MORPH_RELATION,,GENERAL,DIRECT_FALLBACK,,,,,,,,SCOWL_GATE_V0_4
254,258,277,country,country,LEXICAL_TARGET,LOWERCASE_ENTRY,SCOWL60_EXACT,KEEP_DEFAULT,country,UNRESOLVED_OR_LEMMA,,GENERAL,DIRECT_FALLBACK,,,,,,,,SCOWL_GATE_V0_4
255,259,278,enough,enough,LEXICAL_TARGET,LOWERCASE_ENTRY,SCOWL60_EXACT,KEEP_DEFAULT,enough,UNRESOLVED_OR_LEMMA,,GENERAL,DIRECT_FALLBACK,,,,,,,,SCOWL_GATE_V0_4
256,260,279,following,following,LEXICAL_TARGET,LOWERCASE_ENTRY,SCOWL60_EXACT,KEEP_DEFAULT,follow,FORM_AND_LEMMA,,GENERAL,DIRECT_FALLBACK,,,,,,,,SCOWL_GATE_V0_4
257,261,280,getting,getting,LEXICAL_TARGET,LOWERCASE_ENTRY,SCOWL60_EXACT,KEEP_DEFAULT,get,KNOWN_MORPH_RELATION,,GENERAL,DIRECT_FALLBACK,,,,,,,,SCOWL_GATE_V0_4
258,262,281,head,head,LEXICAL_TARGET,LOWERCASE_WITH_CASE_COLLISION,SCOWL60_EXACT,KEEP_DEFAULT,head,UNRESOLVED_OR_LEMMA,,GENERAL,DIRECT_FALLBACK,,,,,,,,SCOWL_GATE_V0_4
259,263,282,later,later,LEXICAL_TARGET,LOWERCASE_ENTRY,SCOWL60_EXACT,KEEP_DEFAULT,late,FORM_AND_LEMMA,,GENERAL,MATRYOSHKA_EXTENSION,4,,,late,,,,SCOWL_GATE_V0_4
260,264,283,looking,looking,LEXICAL_TARGET,LOWERCASE_ENTRY,SCOWL60_EXACT,KEEP_DEFAULT,look,INFLECTED_FORM,,GENERAL,DIRECT_FALLBACK,,,,,,,,SCOWL_GATE_V0_4
261,265,284,seen,seen,LEXICAL_TARGET,LOWERCASE_ENTRY,SCOWL60_EXACT,KEEP_DEFAULT,see,KNOWN_MORPH_RELATION,,GENERAL,MATRYOSHKA_EXTENSION,17,,,see,,,,SCOWL_GATE_V0_4
262,266,285,small,small,LEXICAL_TARGET,LOWERCASE_WITH_CASE_COLLISION,SCOWL60_EXACT,KEEP_DEFAULT,small,UNRESOLVED_OR_LEMMA,,GENERAL,MATRYOSHKA_CORE,10,10,mall,,,,,SCOWL_GATE_V0_4
263,267,286,start,start,LEXICAL_TARGET,LOWERCASE_ENTRY,SCOWL60_EXACT,KEEP_DEFAULT,start,UNRESOLVED_OR_LEMMA,,GENERAL,DIRECT_FALLBACK,,,,,,,,SCOWL_GATE_V0_4
264,268,287,tell,tell,LEXICAL_TARGET,LOWERCASE_WITH_CASE_COLLISION,SCOWL60_EXACT,KEEP_DEFAULT,tell,UNRESOLVED_OR_LEMMA,,GENERAL,DIRECT_FALLBACK,,,,,,,,SCOWL_GATE_V0_4
265,269,288,took,took,LEXICAL_TARGET,LOWERCASE_ENTRY,SCOWL60_EXACT,KEEP_DEFAULT,take,KNOWN_MORPH_RELATION,,GENERAL,MATRYOSHKA_CORE,3,3,,too,,,,SCOWL_GATE_V0_4
266,270,289,top,top,LEXICAL_TARGET,LOWERCASE_ENTRY,SCOWL60_EXACT,KEEP_DEFAULT,top,UNRESOLVED_OR_LEMMA,,GENERAL,MATRYOSHKA_CORE,3,3,,to,stop,,,SCOWL_GATE_V0_4
267,271,290,went,went,LEXICAL_TARGET,LOWERCASE_ENTRY,SCOWL60_EXACT,KEEP_DEFAULT,go,KNOWN_MORPH_RELATION,,GENERAL,DIRECT_FALLBACK,,,,,,,,SCOWL_GATE_V0_4
268,272,291,based,based,LEXICAL_TARGET,LOWERCASE_ENTRY,SCOWL60_EXACT,KEEP_DEFAULT,base,FORM_AND_LEMMA,,GENERAL,DIRECT_FALLBACK,,,,,,,,SCOWL_GATE_V0_4
269,273,292,far,far,LEXICAL_TARGET,LOWERCASE_ENTRY,SCOWL60_EXACT,KEEP_DEFAULT,far,UNRESOLVED_OR_LEMMA,,GENERAL,MATRYOSHKA_CORE,4,4,,fa,,,,SCOWL_GATE_V0_4
270,274,293,law,law,LEXICAL_TARGET,LOWERCASE_ENTRY,SCOWL60_EXACT,KEEP_DEFAULT,law,UNRESOLVED_OR_LEMMA,,GENERAL,MATRYOSHKA_CORE,4,4,,la,,,,SCOWL_GATE_V0_4
271,275,294,less,less,LEXICAL_TARGET,LOWERCASE_ENTRY,SCOWL60_EXACT,KEEP_DEFAULT,less,UNRESOLVED_OR_LEMMA,,GENERAL,DIRECT_FALLBACK,,,,,,,,SCOWL_GATE_V0_4
272,276,295,making,making,LEXICAL_TARGET,LOWERCASE_ENTRY,SCOWL60_EXACT,KEEP_DEFAULT,make,KNOWN_MORPH_RELATION,,GENERAL,DIRECT_FALLBACK,,,,,,,,SCOWL_GATE_V0_4
273,277,296,music,music,LEXICAL_TARGET,LOWERCASE_ENTRY,SCOWL60_EXACT,KEEP_DEFAULT,music,UNRESOLVED_OR_LEMMA,,GENERAL,DIRECT_FALLBACK,,,,,,,,SCOWL_GATE_V0_4
274,278,297,order,order,LEXICAL_TARGET,LOWERCASE_ENTRY,SCOWL60_EXACT,KEEP_DEFAULT,order,UNRESOLVED_OR_LEMMA,,GENERAL,DIRECT_FALLBACK,,,,,,,,SCOWL_GATE_V0_4
275,279,298,party,party,LEXICAL_TARGET,LOWERCASE_ENTRY,SCOWL60_EXACT,KEEP_DEFAULT,party,UNRESOLVED_OR_LEMMA,,GENERAL,MATRYOSHKA_CORE,31,21,,part,,,,SCOWL_GATE_V0_4
276,280,299,states,states,LEXICAL_TARGET,LOWERCASE_WITH_CASE_COLLISION,SCOWL60_EXACT,KEEP_DEFAULT,state,REGULAR_S_FORM,,GENERAL,MATRYOSHKA_EXTENSION,35,,,state,,,,SCOWL_GATE_V0_4
277,281,300,though,though,LEXICAL_TARGET,LOWERCASE_ENTRY,SCOWL60_EXACT,KEEP_DEFAULT,though,UNRESOLVED_OR_LEMMA,CONJUNCTION,GENERAL,MATRYOSHKA_CORE,39,23,,,,thought,,SCOWL_GATE_V0_4
278,282,301,week,week,LEXICAL_TARGET,LOWERCASE_ENTRY,SCOWL60_EXACT,KEEP_DEFAULT,week,UNRESOLVED_OR_LEMMA,,GENERAL,DIRECT_FALLBACK,,,,,,,,SCOWL_GATE_V0_4
279,283,302,call,call,LEXICAL_TARGET,LOWERCASE_ENTRY,SCOWL60_EXACT,KEEP_DEFAULT,call,UNRESOLVED_OR_LEMMA,,GENERAL,MATRYOSHKA_CORE,10,10,all,,,,,SCOWL_GATE_V0_4
280,284,303,full,full,LEXICAL_TARGET,LOWERCASE_ENTRY,SCOWL60_EXACT,KEEP_DEFAULT,full,UNRESOLVED_OR_LEMMA,,GENERAL,DIRECT_FALLBACK,,,,,,,,SCOWL_GATE_V0_4
281,285,304,hard,hard,LEXICAL_TARGET,LOWERCASE_ENTRY,SCOWL60_EXACT,KEEP_DEFAULT,hard,UNRESOLVED_OR_LEMMA,,GENERAL,DIRECT_FALLBACK,,,,,,,,SCOWL_GATE_V0_4
282,286,305,men,men,LEXICAL_TARGET,LOWERCASE_ENTRY,SCOWL60_EXACT,KEEP_DEFAULT,man,KNOWN_MORPH_RELATION,,GENERAL,MATRYOSHKA_CORE,11,11,,me,,,,SCOWL_GATE_V0_4
283,287,306,war,war,LEXICAL_TARGET,LOWERCASE_ENTRY,SCOWL60_EXACT,KEEP_DEFAULT,war,UNRESOLVED_OR_LEMMA,,GENERAL,DIRECT_FALLBACK,,,,,,,,SCOWL_GATE_V0_4
284,288,307,yes,yes,LEXICAL_TARGET,LOWERCASE_ENTRY,SCOWL60_EXACT,KEEP_DEFAULT,yes,UNRESOLVED_OR_LEMMA,,GENERAL,DIRECT_FALLBACK,,,,,,,,SCOWL_GATE_V0_4
285,289,310,read,read,LEXICAL_TARGET,LOWERCASE_ENTRY,SCOWL60_EXACT,KEEP_DEFAULT,read,UNRESOLVED_OR_LEMMA,,GENERAL,DIRECT_FALLBACK,,,,,,,,SCOWL_GATE_V0_4
286,290,311,side,side,LEXICAL_TARGET,LOWERCASE_ENTRY,SCOWL60_EXACT,KEEP_DEFAULT,side,UNRESOLVED_OR_LEMMA,,GENERAL,DIRECT_FALLBACK,,,,,,,,SCOWL_GATE_V0_4
287,291,312,stop,stop,LEXICAL_TARGET,LOWERCASE_ENTRY,SCOWL60_EXACT,KEEP_DEFAULT,stop,UNRESOLVED_OR_LEMMA,,GENERAL,MATRYOSHKA_CORE,3,3,top,,,,,SCOWL_GATE_V0_4
288,292,313,support,support,LEXICAL_TARGET,LOWERCASE_ENTRY,SCOWL60_EXACT,KEEP_DEFAULT,support,UNRESOLVED_OR_LEMMA,,GENERAL,DIRECT_FALLBACK,,,,,,,,SCOWL_GATE_V0_4
289,293,314,thank,thank,LEXICAL_TARGET,LOWERCASE_ENTRY,SCOWL60_EXACT,KEEP_DEFAULT,thank,UNRESOLVED_OR_LEMMA,,GENERAL,MATRYOSHKA_CORE,16,14,,than,,thanks,,SCOWL_GATE_V0_4
290,294,315,believe,believe,LEXICAL_TARGET,LOWERCASE_ENTRY,SCOWL60_EXACT,KEEP_DEFAULT,believe,UNRESOLVED_OR_LEMMA,,GENERAL,DIRECT_FALLBACK,,,,,,,,SCOWL_GATE_V0_4
291,295,316,line,line,LEXICAL_TARGET,LOWERCASE_ENTRY,SCOWL60_EXACT,KEEP_DEFAULT,line,UNRESOLVED_OR_LEMMA,,GENERAL,DIRECT_FALLBACK,,,,,,,,SCOWL_GATE_V0_4
292,296,317,oh,oh,LEXICAL_TARGET,LOWERCASE_WITH_CASE_COLLISION,SCOWL60_EXACT,KEEP_DEFAULT,oh,UNRESOLVED_OR_LEMMA,INTERJECTION,INTERJECTION,DIRECT_FALLBACK,,,,,,,,SCOWL_GATE_V0_4
293,297,318,open,open,LEXICAL_TARGET,LOWERCASE_ENTRY,SCOWL60_EXACT,KEEP_DEFAULT,open,UNRESOLVED_OR_LEMMA,,GENERAL,DIRECT_FALLBACK,,,,,,,,SCOWL_GATE_V0_4
294,298,319,area,area,LEXICAL_TARGET,LOWERCASE_ENTRY,SCOWL60_EXACT,KEEP_DEFAULT,area,UNRESOLVED_OR_LEMMA,,GENERAL,MATRYOSHKA_CORE,9,9,,are,,,,SCOWL_GATE_V0_4
295,299,322,important,important,LEXICAL_TARGET,LOWERCASE_ENTRY,SCOWL60_EXACT,KEEP_DEFAULT,important,UNRESOLVED_OR_LEMMA,,GENERAL,DIRECT_FALLBACK,,,,,,,,SCOWL_GATE_V0_4
296,300,323,run,run,LEXICAL_TARGET,LOWERCASE_ENTRY,SCOWL60_EXACT,KEEP_DEFAULT,run,UNRESOLVED_OR_LEMMA,,GENERAL,DIRECT_FALLBACK,,,,,,,,SCOWL_GATE_V0_4
297,301,324,using,using,LEXICAL_TARGET,LOWERCASE_ENTRY,SCOWL60_EXACT,KEEP_DEFAULT,use,INFLECTED_FORM,,GENERAL,MATRYOSHKA_CORE,5,5,sing,,,,,SCOWL_GATE_V0_4
298,302,325,whole,whole,LEXICAL_TARGET,LOWERCASE_ENTRY,SCOWL60_EXACT,KEEP_DEFAULT,whole,UNRESOLVED_OR_LEMMA,,GENERAL,DIRECT_FALLBACK,,,,,,,,SCOWL_GATE_V0_4
299,303,326,five,five,LEXICAL_TARGET,LOWERCASE_ENTRY,SCOWL60_EXACT,KEEP_DEFAULT,five,UNRESOLVED_OR_LEMMA,,GENERAL,DIRECT_FALLBACK,,,,,,,,SCOWL_GATE_V0_4
300,304,327,international,international,LEXICAL_TARGET,LOWERCASE_ENTRY,SCOWL60_EXACT,KEEP_DEFAULT,international,UNRESOLVED_OR_LEMMA,,GENERAL,DIRECT_FALLBACK,,,,,,,,SCOWL_GATE_V0_4
301,305,328,try,try,LEXICAL_TARGET,LOWERCASE_ENTRY,SCOWL60_EXACT,KEEP_DEFAULT,try,UNRESOLVED_OR_LEMMA,,GENERAL,DIRECT_FALLBACK,,,,,,,,SCOWL_GATE_V0_4
302,306,329,white,white,LEXICAL_TARGET,LOWERCASE_WITH_CASE_COLLISION,SCOWL60_EXACT,KEEP_DEFAULT,white,UNRESOLVED_OR_LEMMA,,GENERAL,DIRECT_FALLBACK,,,,,,,,SCOWL_GATE_V0_4
303,307,330,course,course,LEXICAL_TARGET,LOWERCASE_ENTRY,SCOWL60_EXACT,KEEP_DEFAULT,course,UNRESOLVED_OR_LEMMA,,GENERAL,DIRECT_FALLBACK,,,,,,,,SCOWL_GATE_V0_4
304,308,331,early,early,LEXICAL_TARGET,LOWERCASE_ENTRY,SCOWL60_EXACT,KEEP_DEFAULT,early,UNRESOLVED_OR_LEMMA,,GENERAL,DIRECT_FALLBACK,,,,,,,,SCOWL_GATE_V0_4
305,309,332,face,face,LEXICAL_TARGET,LOWERCASE_ENTRY,SCOWL60_EXACT,KEEP_DEFAULT,face,UNRESOLVED_OR_LEMMA,,GENERAL,DIRECT_FALLBACK,,,,,,,,SCOWL_GATE_V0_4
306,310,333,given,given,LEXICAL_TARGET,LOWERCASE_ENTRY,SCOWL60_EXACT,KEEP_DEFAULT,give,KNOWN_MORPH_RELATION,,GENERAL,MATRYOSHKA_EXTENSION,36,,,give,,,,SCOWL_GATE_V0_4
307,311,334,job,job,LEXICAL_TARGET,LOWERCASE_WITH_CASE_COLLISION,SCOWL60_EXACT,KEEP_DEFAULT,job,UNRESOLVED_OR_LEMMA,,GENERAL,DIRECT_FALLBACK,,,,,,,,SCOWL_GATE_V0_4
308,312,335,means,means,LEXICAL_TARGET,LOWERCASE_ENTRY,SCOWL60_EXACT,KEEP_DEFAULT,mean,FORM_AND_LEMMA,,GENERAL,MATRYOSHKA_EXTENSION,40,,,mean,,,,SCOWL_GATE_V0_4
309,313,336,says,says,LEXICAL_TARGET,LOWERCASE_ENTRY,SCOWL60_EXACT,KEEP_DEFAULT,say,KNOWN_MORPH_RELATION,,GENERAL,MATRYOSHKA_EXTENSION,28,,,say,,,,SCOWL_GATE_V0_4
310,314,337,social,social,LEXICAL_TARGET,LOWERCASE_ENTRY,SCOWL60_EXACT,KEEP_DEFAULT,social,UNRESOLVED_OR_LEMMA,,GENERAL,DIRECT_FALLBACK,,,,,,,,SCOWL_GATE_V0_4
311,315,339,together,together,LEXICAL_TARGET,LOWERCASE_ENTRY,SCOWL60_EXACT,KEEP_DEFAULT,together,UNRESOLVED_OR_LEMMA,,GENERAL,DIRECT_FALLBACK,,,,,,,,SCOWL_GATE_V0_4
312,316,340,united,united,LEXICAL_TARGET,LOWERCASE_ENTRY,SCOWL60_EXACT,KEEP_DEFAULT,unite,FORM_AND_LEMMA,,GENERAL,DIRECT_FALLBACK,,,,,,,,SCOWL_GATE_V0_4
313,317,341,within,within,LEXICAL_TARGET,LOWERCASE_ENTRY,SCOWL60_EXACT,KEEP_DEFAULT,within,UNRESOLVED_OR_LEMMA,PREPOSITION,GENERAL,DIRECT_FALLBACK,,,,,,,,SCOWL_GATE_V0_4
314,318,342,working,working,LEXICAL_TARGET,LOWERCASE_ENTRY,SCOWL60_EXACT,KEEP_DEFAULT,work,INFLECTED_FORM,,GENERAL,DIRECT_FALLBACK,,,,,,,,SCOWL_GATE_V0_4
315,319,343,young,young,LEXICAL_TARGET,LOWERCASE_WITH_CASE_COLLISION,SCOWL60_EXACT,KEEP_DEFAULT,young,UNRESOLVED_OR_LEMMA,,GENERAL,DIRECT_FALLBACK,,,,,,,,SCOWL_GATE_V0_4
316,320,344,actually,actually,LEXICAL_TARGET,LOWERCASE_ENTRY,SCOWL60_EXACT,KEEP_DEFAULT,actually,UNRESOLVED_OR_LEMMA,,GENERAL,DIRECT_FALLBACK,,,,,,,,SCOWL_GATE_V0_4
317,322,346,black,black,LEXICAL_TARGET,LOWERCASE_WITH_CASE_COLLISION,SCOWL60_EXACT,KEEP_DEFAULT,black,UNRESOLVED_OR_LEMMA,,GENERAL,DIRECT_FALLBACK,,,,,,,,SCOWL_GATE_V0_4
318,323,347,kind,kind,LEXICAL_TARGET,LOWERCASE_ENTRY,SCOWL60_EXACT,KEEP_DEFAULT,kind,UNRESOLVED_OR_LEMMA,,GENERAL,DIRECT_FALLBACK,,,,,,,,SCOWL_GATE_V0_4
319,324,348,mind,mind,LEXICAL_TARGET,LOWERCASE_ENTRY,SCOWL60_EXACT,KEEP_DEFAULT,mind,UNRESOLVED_OR_LEMMA,,GENERAL,MATRYOSHKA_CORE,5,5,,min,,,,SCOWL_GATE_V0_4
320,325,349,fact,fact,LEXICAL_TARGET,LOWERCASE_ENTRY,SCOWL60_EXACT,KEEP_DEFAULT,fact,UNRESOLVED_OR_LEMMA,,GENERAL,MATRYOSHKA_CORE,41,24,act,,,,,SCOWL_GATE_V0_4
321,326,350,least,least,LEXICAL_TARGET,LOWERCASE_ENTRY,SCOWL60_EXACT,KEEP_DEFAULT,least,UNRESOLVED_OR_LEMMA,,GENERAL,DIRECT_FALLBACK,,,,,,,,SCOWL_GATE_V0_4
322,327,351,makes,makes,LEXICAL_TARGET,LOWERCASE_ENTRY,SCOWL60_EXACT,KEEP_DEFAULT,make,INFLECTED_FORM,,GENERAL,MATRYOSHKA_EXTENSION,19,,,make,,,,SCOWL_GATE_V0_4
323,328,352,per,per,LEXICAL_TARGET,LOWERCASE_ENTRY,SCOWL60_EXACT,KEEP_DEFAULT,per,UNRESOLVED_OR_LEMMA,PREPOSITION,GENERAL,DIRECT_FALLBACK,,,,,,,,SCOWL_GATE_V0_4
324,329,353,service,service,LEXICAL_TARGET,LOWERCASE_ENTRY,SCOWL60_EXACT,KEEP_DEFAULT,service,UNRESOLVED_OR_LEMMA,,GENERAL,DIRECT_FALLBACK,,,,,,,,SCOWL_GATE_V0_4
325,330,354,shit,shit,LEXICAL_TARGET,LOWERCASE_ENTRY,SCOWL60_EXACT,REVIEW_VULGAR,shit,UNRESOLVED_OR_LEMMA,,,MATRYOSHKA_CORE,5,5,hit,,,,,SCOWL_GATE_V0_4
326,331,355,trying,trying,LEXICAL_TARGET,LOWERCASE_ENTRY,SCOWL60_EXACT,KEEP_DEFAULT,try,INFLECTED_FORM,,GENERAL,DIRECT_FALLBACK,,,,,,,,SCOWL_GATE_V0_4
327,332,357,able,able,LEXICAL_TARGET,LOWERCASE_ENTRY,SCOWL60_EXACT,KEEP_DEFAULT,able,UNRESOLVED_OR_LEMMA,,GENERAL,DIRECT_FALLBACK,,,,,,,,SCOWL_GATE_V0_4
328,333,358,become,become,LEXICAL_TARGET,LOWERCASE_ENTRY,SCOWL60_EXACT,KEEP_DEFAULT,become,UNRESOLVED_OR_LEMMA,,GENERAL,DIRECT_FALLBACK,,,,,,,,SCOWL_GATE_V0_4
329,334,359,car,car,LEXICAL_TARGET,LOWERCASE_ENTRY,SCOWL60_EXACT,KEEP_DEFAULT,car,UNRESOLVED_OR_LEMMA,,GENERAL,MATRYOSHKA_CORE,9,9,,,,care,,SCOWL_GATE_V0_4
330,335,360,death,death,LEXICAL_TARGET,LOWERCASE_WITH_CASE_COLLISION,SCOWL60_EXACT,KEEP_DEFAULT,death,UNRESOLVED_OR_LEMMA,,GENERAL,DIRECT_FALLBACK,,,,,,,,SCOWL_GATE_V0_4
331,336,361,everyone,everyone,LEXICAL_TARGET,LOWERCASE_ENTRY,SCOWL60_EXACT,KEEP_DEFAULT,everyone,UNRESOLVED_OR_LEMMA,PRONOUN,GENERAL,DIRECT_FALLBACK,,,,,,,,SCOWL_GATE_V0_4
332,337,362,food,food,LEXICAL_TARGET,LOWERCASE_ENTRY,SCOWL60_EXACT,KEEP_DEFAULT,food,UNRESOLVED_OR_LEMMA,,GENERAL,DIRECT_FALLBACK,,,,,,,,SCOWL_GATE_V0_4
333,338,363,information,information,LEXICAL_TARGET,LOWERCASE_ENTRY,SCOWL60_EXACT,KEEP_DEFAULT,information,UNRESOLVED_OR_LEMMA,,GENERAL,DIRECT_FALLBACK,,,,,,,,SCOWL_GATE_V0_4
334,339,364,level,level,LEXICAL_TARGET,LOWERCASE_ENTRY,SCOWL60_EXACT,KEEP_DEFAULT,level,UNRESOLVED_OR_LEMMA,,GENERAL,DIRECT_FALLBACK,,,,,,,,SCOWL_GATE_V0_4
335,340,365,local,local,LEXICAL_TARGET,LOWERCASE_ENTRY,SCOWL60_EXACT,KEEP_DEFAULT,local,UNRESOLVED_OR_LEMMA,,GENERAL,DIRECT_FALLBACK,,,,,,,,SCOWL_GATE_V0_4
336,341,366,often,often,LEXICAL_TARGET,LOWERCASE_ENTRY,SCOWL60_EXACT,KEEP_DEFAULT,often,UNRESOLVED_OR_LEMMA,,GENERAL,DIRECT_FALLBACK,,,,,,,,SCOWL_GATE_V0_4
337,342,367,others,others,LEXICAL_TARGET,LOWERCASE_ENTRY,SCOWL60_EXACT,KEEP_DEFAULT,other,REGULAR_S_FORM,,GENERAL,MATRYOSHKA_EXTENSION,15,,,other,,,,SCOWL_GATE_V0_4
338,343,368,several,several,LEXICAL_TARGET,LOWERCASE_ENTRY,SCOWL60_EXACT,KEEP_DEFAULT,several,UNRESOLVED_OR_LEMMA,,GENERAL,DIRECT_FALLBACK,,,,,,,,SCOWL_GATE_V0_4
339,344,369,true,true,LEXICAL_TARGET,LOWERCASE_ENTRY,SCOWL60_EXACT,KEEP_DEFAULT,true,UNRESOLVED_OR_LEMMA,,GENERAL,DIRECT_FALLBACK,,,,,,,,SCOWL_GATE_V0_4
340,345,370,control,control,LEXICAL_TARGET,LOWERCASE_ENTRY,SCOWL60_EXACT,KEEP_DEFAULT,control,UNRESOLVED_OR_LEMMA,,GENERAL,DIRECT_FALLBACK,,,,,,,,SCOWL_GATE_V0_4
341,346,371,friends,friends,LEXICAL_TARGET,LOWERCASE_WITH_CASE_COLLISION,SCOWL60_EXACT,KEEP_DEFAULT,friend,REGULAR_S_FORM,,GENERAL,MATRYOSHKA_EXTENSION,42,,,friend,,,,SCOWL_GATE_V0_4
342,347,372,games,games,LEXICAL_TARGET,LOWERCASE_ENTRY,SCOWL60_EXACT,KEEP_DEFAULT,game,REGULAR_S_FORM,,GENERAL,MATRYOSHKA_EXTENSION,38,,,game,,,,SCOWL_GATE_V0_4
343,348,373,half,half,LEXICAL_TARGET,LOWERCASE_ENTRY,SCOWL60_EXACT,KEEP_DEFAULT,half,UNRESOLVED_OR_LEMMA,,GENERAL,DIRECT_FALLBACK,,,,,,,,SCOWL_GATE_V0_4
344,349,374,maybe,maybe,LEXICAL_TARGET,LOWERCASE_ENTRY,SCOWL60_EXACT,KEEP_DEFAULT,maybe,UNRESOLVED_OR_LEMMA,,GENERAL,DIRECT_FALLBACK,,,,,,,,SCOWL_GATE_V0_4
345,350,375,news,news,LEXICAL_TARGET,LOWERCASE_WITH_CASE_COLLISION,SCOWL60_EXACT,KEEP_DEFAULT,new,INFERRED_REGULAR_FORM,,GENERAL,MATRYOSHKA_EXTENSION,13,,,new,,,,SCOWL_GATE_V0_4
346,351,376,problem,problem,LEXICAL_TARGET,LOWERCASE_ENTRY,SCOWL60_EXACT,KEEP_DEFAULT,problem,UNRESOLVED_OR_LEMMA,,GENERAL,DIRECT_FALLBACK,,,,,,,,SCOWL_GATE_V0_4
347,352,377,air,air,LEXICAL_TARGET,LOWERCASE_ENTRY,SCOWL60_EXACT,KEEP_DEFAULT,air,UNRESOLVED_OR_LEMMA,,GENERAL,DIRECT_FALLBACK,,,,,,,,SCOWL_GATE_V0_4
348,354,379,body,body,LEXICAL_TARGET,LOWERCASE_ENTRY,SCOWL60_EXACT,KEEP_DEFAULT,body,UNRESOLVED_OR_LEMMA,,GENERAL,DIRECT_FALLBACK,,,,,,,,SCOWL_GATE_V0_4
349,355,380,book,book,LEXICAL_TARGET,LOWERCASE_ENTRY,SCOWL60_EXACT,KEEP_DEFAULT,book,UNRESOLVED_OR_LEMMA,,GENERAL,DIRECT_FALLBACK,,,,,,,,SCOWL_GATE_V0_4
350,356,381,guys,guys,LEXICAL_TARGET,LOWERCASE_ENTRY,SCOWL60_EXACT,KEEP_DEFAULT,guy,REGULAR_S_FORM,,INFORMAL,MATRYOSHKA_EXTENSION,43,,,guy,,,,SCOWL_GATE_V0_4
351,357,382,hand,hand,LEXICAL_TARGET,LOWERCASE_ENTRY,SCOWL60_EXACT,KEEP_DEFAULT,hand,UNRESOLVED_OR_LEMMA,,GENERAL,MATRYOSHKA_CORE,4,4,and,,,,,SCOWL_GATE_V0_4
352,358,383,health,health,LEXICAL_TARGET,LOWERCASE_ENTRY,SCOWL60_EXACT,KEEP_DEFAULT,health,UNRESOLVED_OR_LEMMA,,GENERAL,DIRECT_FALLBACK,,,,,,,,SCOWL_GATE_V0_4
353,359,384,hope,hope,LEXICAL_TARGET,LOWERCASE_WITH_CASE_COLLISION,SCOWL60_EXACT,KEEP_DEFAULT,hope,UNRESOLVED_OR_LEMMA,,GENERAL,DIRECT_FALLBACK,,,,,,,,SCOWL_GATE_V0_4
354,360,385,human,human,LEXICAL_TARGET,LOWERCASE_ENTRY,SCOWL60_EXACT,KEEP_DEFAULT,human,UNRESOLVED_OR_LEMMA,,GENERAL,DIRECT_FALLBACK,,,,,,,,SCOWL_GATE_V0_4
355,361,386,known,known,LEXICAL_TARGET,LOWERCASE_ENTRY,SCOWL60_EXACT,KEEP_DEFAULT,know,KNOWN_MORPH_RELATION,,GENERAL,MATRYOSHKA_EXTENSION,8,,,know,,,,SCOWL_GATE_V0_4
356,362,387,large,large,LEXICAL_TARGET,LOWERCASE_ENTRY,SCOWL60_EXACT,KEEP_DEFAULT,large,UNRESOLVED_OR_LEMMA,,GENERAL,DIRECT_FALLBACK,,,,,,,,SCOWL_GATE_V0_4
357,364,389,president,president,LEXICAL_TARGET,LOWERCASE_ENTRY,SCOWL60_EXACT,KEEP_DEFAULT,president,UNRESOLVED_OR_LEMMA,,GENERAL,DIRECT_FALLBACK,,,,,,,,SCOWL_GATE_V0_4
358,365,390,talk,talk,LEXICAL_TARGET,LOWERCASE_ENTRY,SCOWL60_EXACT,KEEP_DEFAULT,talk,UNRESOLVED_OR_LEMMA,,GENERAL,DIRECT_FALLBACK,,,,,,,,SCOWL_GATE_V0_4
359,366,391,almost,almost,LEXICAL_TARGET,LOWERCASE_ENTRY,SCOWL60_EXACT,KEEP_DEFAULT,almost,UNRESOLVED_OR_LEMMA,,GENERAL,DIRECT_FALLBACK,,,,,,,,SCOWL_GATE_V0_4
360,367,392,court,court,LEXICAL_TARGET,LOWERCASE_ENTRY,SCOWL60_EXACT,KEEP_DEFAULT,court,UNRESOLVED_OR_LEMMA,,GENERAL,DIRECT_FALLBACK,,,,,,,,SCOWL_GATE_V0_4
361,368,393,friend,friend,LEXICAL_TARGET,LOWERCASE_WITH_CASE_COLLISION,SCOWL60_EXACT,KEEP_DEFAULT,friend,UNRESOLVED_OR_LEMMA,,GENERAL,MATRYOSHKA_EXTENSION,42,,,,,friends,,SCOWL_GATE_V0_4
362,369,394,history,history,LEXICAL_TARGET,LOWERCASE_ENTRY,SCOWL60_EXACT,KEEP_DEFAULT,history,UNRESOLVED_OR_LEMMA,,GENERAL,DIRECT_FALLBACK,,,,,,,,SCOWL_GATE_V0_4
363,370,395,hours,hours,LEXICAL_TARGET,LOWERCASE_ENTRY,SCOWL60_EXACT,KEEP_DEFAULT,hour,REGULAR_S_FORM,,GENERAL,DIRECT_FALLBACK,,,,,,,,SCOWL_GATE_V0_4
364,371,396,lost,lost,LEXICAL_TARGET,LOWERCASE_ENTRY,SCOWL60_EXACT,KEEP_DEFAULT,lose,FORM_AND_LEMMA,,GENERAL,DIRECT_FALLBACK,,,,,,,,SCOWL_GATE_V0_4
365,372,397,members,members,LEXICAL_TARGET,LOWERCASE_ENTRY,SCOWL60_EXACT,KEEP_DEFAULT,member,REGULAR_S_FORM,,GENERAL,DIRECT_FALLBACK,,,,,,,,SCOWL_GATE_V0_4
366,373,398,possible,possible,LEXICAL_TARGET,LOWERCASE_ENTRY,SCOWL60_EXACT,KEEP_DEFAULT,possible,UNRESOLVED_OR_LEMMA,,GENERAL,DIRECT_FALLBACK,,,,,,,,SCOWL_GATE_V0_4
367,374,399,season,season,LEXICAL_TARGET,LOWERCASE_ENTRY,SCOWL60_EXACT,KEEP_DEFAULT,season,UNRESOLVED_OR_LEMMA,,GENERAL,DIRECT_FALLBACK,,,,,,,,SCOWL_GATE_V0_4
368,375,400,south,south,LEXICAL_TARGET,LOWERCASE_WITH_CASE_COLLISION,SCOWL60_EXACT,KEEP_DEFAULT,south,UNRESOLVED_OR_LEMMA,,GENERAL,DIRECT_FALLBACK,,,,,,,,SCOWL_GATE_V0_4
369,376,401,story,story,LEXICAL_TARGET,LOWERCASE_ENTRY,SCOWL60_EXACT,KEEP_DEFAULT,story,UNRESOLVED_OR_LEMMA,,GENERAL,DIRECT_FALLBACK,,,,,,,,SCOWL_GATE_V0_4
370,377,402,video,video,LEXICAL_TARGET,LOWERCASE_ENTRY,SCOWL60_EXACT,KEEP_DEFAULT,video,UNRESOLVED_OR_LEMMA,,GENERAL,DIRECT_FALLBACK,,,,,,,,SCOWL_GATE_V0_4
371,378,403,yeah,yeah,LEXICAL_TARGET,LOWERCASE_ENTRY,SCOWL60_EXACT,KEEP_DEFAULT,yeah,UNRESOLVED_OR_LEMMA,INTERJECTION,INFORMAL,DIRECT_FALLBACK,,,,,,,,SCOWL_GATE_V0_4
372,379,404,among,among,LEXICAL_TARGET,LOWERCASE_ENTRY,SCOWL60_EXACT,KEEP_DEFAULT,among,UNRESOLVED_OR_LEMMA,PREPOSITION,GENERAL,DIRECT_FALLBACK,,,,,,,,SCOWL_GATE_V0_4
373,380,405,class,class,LEXICAL_TARGET,LOWERCASE_ENTRY,SCOWL60_EXACT,KEEP_DEFAULT,class,UNRESOLVED_OR_LEMMA,,GENERAL,DIRECT_FALLBACK,,,,,,,,SCOWL_GATE_V0_4
374,381,406,else,else,LEXICAL_TARGET,LOWERCASE_ENTRY,SCOWL60_EXACT,KEEP_DEFAULT,else,UNRESOLVED_OR_LEMMA,,GENERAL,DIRECT_FALLBACK,,,,,,,,SCOWL_GATE_V0_4
375,382,407,girl,girl,LEXICAL_TARGET,LOWERCASE_ENTRY,SCOWL60_EXACT,KEEP_DEFAULT,girl,UNRESOLVED_OR_LEMMA,,GENERAL,DIRECT_FALLBACK,,,,,,,,SCOWL_GATE_V0_4
376,383,408,nice,nice,LEXICAL_TARGET,LOWERCASE_WITH_CASE_COLLISION,SCOWL60_EXACT,KEEP_DEFAULT,nice,UNRESOLVED_OR_LEMMA,,GENERAL,DIRECT_FALLBACK,,,,,,,,SCOWL_GATE_V0_4
377,385,410,taking,taking,LEXICAL_TARGET,LOWERCASE_ENTRY,SCOWL60_EXACT,KEEP_DEFAULT,take,KNOWN_MORPH_RELATION,,GENERAL,DIRECT_FALLBACK,,,,,,,,SCOWL_GATE_V0_4
378,386,411,wrong,wrong,LEXICAL_TARGET,LOWERCASE_ENTRY,SCOWL60_EXACT,KEEP_DEFAULT,wrong,UNRESOLVED_OR_LEMMA,,GENERAL,DIRECT_FALLBACK,,,,,,,,SCOWL_GATE_V0_4
379,387,414,act,act,LEXICAL_TARGET,LOWERCASE_WITH_CASE_COLLISION,SCOWL60_EXACT,KEEP_DEFAULT,act,UNRESOLVED_OR_LEMMA,,GENERAL,MATRYOSHKA_CORE,41,24,,,fact,,,SCOWL_GATE_V0_4
380,388,415,ago,ago,LEXICAL_TARGET,LOWERCASE_ENTRY,SCOWL60_EXACT,KEEP_DEFAULT,ago,UNRESOLVED_OR_LEMMA,,GENERAL,MATRYOSHKA_CORE,18,15,go,,,,,SCOWL_GATE_V0_4
381,390,417,close,close,LEXICAL_TARGET,LOWERCASE_ENTRY,SCOWL60_EXACT,KEEP_DEFAULT,close,UNRESOLVED_OR_LEMMA,,GENERAL,DIRECT_FALLBACK,,,,,,,,SCOWL_GATE_V0_4
382,391,418,coming,coming,LEXICAL_TARGET,LOWERCASE_ENTRY,SCOWL60_EXACT,KEEP_DEFAULT,come,KNOWN_MORPH_RELATION,,GENERAL,DIRECT_FALLBACK,,,,,,,,SCOWL_GATE_V0_4
383,392,419,guy,guy,LEXICAL_TARGET,LOWERCASE_WITH_CASE_COLLISION,SCOWL60_EXACT,KEEP_DEFAULT,guy,UNRESOLVED_OR_LEMMA,,INFORMAL,MATRYOSHKA_EXTENSION,43,,,,,guys,,SCOWL_GATE_V0_4
384,393,420,matter,matter,LEXICAL_TARGET,LOWERCASE_ENTRY,SCOWL60_EXACT,KEEP_DEFAULT,matter,UNRESOLVED_OR_LEMMA,,GENERAL,DIRECT_FALLBACK,,,,,,,,SCOWL_GATE_V0_4
385,394,421,office,office,LEXICAL_TARGET,LOWERCASE_ENTRY,SCOWL60_EXACT,KEEP_DEFAULT,office,UNRESOLVED_OR_LEMMA,,GENERAL,DIRECT_FALLBACK,,,,,,,,SCOWL_GATE_V0_4
386,395,422,political,political,LEXICAL_TARGET,LOWERCASE_ENTRY,SCOWL60_EXACT,KEEP_DEFAULT,political,UNRESOLVED_OR_LEMMA,,GENERAL,DIRECT_FALLBACK,,,,,,,,SCOWL_GATE_V0_4
387,396,423,question,question,LEXICAL_TARGET,LOWERCASE_ENTRY,SCOWL60_EXACT,KEEP_DEFAULT,question,UNRESOLVED_OR_LEMMA,,GENERAL,DIRECT_FALLBACK,,,,,,,,SCOWL_GATE_V0_4
388,397,424,room,room,LEXICAL_TARGET,LOWERCASE_ENTRY,SCOWL60_EXACT,KEEP_DEFAULT,room,UNRESOLVED_OR_LEMMA,,GENERAL,DIRECT_FALLBACK,,,,,,,,SCOWL_GATE_V0_4
389,398,425,single,single,LEXICAL_TARGET,LOWERCASE_ENTRY,SCOWL60_EXACT,KEEP_DEFAULT,single,UNRESOLVED_OR_LEMMA,,GENERAL,DIRECT_FALLBACK,,,,,,,,SCOWL_GATE_V0_4
390,399,426,taken,taken,LEXICAL_TARGET,LOWERCASE_ENTRY,SCOWL60_EXACT,KEEP_DEFAULT,take,KNOWN_MORPH_RELATION,,GENERAL,MATRYOSHKA_EXTENSION,27,,,take,,,,SCOWL_GATE_V0_4
391,400,427,wait,wait,LEXICAL_TARGET,LOWERCASE_ENTRY,SCOWL60_EXACT,KEEP_DEFAULT,wait,UNRESOLVED_OR_LEMMA,,GENERAL,DIRECT_FALLBACK,,,,,,,,SCOWL_GATE_V0_4
392,401,429,along,along,LEXICAL_TARGET,LOWERCASE_ENTRY,SCOWL60_EXACT,KEEP_DEFAULT,along,UNRESOLVED_OR_LEMMA,,GENERAL,MATRYOSHKA_CORE,30,20,long,,,,,SCOWL_GATE_V0_4
393,402,430,although,although,LEXICAL_TARGET,LOWERCASE_ENTRY,SCOWL60_EXACT,KEEP_DEFAULT,although,UNRESOLVED_OR_LEMMA,CONJUNCTION,GENERAL,DIRECT_FALLBACK,,,,,,,,SCOWL_GATE_V0_4
394,403,431,cause,cause,LEXICAL_TARGET,LOWERCASE_ENTRY,SCOWL60_EXACT,KEEP_DEFAULT,cause,UNRESOLVED_OR_LEMMA,,GENERAL,DIRECT_FALLBACK,,,,,,,,SCOWL_GATE_V0_4
395,404,432,late,late,LEXICAL_TARGET,LOWERCASE_ENTRY,SCOWL60_EXACT,KEEP_DEFAULT,late,UNRESOLVED_OR_LEMMA,,GENERAL,MATRYOSHKA_CORE,4,4,ate,,,later,,SCOWL_GATE_V0_4
396,405,433,remember,remember,LEXICAL_TARGET,LOWERCASE_ENTRY,SCOWL60_EXACT,KEEP_DEFAULT,remember,UNRESOLVED_OR_LEMMA,,GENERAL,DIRECT_FALLBACK,,,,,,,,SCOWL_GATE_V0_4
397,406,434,saw,saw,LEXICAL_TARGET,LOWERCASE_ENTRY,SCOWL60_EXACT,KEEP_DEFAULT,saw,UNRESOLVED_OR_LEMMA,,GENERAL,DIRECT_FALLBACK,,,,,,,,SCOWL_GATE_V0_4
398,407,437,ask,ask,LEXICAL_TARGET,LOWERCASE_ENTRY,SCOWL60_EXACT,KEEP_DEFAULT,ask,UNRESOLVED_OR_LEMMA,,GENERAL,MATRYOSHKA_CORE,4,4,,as,,,,SCOWL_GATE_V0_4
399,408,438,example,example,LEXICAL_TARGET,LOWERCASE_ENTRY,SCOWL60_EXACT,KEEP_DEFAULT,example,UNRESOLVED_OR_LEMMA,,GENERAL,DIRECT_FALLBACK,,,,,,,,SCOWL_GATE_V0_4
400,409,439,form,form,LEXICAL_TARGET,LOWERCASE_ENTRY,SCOWL60_EXACT,KEEP_DEFAULT,form,UNRESOLVED_OR_LEMMA,,GENERAL,MATRYOSHKA_CORE,6,6,,for,,,,SCOWL_GATE_V0_4
401,410,441,john,john,LEXICAL_TARGET,LOWERCASE_WITH_CASE_COLLISION,SCOWL60_EXACT,REVIEW_CASE_COLLISION_SENSE,john,UNRESOLVED_OR_LEMMA,,,DIRECT_FALLBACK,,,,,,,,SCOWL_GATE_V0_4
402,411,442,pay,pay,LEXICAL_TARGET,LOWERCASE_ENTRY,SCOWL60_EXACT,KEEP_DEFAULT,pay,UNRESOLVED_OR_LEMMA,,GENERAL,MATRYOSHKA_CORE,4,4,,pa,,,,SCOWL_GATE_V0_4
403,412,443,post,post,LEXICAL_TARGET,LOWERCASE_WITH_CASE_COLLISION,SCOWL60_EXACT,KEEP_DEFAULT,post,UNRESOLVED_OR_LEMMA,,GENERAL,DIRECT_FALLBACK,,,,,,,,SCOWL_GATE_V0_4
404,413,444,research,research,LEXICAL_TARGET,LOWERCASE_ENTRY,SCOWL60_EXACT,KEEP_DEFAULT,research,UNRESOLVED_OR_LEMMA,,GENERAL,DIRECT_FALLBACK,,,,,,,,SCOWL_GATE_V0_4
405,414,445,saying,saying,LEXICAL_TARGET,LOWERCASE_ENTRY,SCOWL60_EXACT,KEEP_DEFAULT,say,KNOWN_MORPH_RELATION,,GENERAL,DIRECT_FALLBACK,,,,,,,,SCOWL_GATE_V0_4
406,415,446,understand,understand,LEXICAL_TARGET,LOWERCASE_ENTRY,SCOWL60_EXACT,KEEP_DEFAULT,understand,UNRESOLVED_OR_LEMMA,,GENERAL,DIRECT_FALLBACK,,,,,,,,SCOWL_GATE_V0_4
407,416,447,university,university,LEXICAL_TARGET,LOWERCASE_ENTRY,SCOWL60_EXACT,KEEP_DEFAULT,university,UNRESOLVED_OR_LEMMA,,GENERAL,DIRECT_FALLBACK,,,,,,,,SCOWL_GATE_V0_4
408,417,448,according,according,LEXICAL_TARGET,LOWERCASE_ENTRY,SCOWL60_EXACT,KEEP_DEFAULT,according,UNRESOLVED_OR_LEMMA,,GENERAL,DIRECT_FALLBACK,,,,,,,,SCOWL_GATE_V0_4
409,418,449,due,due,LEXICAL_TARGET,LOWERCASE_ENTRY,SCOWL60_EXACT,KEEP_DEFAULT,due,UNRESOLVED_OR_LEMMA,,GENERAL,DIRECT_FALLBACK,,,,,,,,SCOWL_GATE_V0_4
410,419,450,either,either,LEXICAL_TARGET,LOWERCASE_ENTRY,SCOWL60_EXACT,KEEP_DEFAULT,either,UNRESOLVED_OR_LEMMA,DETERMINER|PRONOUN|CONJUNCTION,GENERAL,DIRECT_FALLBACK,,,,,,,,SCOWL_GATE_V0_4
411,420,451,fuck,fuck,LEXICAL_TARGET,LOWERCASE_ENTRY,SCOWL60_EXACT,REVIEW_VULGAR,fuck,UNRESOLVED_OR_LEMMA,,,DIRECT_FALLBACK,,,,,,,,SCOWL_GATE_V0_4
412,421,452,hit,hit,LEXICAL_TARGET,LOWERCASE_ENTRY,SCOWL60_EXACT,KEEP_DEFAULT,hit,UNRESOLVED_OR_LEMMA,,GENERAL,MATRYOSHKA_CORE,5,5,it,hi,shit,,,SCOWL_GATE_V0_4
413,422,453,idea,idea,LEXICAL_TARGET,LOWERCASE_ENTRY,SCOWL60_EXACT,KEEP_DEFAULT,idea,UNRESOLVED_OR_LEMMA,,GENERAL,DIRECT_FALLBACK,,,,,,,,SCOWL_GATE_V0_4
414,423,454,million,million,LEXICAL_TARGET,LOWERCASE_ENTRY,SCOWL60_EXACT,KEEP_DEFAULT,million,UNRESOLVED_OR_LEMMA,,GENERAL,DIRECT_FALLBACK,,,,,,,,SCOWL_GATE_V0_4
415,424,455,months,months,LEXICAL_TARGET,LOWERCASE_ENTRY,SCOWL60_EXACT,KEEP_DEFAULT,month,REGULAR_S_FORM,,GENERAL,DIRECT_FALLBACK,,,,,,,,SCOWL_GATE_V0_4
416,425,456,needs,needs,LEXICAL_TARGET,LOWERCASE_ENTRY,SCOWL60_EXACT,KEEP_DEFAULT,need,REGULAR_S_FORM,,GENERAL,MATRYOSHKA_EXTENSION,23,,,need,,,,SCOWL_GATE_V0_4
417,426,457,past,past,LEXICAL_TARGET,LOWERCASE_ENTRY,SCOWL60_EXACT,KEEP_DEFAULT,past,UNRESOLVED_OR_LEMMA,,GENERAL,DIRECT_FALLBACK,,,,,,,,SCOWL_GATE_V0_4
418,427,458,playing,playing,LEXICAL_TARGET,LOWERCASE_ENTRY,SCOWL60_EXACT,KEEP_DEFAULT,play,INFLECTED_FORM,,GENERAL,DIRECT_FALLBACK,,,,,,,,SCOWL_GATE_V0_4
419,428,459,pretty,pretty,LEXICAL_TARGET,LOWERCASE_ENTRY,SCOWL60_EXACT,KEEP_DEFAULT,pretty,UNRESOLVED_OR_LEMMA,,GENERAL,DIRECT_FALLBACK,,,,,,,,SCOWL_GATE_V0_4
420,429,460,probably,probably,LEXICAL_TARGET,LOWERCASE_ENTRY,SCOWL60_EXACT,KEEP_DEFAULT,probably,UNRESOLVED_OR_LEMMA,,GENERAL,DIRECT_FALLBACK,,,,,,,,SCOWL_GATE_V0_4
421,430,461,rather,rather,LEXICAL_TARGET,LOWERCASE_WITH_CASE_COLLISION,SCOWL60_EXACT,KEEP_DEFAULT,rather,UNRESOLVED_OR_LEMMA,,GENERAL,DIRECT_FALLBACK,,,,,,,,SCOWL_GATE_V0_4
422,431,462,soon,soon,LEXICAL_TARGET,LOWERCASE_ENTRY,SCOWL60_EXACT,KEEP_DEFAULT,soon,UNRESOLVED_OR_LEMMA,,GENERAL,DIRECT_FALLBACK,,,,,,,,SCOWL_GATE_V0_4
423,432,463,turn,turn,LEXICAL_TARGET,LOWERCASE_ENTRY,SCOWL60_EXACT,KEEP_DEFAULT,turn,UNRESOLVED_OR_LEMMA,,GENERAL,DIRECT_FALLBACK,,,,,,,,SCOWL_GATE_V0_4
424,433,464,whether,whether,LEXICAL_TARGET,LOWERCASE_ENTRY,SCOWL60_EXACT,KEEP_DEFAULT,whether,UNRESOLVED_OR_LEMMA,CONJUNCTION,GENERAL,DIRECT_FALLBACK,,,,,,,,SCOWL_GATE_V0_4
425,434,465,win,win,LEXICAL_TARGET,LOWERCASE_ENTRY,SCOWL60_EXACT,KEEP_DEFAULT,win,UNRESOLVED_OR_LEMMA,,GENERAL,MATRYOSHKA_CORE,5,5,in,,,,,SCOWL_GATE_V0_4
426,435,466,age,age,LEXICAL_TARGET,LOWERCASE_ENTRY,SCOWL60_EXACT,KEEP_DEFAULT,age,UNRESOLVED_OR_LEMMA,,GENERAL,DIRECT_FALLBACK,,,,,,,,SCOWL_GATE_V0_4
427,436,467,anyone,anyone,LEXICAL_TARGET,LOWERCASE_ENTRY,SCOWL60_EXACT,KEEP_DEFAULT,anyone,UNRESOLVED_OR_LEMMA,PRONOUN,GENERAL,DIRECT_FALLBACK,,,,,,,,SCOWL_GATE_V0_4
428,437,468,community,community,LEXICAL_TARGET,LOWERCASE_ENTRY,SCOWL60_EXACT,KEEP_DEFAULT,community,UNRESOLVED_OR_LEMMA,,GENERAL,DIRECT_FALLBACK,,,,,,,,SCOWL_GATE_V0_4
429,438,469,development,development,LEXICAL_TARGET,LOWERCASE_ENTRY,SCOWL60_EXACT,KEEP_DEFAULT,development,UNRESOLVED_OR_LEMMA,,GENERAL,DIRECT_FALLBACK,,,,,,,,SCOWL_GATE_V0_4
430,439,470,further,further,LEXICAL_TARGET,LOWERCASE_ENTRY,SCOWL60_EXACT,KEEP_DEFAULT,far,FORM_AND_LEMMA,,GENERAL,DIRECT_FALLBACK,,,,,,,,SCOWL_GATE_V0_4
431,440,471,future,future,LEXICAL_TARGET,LOWERCASE_ENTRY,SCOWL60_EXACT,KEEP_DEFAULT,future,UNRESOLVED_OR_LEMMA,,GENERAL,DIRECT_FALLBACK,,,,,,,,SCOWL_GATE_V0_4
432,441,472,heart,heart,LEXICAL_TARGET,LOWERCASE_ENTRY,SCOWL60_EXACT,KEEP_DEFAULT,heart,UNRESOLVED_OR_LEMMA,,GENERAL,DIRECT_FALLBACK,,,,,,,,SCOWL_GATE_V0_4
433,442,473,leave,leave,LEXICAL_TARGET,LOWERCASE_ENTRY,SCOWL60_EXACT,KEEP_DEFAULT,leave,UNRESOLVED_OR_LEMMA,,GENERAL,DIRECT_FALLBACK,,,,,,,,SCOWL_GATE_V0_4
434,443,474,light,light,LEXICAL_TARGET,LOWERCASE_ENTRY,SCOWL60_EXACT,KEEP_DEFAULT,light,UNRESOLVED_OR_LEMMA,,GENERAL,DIRECT_FALLBACK,,,,,,,,SCOWL_GATE_V0_4
435,444,475,major,major,LEXICAL_TARGET,LOWERCASE_WITH_CASE_COLLISION,SCOWL60_EXACT,KEEP_DEFAULT,major,UNRESOLVED_OR_LEMMA,,GENERAL,DIRECT_FALLBACK,,,,,,,,SCOWL_GATE_V0_4
436,445,476,minutes,minutes,LEXICAL_TARGET,LOWERCASE_ENTRY,SCOWL60_EXACT,KEEP_DEFAULT,minute,REGULAR_S_FORM,,GENERAL,DIRECT_FALLBACK,,,,,,,,SCOWL_GATE_V0_4
437,446,477,morning,morning,LEXICAL_TARGET,LOWERCASE_ENTRY,SCOWL60_EXACT,KEEP_DEFAULT,morning,UNRESOLVED_OR_LEMMA,,GENERAL,DIRECT_FALLBACK,,,,,,,,SCOWL_GATE_V0_4
438,447,478,north,north,LEXICAL_TARGET,LOWERCASE_WITH_CASE_COLLISION,SCOWL60_EXACT,KEEP_DEFAULT,north,UNRESOLVED_OR_LEMMA,,GENERAL,DIRECT_FALLBACK,,,,,,,,SCOWL_GATE_V0_4
439,448,479,started,started,LEXICAL_TARGET,LOWERCASE_ENTRY,SCOWL60_EXACT,KEEP_DEFAULT,start,INFLECTED_FORM,,GENERAL,DIRECT_FALLBACK,,,,,,,,SCOWL_GATE_V0_4
440,450,481,action,action,LEXICAL_TARGET,LOWERCASE_ENTRY,SCOWL60_EXACT,KEEP_DEFAULT,action,UNRESOLVED_OR_LEMMA,,GENERAL,DIRECT_FALLBACK,,,,,,,,SCOWL_GATE_V0_4
441,451,482,child,child,LEXICAL_TARGET,LOWERCASE_ENTRY,SCOWL60_EXACT,KEEP_DEFAULT,child,UNRESOLVED_OR_LEMMA,,GENERAL,DIRECT_FALLBACK,,,,,,,,SCOWL_GATE_V0_4
442,453,484,father,father,LEXICAL_TARGET,LOWERCASE_WITH_CASE_COLLISION,SCOWL60_EXACT,KEEP_DEFAULT,father,UNRESOLVED_OR_LEMMA,,GENERAL,DIRECT_FALLBACK,,,,,,,,SCOWL_GATE_V0_4
443,454,485,gonna,gonna,LEXICAL_TARGET,LOWERCASE_ENTRY,SCOWL60_EXACT,REVIEW_INFORMAL_NONSTANDARD,gonna,UNRESOLVED_OR_LEMMA,,,DIRECT_FALLBACK,,,,,,,,SCOWL_GATE_V0_4
444,455,487,low,low,LEXICAL_TARGET,LOWERCASE_ENTRY,SCOWL60_EXACT,KEEP_DEFAULT,low,UNRESOLVED_OR_LEMMA,,GENERAL,DIRECT_FALLBACK,,,,,,,,SCOWL_GATE_V0_4
445,456,488,move,move,LEXICAL_TARGET,LOWERCASE_ENTRY,SCOWL60_EXACT,KEEP_DEFAULT,move,UNRESOLVED_OR_LEMMA,,GENERAL,DIRECT_FALLBACK,,,,,,,,SCOWL_GATE_V0_4
446,457,489,police,police,LEXICAL_TARGET,LOWERCASE_ENTRY,SCOWL60_EXACT,KEEP_DEFAULT,police,UNRESOLVED_OR_LEMMA,,GENERAL,DIRECT_FALLBACK,,,,,,,,SCOWL_GATE_V0_4
447,459,491,special,special,LEXICAL_TARGET,LOWERCASE_ENTRY,SCOWL60_EXACT,KEEP_DEFAULT,special,UNRESOLVED_OR_LEMMA,,GENERAL,DIRECT_FALLBACK,,,,,,,,SCOWL_GATE_V0_4
448,460,492,third,third,LEXICAL_TARGET,LOWERCASE_ENTRY,SCOWL60_EXACT,KEEP_DEFAULT,third,UNRESOLVED_OR_LEMMA,,GENERAL,DIRECT_FALLBACK,,,,,,,,SCOWL_GATE_V0_4
449,461,493,wanted,wanted,LEXICAL_TARGET,LOWERCASE_ENTRY,SCOWL60_EXACT,KEEP_DEFAULT,want,INFLECTED_FORM,,GENERAL,DIRECT_FALLBACK,,,,,,,,SCOWL_GATE_V0_4
450,462,494,woman,woman,LEXICAL_TARGET,LOWERCASE_ENTRY,SCOWL60_EXACT,KEEP_DEFAULT,woman,UNRESOLVED_OR_LEMMA,,GENERAL,DIRECT_FALLBACK,,,,,,,,SCOWL_GATE_V0_4
451,463,495,comes,comes,LEXICAL_TARGET,LOWERCASE_ENTRY,SCOWL60_EXACT,KEEP_DEFAULT,come,INFLECTED_FORM,,GENERAL,MATRYOSHKA_EXTENSION,32,,,come,,,,SCOWL_GATE_V0_4
452,464,496,data,data,LEXICAL_TARGET,LOWERCASE_ENTRY,SCOWL60_EXACT,KEEP_DEFAULT,data,UNRESOLVED_OR_LEMMA,,GENERAL,DIRECT_FALLBACK,,,,,,,,SCOWL_GATE_V0_4
453,465,497,happy,happy,LEXICAL_TARGET,LOWERCASE_ENTRY,SCOWL60_EXACT,KEEP_DEFAULT,happy,UNRESOLVED_OR_LEMMA,,GENERAL,DIRECT_FALLBACK,,,,,,,,SCOWL_GATE_V0_4
454,466,498,living,living,LEXICAL_TARGET,LOWERCASE_ENTRY,SCOWL60_EXACT,KEEP_DEFAULT,live,FORM_AND_LEMMA,,GENERAL,DIRECT_FALLBACK,,,,,,,,SCOWL_GATE_V0_4
455,467,499,reason,reason,LEXICAL_TARGET,LOWERCASE_ENTRY,SCOWL60_EXACT,KEEP_DEFAULT,reason,UNRESOLVED_OR_LEMMA,,GENERAL,DIRECT_FALLBACK,,,,,,,,SCOWL_GATE_V0_4
456,468,500,red,red,LEXICAL_TARGET,LOWERCASE_ENTRY,SCOWL60_EXACT,KEEP_DEFAULT,red,UNRESOLVED_OR_LEMMA,,GENERAL,MATRYOSHKA_CORE,9,9,,re,,,,SCOWL_GATE_V0_4
457,469,501,report,report,LEXICAL_TARGET,LOWERCASE_ENTRY,SCOWL60_EXACT,KEEP_DEFAULT,report,UNRESOLVED_OR_LEMMA,,GENERAL,DIRECT_FALLBACK,,,,,,,,SCOWL_GATE_V0_4
458,470,502,short,short,LEXICAL_TARGET,LOWERCASE_WITH_CASE_COLLISION,SCOWL60_EXACT,KEEP_DEFAULT,short,UNRESOLVED_OR_LEMMA,,GENERAL,DIRECT_FALLBACK,,,,,,,,SCOWL_GATE_V0_4
459,471,503,sometimes,sometimes,LEXICAL_TARGET,LOWERCASE_ENTRY,SCOWL60_EXACT,KEEP_DEFAULT,sometime,INFERRED_REGULAR_FORM,,GENERAL,DIRECT_FALLBACK,,,,,,,,SCOWL_GATE_V0_4
460,472,504,son,son,LEXICAL_TARGET,LOWERCASE_WITH_CASE_COLLISION,SCOWL60_EXACT,KEEP_DEFAULT,son,UNRESOLVED_OR_LEMMA,,GENERAL,MATRYOSHKA_CORE,8,8,on,so,,,,SCOWL_GATE_V0_4
461,473,505,stay,stay,LEXICAL_TARGET,LOWERCASE_ENTRY,SCOWL60_EXACT,KEEP_DEFAULT,stay,UNRESOLVED_OR_LEMMA,,GENERAL,DIRECT_FALLBACK,,,,,,,,SCOWL_GATE_V0_4
462,474,506,watch,watch,LEXICAL_TARGET,LOWERCASE_ENTRY,SCOWL60_EXACT,KEEP_DEFAULT,watch,UNRESOLVED_OR_LEMMA,,GENERAL,DIRECT_FALLBACK,,,,,,,,SCOWL_GATE_V0_4
463,475,508,bit,bit,LEXICAL_TARGET,LOWERCASE_ENTRY,SCOWL60_EXACT,KEEP_DEFAULT,bit,UNRESOLVED_OR_LEMMA,,GENERAL,MATRYOSHKA_CORE,5,5,it,,,,,SCOWL_GATE_V0_4
464,476,509,education,education,LEXICAL_TARGET,LOWERCASE_ENTRY,SCOWL60_EXACT,KEEP_DEFAULT,education,UNRESOLVED_OR_LEMMA,,GENERAL,DIRECT_FALLBACK,,,,,,,,SCOWL_GATE_V0_4
465,477,510,fucking,fucking,LEXICAL_TARGET,LOWERCASE_ENTRY,SCOWL60_EXACT,REVIEW_VULGAR,fuck,INFERRED_REGULAR_FORM,,,DIRECT_FALLBACK,,,,,,,,SCOWL_GATE_V0_4
466,478,511,land,land,LEXICAL_TARGET,LOWERCASE_WITH_CASE_COLLISION,SCOWL60_EXACT,KEEP_DEFAULT,land,UNRESOLVED_OR_LEMMA,,GENERAL,MATRYOSHKA_CORE,4,4,and,,,,,SCOWL_GATE_V0_4
467,479,512,looks,looks,LEXICAL_TARGET,LOWERCASE_ENTRY,SCOWL60_EXACT,KEEP_DEFAULT,look,INFLECTED_FORM,,GENERAL,MATRYOSHKA_EXTENSION,33,,,look,,,,SCOWL_GATE_V0_4
468,480,513,myself,myself,LEXICAL_TARGET,LOWERCASE_ENTRY,SCOWL60_EXACT,KEEP_DEFAULT,myself,UNRESOLVED_OR_LEMMA,PRONOUN,GENERAL,DIRECT_FALLBACK,,,,,,,,SCOWL_GATE_V0_4
469,481,514,works,works,LEXICAL_TARGET,LOWERCASE_ENTRY,SCOWL60_EXACT,KEEP_DEFAULT,work,FORM_AND_LEMMA,,GENERAL,MATRYOSHKA_EXTENSION,25,,,work,,,,SCOWL_GATE_V0_4
470,482,516,asked,asked,LEXICAL_TARGET,LOWERCASE_ENTRY,SCOWL60_EXACT,KEEP_DEFAULT,ask,INFLECTED_FORM,,GENERAL,DIRECT_FALLBACK,,,,,,,,SCOWL_GATE_V0_4
471,483,517,deal,deal,LEXICAL_TARGET,LOWERCASE_ENTRY,SCOWL60_EXACT,KEEP_DEFAULT,deal,UNRESOLVED_OR_LEMMA,,GENERAL,DIRECT_FALLBACK,,,,,,,,SCOWL_GATE_V0_4
472,484,518,experience,experience,LEXICAL_TARGET,LOWERCASE_ENTRY,SCOWL60_EXACT,KEEP_DEFAULT,experience,UNRESOLVED_OR_LEMMA,,GENERAL,DIRECT_FALLBACK,,,,,,,,SCOWL_GATE_V0_4
473,485,519,final,final,LEXICAL_TARGET,LOWERCASE_ENTRY,SCOWL60_EXACT,KEEP_DEFAULT,final,UNRESOLVED_OR_LEMMA,,GENERAL,DIRECT_FALLBACK,,,,,,,,SCOWL_GATE_V0_4
474,486,520,list,list,LEXICAL_TARGET,LOWERCASE_ENTRY,SCOWL60_EXACT,KEEP_DEFAULT,list,UNRESOLVED_OR_LEMMA,,GENERAL,DIRECT_FALLBACK,,,,,,,,SCOWL_GATE_V0_4
475,487,521,market,market,LEXICAL_TARGET,LOWERCASE_ENTRY,SCOWL60_EXACT,KEEP_DEFAULT,market,UNRESOLVED_OR_LEMMA,,GENERAL,DIRECT_FALLBACK,,,,,,,,SCOWL_GATE_V0_4
476,488,522,meet,meet,LEXICAL_TARGET,LOWERCASE_ENTRY,SCOWL60_EXACT,KEEP_DEFAULT,meet,UNRESOLVED_OR_LEMMA,,GENERAL,DIRECT_FALLBACK,,,,,,,,SCOWL_GATE_V0_4
477,489,523,non,non,LEXICAL_TARGET,LOWERCASE_ENTRY,SCOWL60_EXACT,REVIEW_RARE_SENSE,non,UNRESOLVED_OR_LEMMA,,,MATRYOSHKA_CORE,8,8,on,no,,,,SCOWL_GATE_V0_4
478,490,524,six,six,LEXICAL_TARGET,LOWERCASE_ENTRY,SCOWL60_EXACT,KEEP_DEFAULT,six,UNRESOLVED_OR_LEMMA,,GENERAL,DIRECT_FALLBACK,,,,,,,,SCOWL_GATE_V0_4
479,491,525,study,study,LEXICAL_TARGET,LOWERCASE_ENTRY,SCOWL60_EXACT,KEEP_DEFAULT,study,UNRESOLVED_OR_LEMMA,,GENERAL,DIRECT_FALLBACK,,,,,,,,SCOWL_GATE_V0_4
480,492,526,type,type,LEXICAL_TARGET,LOWERCASE_ENTRY,SCOWL60_EXACT,KEEP_DEFAULT,type,UNRESOLVED_OR_LEMMA,,GENERAL,DIRECT_FALLBACK,,,,,,,,SCOWL_GATE_V0_4
481,493,527,word,word,LEXICAL_TARGET,LOWERCASE_ENTRY,SCOWL60_EXACT,KEEP_DEFAULT,word,UNRESOLVED_OR_LEMMA,,GENERAL,DIRECT_FALLBACK,,,,,,,,SCOWL_GATE_V0_4
482,494,528,building,building,LEXICAL_TARGET,LOWERCASE_ENTRY,SCOWL60_EXACT,KEEP_DEFAULT,build,FORM_AND_LEMMA,,GENERAL,DIRECT_FALLBACK,,,,,,,,SCOWL_GATE_V0_4
483,495,529,check,check,LEXICAL_TARGET,LOWERCASE_ENTRY,SCOWL60_EXACT,KEEP_DEFAULT,check,UNRESOLVED_OR_LEMMA,,GENERAL,DIRECT_FALLBACK,,,,,,,,SCOWL_GATE_V0_4
484,496,530,fire,fire,LEXICAL_TARGET,LOWERCASE_ENTRY,SCOWL60_EXACT,KEEP_DEFAULT,fire,UNRESOLVED_OR_LEMMA,,GENERAL,DIRECT_FALLBACK,,,,,,,,SCOWL_GATE_V0_4
485,497,531,force,force,LEXICAL_TARGET,LOWERCASE_ENTRY,SCOWL60_EXACT,KEEP_DEFAULT,force,UNRESOLVED_OR_LEMMA,,GENERAL,DIRECT_FALLBACK,,,,,,,,SCOWL_GATE_V0_4
486,498,532,front,front,LEXICAL_TARGET,LOWERCASE_ENTRY,SCOWL60_EXACT,KEEP_DEFAULT,front,UNRESOLVED_OR_LEMMA,,GENERAL,DIRECT_FALLBACK,,,,,,,,SCOWL_GATE_V0_4
487,499,533,la,la,LEXICAL_TARGET,LOWERCASE_WITH_CASE_COLLISION,SCOWL60_EXACT,REVIEW_SPECIALIZED_SENSE,la,UNRESOLVED_OR_LEMMA,,,MATRYOSHKA_CORE,4,4,a,,,law;lay,,SCOWL_GATE_V0_4
488,500,534,main,main,LEXICAL_TARGET,LOWERCASE_ENTRY,SCOWL60_EXACT,KEEP_DEFAULT,main,UNRESOLVED_OR_LEMMA,,GENERAL,DIRECT_FALLBACK,,,,,,,,SCOWL_GATE_V0_4
489,501,535,mother,mother,LEXICAL_TARGET,LOWERCASE_ENTRY,SCOWL60_EXACT,KEEP_DEFAULT,mother,UNRESOLVED_OR_LEMMA,,GENERAL,MATRYOSHKA_CORE,15,13,other,,,,,SCOWL_GATE_V0_4
490,502,536,near,near,LEXICAL_TARGET,LOWERCASE_ENTRY,SCOWL60_EXACT,KEEP_DEFAULT,near,UNRESOLVED_OR_LEMMA,,GENERAL,DIRECT_FALLBACK,,,,,,,,SCOWL_GATE_V0_4
491,503,537,period,period,LEXICAL_TARGET,LOWERCASE_ENTRY,SCOWL60_EXACT,KEEP_DEFAULT,period,UNRESOLVED_OR_LEMMA,,GENERAL,DIRECT_FALLBACK,,,,,,,,SCOWL_GATE_V0_4
492,504,538,process,process,LEXICAL_TARGET,LOWERCASE_ENTRY,SCOWL60_EXACT,KEEP_DEFAULT,process,UNRESOLVED_OR_LEMMA,,GENERAL,DIRECT_FALLBACK,,,,,,,,SCOWL_GATE_V0_4
493,506,541,art,art,LEXICAL_TARGET,LOWERCASE_WITH_CASE_COLLISION,SCOWL60_EXACT,KEEP_DEFAULT,art,UNRESOLVED_OR_LEMMA,,GENERAL,MATRYOSHKA_CORE,31,21,,,part,,,SCOWL_GATE_V0_4
494,507,542,former,former,LEXICAL_TARGET,LOWERCASE_ENTRY,SCOWL60_EXACT,KEEP_DEFAULT,former,UNRESOLVED_OR_LEMMA,,GENERAL,DIRECT_FALLBACK,,,,,,,,SCOWL_GATE_V0_4
495,508,543,heard,heard,LEXICAL_TARGET,LOWERCASE_ENTRY,SCOWL60_EXACT,KEEP_DEFAULT,hear,KNOWN_MORPH_RELATION,,GENERAL,DIRECT_FALLBACK,,,,,,,,SCOWL_GATE_V0_4
496,510,545,plan,plan,LEXICAL_TARGET,LOWERCASE_ENTRY,SCOWL60_EXACT,KEEP_DEFAULT,plan,UNRESOLVED_OR_LEMMA,,GENERAL,DIRECT_FALLBACK,,,,,,,,SCOWL_GATE_V0_4
497,511,546,quite,quite,LEXICAL_TARGET,LOWERCASE_ENTRY,SCOWL60_EXACT,KEEP_DEFAULT,quite,UNRESOLVED_OR_LEMMA,,GENERAL,DIRECT_FALLBACK,,,,,,,,SCOWL_GATE_V0_4
498,512,547,series,series,LEXICAL_TARGET,LOWERCASE_ENTRY,SCOWL60_EXACT,KEEP_DEFAULT,series,UNRESOLVED_OR_LEMMA,,GENERAL,DIRECT_FALLBACK,,,,,,,,SCOWL_GATE_V0_4
499,513,548,site,site,LEXICAL_TARGET,LOWERCASE_ENTRY,SCOWL60_EXACT,KEEP_DEFAULT,site,UNRESOLVED_OR_LEMMA,,GENERAL,MATRYOSHKA_CORE,5,5,,sit,,,,SCOWL_GATE_V0_4
500,514,549,talking,talking,LEXICAL_TARGET,LOWERCASE_ENTRY,SCOWL60_EXACT,KEEP_DEFAULT,talk,REGULAR_ING_FORM,,GENERAL,DIRECT_FALLBACK,,,,,,,,SCOWL_GATE_V0_4
,703,742,re,re,BRIDGE,LOWERCASE_WITH_CASE_COLLISION,SCOWL60_BRIDGE,BRIDGE_NOT_TARGET,re,UNRESOLVED_OR_LEMMA,,,STRUCTURAL_BRIDGE,9,9,,,are,red,re>are>care [LL] => red,SCOWL_GATE_V0_4
,868,912,hi,hi,BRIDGE,LOWERCASE_WITH_CASE_COLLISION,SCOWL60_BRIDGE,BRIDGE_NOT_TARGET,hi,UNRESOLVED_OR_LEMMA,,INFORMAL,STRUCTURAL_BRIDGE,5,5,i,,,his;him;hit,i>hi>his [LR] => him,SCOWL_GATE_V0_4
,1321,1372,sit,sit,BRIDGE,LOWERCASE_ENTRY,SCOWL60_BRIDGE,BRIDGE_NOT_TARGET,sit,UNRESOLVED_OR_LEMMA,,GENERAL,STRUCTURAL_BRIDGE,5,5,it,,,site,i>it>sit [RL] => site,SCOWL_GATE_V0_4
,1628,1684,aid,aid,BRIDGE,LOWERCASE_ENTRY,SCOWL60_BRIDGE,BRIDGE_NOT_TARGET,aid,UNRESOLVED_OR_LEMMA,,,STRUCTURAL_BRIDGE,5,5,id,,said,,i>id>aid>said [RLL] => said,SCOWL_GATE_V0_4
,1894,1955,ad,ad,BRIDGE,LOWERCASE_WITH_CASE_COLLISION,SCOWL60_BRIDGE,BRIDGE_NOT_TARGET,ad,UNRESOLVED_OR_LEMMA,,GENERAL,STRUCTURAL_BRIDGE,4,4,,a,had;bad;mad,,a>ad>had [RL] => bad|had,SCOWL_GATE_V0_4
,1920,1981,mad,mad,BRIDGE,LOWERCASE_ENTRY,SCOWL60_BRIDGE,BRIDGE_NOT_TARGET,mad,UNRESOLVED_OR_LEMMA,,GENERAL,STRUCTURAL_BRIDGE,4,4,ad,ma,,made,a>ad>mad>made [RLR] => made,SCOWL_GATE_V0_4
,2073,2134,lay,lay,BRIDGE,LOWERCASE_ENTRY,SCOWL60_BRIDGE,BRIDGE_NOT_TARGET,lay,UNRESOLVED_OR_LEMMA,,,STRUCTURAL_BRIDGE,4,4,,la,play,,a>la>lay [LR] => play,SCOWL_GATE_V0_4
,2327,2395,ma,ma,BRIDGE,LOWERCASE_WITH_CASE_COLLISION,SCOWL60_BRIDGE,BRIDGE_NOT_TARGET,ma,UNRESOLVED_OR_LEMMA,,,STRUCTURAL_BRIDGE,4,4,a,,,may;man;mad,a>ma>may [LR] => may,SCOWL_GATE_V0_4
,2458,2527,don,don,BRIDGE,LOWERCASE_WITH_CASE_COLLISION,SCOWL60_BRIDGE,BRIDGE_NOT_TARGET,don,UNRESOLVED_OR_LEMMA,,RARE_OR_SPECIALIZED,STRUCTURAL_BRIDGE,8,8,on,do,,done,on>don>done [LR] => do,SCOWL_GATE_V0_4
,2595,2666,sing,sing,BRIDGE,LOWERCASE_ENTRY,SCOWL60_BRIDGE,BRIDGE_NOT_TARGET,sing,UNRESOLVED_OR_LEMMA,,GENERAL,STRUCTURAL_BRIDGE,5,5,,sin,using,,in>sin>sing>using [LRL] => using,SCOWL_GATE_V0_4
,2660,2733,hat,hat,BRIDGE,LOWERCASE_ENTRY,SCOWL60_BRIDGE,BRIDGE_NOT_TARGET,hat,UNRESOLVED_OR_LEMMA,,GENERAL,STRUCTURAL_BRIDGE,4,4,at,,that;what,,a>at>hat [RL] => what|that,SCOWL_GATE_V0_4
,2779,2853,id,id,BRIDGE,LOWERCASE_WITH_CASE_COLLISION,SCOWL60_BRIDGE,BRIDGE_NOT_TARGET,id,UNRESOLVED_OR_LEMMA,,,STRUCTURAL_BRIDGE,5,5,,i,did;aid,,i>id>did [RL] => did,SCOWL_GATE_V0_4
,3052,3126,sin,sin,BRIDGE,LOWERCASE_ENTRY,SCOWL60_BRIDGE,BRIDGE_NOT_TARGET,sin,UNRESOLVED_OR_LEMMA,,GENERAL,STRUCTURAL_BRIDGE,5,5,in,,,sing,in>sin>sing>using [LRL] => using,SCOWL_GATE_V0_4
,3736,3822,pa,pa,BRIDGE,LOWERCASE_WITH_CASE_COLLISION,SCOWL60_BRIDGE,BRIDGE_NOT_TARGET,pa,UNRESOLVED_OR_LEMMA,,,STRUCTURAL_BRIDGE,4,4,a,,,pay,a>pa>pay [LR] => pay,SCOWL_GATE_V0_4
,3865,3952,min,min,BRIDGE,LOWERCASE_WITH_CASE_COLLISION,SCOWL60_BRIDGE,BRIDGE_NOT_TARGET,min,UNRESOLVED_OR_LEMMA,,,STRUCTURAL_BRIDGE,5,5,in,,,mind,in>min>mind [LR] => mind,SCOWL_GATE_V0_4
,4011,4103,ate,ate,BRIDGE,LOWERCASE_ENTRY,SCOWL60_BRIDGE,BRIDGE_NOT_TARGET,ate,UNRESOLVED_OR_LEMMA,,,STRUCTURAL_BRIDGE,4,4,,at,late,,a>at>ate [RR] => late,SCOWL_GATE_V0_4
,4644,4749,mall,mall,BRIDGE,LOWERCASE_ENTRY,SCOWL60_BRIDGE,BRIDGE_NOT_TARGET,mall,UNRESOLVED_OR_LEMMA,,GENERAL,STRUCTURAL_BRIDGE,10,10,all,,small,,all>mall>small [LL] => small,SCOWL_GATE_V0_4
,4784,4893,fa,fa,BRIDGE,LOWERCASE_ENTRY,SCOWL60_BRIDGE,BRIDGE_NOT_TARGET,fa,UNRESOLVED_OR_LEMMA,,,STRUCTURAL_BRIDGE,4,4,a,,,far,a>fa>far [LR] => far,SCOWL_GATE_V0_4