target_index,alpha_rank,source_rank,word,display_form,status,lemma,morphology,function_class,register,learning_mode,component_id,parent_L,parent_R,children_L,children_R,bridge_reason,review_status
1,1,1,the,the,TARGET,the,LEMMA_OR_INDEPENDENT,ARTICLE,GENERAL,MATRYOSHKA_CONNECTED,1,he,,,they;them;then,,LEXICAL_PASS_1
2,2,2,of,of,TARGET,of,LEMMA_OR_INDEPENDENT,PREPOSITION,GENERAL,MATRYOSHKA_CONNECTED,2,,,,off,,LEXICAL_PASS_1
3,3,3,to,to,TARGET,to,LEMMA_OR_INDEPENDENT,PREPOSITION|INFINITIVE_MARKER,GENERAL,MATRYOSHKA_CONNECTED,3,,,,too;top,,LEXICAL_PASS_1
4,4,4,and,and,TARGET,and,LEMMA_OR_INDEPENDENT,CONJUNCTION,GENERAL,MATRYOSHKA_CONNECTED,4,,an,hand;land,,,LEXICAL_PASS_1
5,5,5,a,a,TARGET,a,LEMMA_OR_INDEPENDENT,ARTICLE,GENERAL,MATRYOSHKA_CONNECTED,4,,,,as;at;an;am;ad,,LEXICAL_PASS_1
6,6,6,in,in,TARGET,in,LEMMA_OR_INDEPENDENT,PREPOSITION,GENERAL,MATRYOSHKA_CONNECTED,5,,i,win;sin,,,LEXICAL_PASS_1
7,7,7,i,I,TARGET,i,LEMMA_OR_INDEPENDENT,PRONOUN,GENERAL,MATRYOSHKA_CONNECTED,5,,,hi,in;is;it;if,,LEXICAL_PASS_1
8,8,8,is,is,TARGET,be,IRREGULAR_FORM,AUXILIARY,GENERAL,MATRYOSHKA_CONNECTED,5,,i,his,,,LEXICAL_PASS_1
9,9,9,that,that,TARGET,that,LEMMA_OR_INDEPENDENT,DETERMINER,GENERAL,MATRYOSHKA_CONNECTED,4,hat,,,,,LEXICAL_PASS_1
10,10,10,for,for,TARGET,for,LEMMA_OR_INDEPENDENT,PREPOSITION,GENERAL,MATRYOSHKA_CONNECTED,6,or,,,form,,LEXICAL_PASS_1
11,11,11,you,you,TARGET,you,LEMMA_OR_INDEPENDENT,PRONOUN,GENERAL,MATRYOSHKA_CONNECTED,7,,,,your,,LEXICAL_PASS_1
12,12,12,it,it,TARGET,it,LEMMA_OR_INDEPENDENT,PRONOUN,GENERAL,MATRYOSHKA_CONNECTED,5,,i,hit;bit;sit,its,,LEXICAL_PASS_1
13,13,13,on,on,TARGET,on,LEMMA_OR_INDEPENDENT,PREPOSITION,GENERAL,MATRYOSHKA_CONNECTED,8,,,son;don,one,,LEXICAL_PASS_1
14,14,15,with,with,TARGET,with,LEMMA_OR_INDEPENDENT,PREPOSITION,GENERAL,DIRECT_FALLBACK,,,,,,,LEXICAL_PASS_1
15,15,16,was,was,TARGET,be,IRREGULAR_FORM,AUXILIARY,GENERAL,MATRYOSHKA_CONNECTED,4,as,,,,,LEXICAL_PASS_1
16,16,17,be,be,TARGET,be,LEMMA_OR_INDEPENDENT,AUXILIARY,GENERAL,DIRECT_FALLBACK,,,,,,,LEXICAL_PASS_1
17,17,18,this,this,TARGET,this,LEMMA_OR_INDEPENDENT,DETERMINER,GENERAL,MATRYOSHKA_CONNECTED,5,his,,,,,LEXICAL_PASS_1
18,18,19,as,as,TARGET,as,LEMMA_OR_INDEPENDENT,CONJUNCTION,GENERAL,MATRYOSHKA_CONNECTED,4,,a,was;has,ask,,LEXICAL_PASS_1
19,19,20,are,are,TARGET,be,IRREGULAR_FORM,AUXILIARY,GENERAL,MATRYOSHKA_CONNECTED,9,,,care,area,,LEXICAL_PASS_1
20,20,21,not,not,TARGET,not,LEMMA_OR_INDEPENDENT,NEGATOR,GENERAL,MATRYOSHKA_CONNECTED,10,,no,,,,LEXICAL_PASS_1
21,21,22,have,have,TARGET,have,LEMMA_OR_INDEPENDENT,AUXILIARY,GENERAL,DIRECT_FALLBACK,,,,,,,LEXICAL_PASS_1
22,22,23,at,at,TARGET,at,LEMMA_OR_INDEPENDENT,PREPOSITION,GENERAL,MATRYOSHKA_CONNECTED,4,,a,hat,,,LEXICAL_PASS_1
23,23,24,he,he,TARGET,he,LEMMA_OR_INDEPENDENT,PRONOUN,GENERAL,MATRYOSHKA_CONNECTED,1,,,the;she,her,,LEXICAL_PASS_1
24,24,25,by,by,TARGET,by,LEMMA_OR_INDEPENDENT,PREPOSITION,GENERAL,DIRECT_FALLBACK,,,,,,,LEXICAL_PASS_1
25,25,26,from,from,TARGET,from,LEMMA_OR_INDEPENDENT,PREPOSITION,GENERAL,DIRECT_FALLBACK,,,,,,,LEXICAL_PASS_1
26,26,27,but,but,TARGET,but,LEMMA_OR_INDEPENDENT,CONJUNCTION,GENERAL,DIRECT_FALLBACK,,,,,,,LEXICAL_PASS_1
27,27,29,my,my,TARGET,my,LEMMA_OR_INDEPENDENT,DETERMINER,GENERAL,DIRECT_FALLBACK,,,,,,,LEXICAL_PASS_1
28,28,30,an,an,TARGET,an,LEMMA_OR_INDEPENDENT,ARTICLE,GENERAL,MATRYOSHKA_CONNECTED,4,,a,can;man,and;any,,LEXICAL_PASS_1
29,29,31,or,or,TARGET,or,LEMMA_OR_INDEPENDENT,CONJUNCTION,GENERAL,MATRYOSHKA_CONNECTED,6,,,for,,,LEXICAL_PASS_1
30,30,32,all,all,TARGET,all,LEMMA_OR_INDEPENDENT,DETERMINER,GENERAL,MATRYOSHKA_CONNECTED,11,,,call;mall,,,LEXICAL_PASS_1
31,31,33,his,his,TARGET,his,LEMMA_OR_INDEPENDENT,DETERMINER,GENERAL,MATRYOSHKA_CONNECTED,5,is,hi,this,,,LEXICAL_PASS_1
32,32,34,me,me,TARGET,me,LEMMA_OR_INDEPENDENT,PRONOUN,GENERAL,MATRYOSHKA_CONNECTED,12,,,,men,,LEXICAL_PASS_1
33,33,35,they,they,TARGET,they,LEMMA_OR_INDEPENDENT,PRONOUN,GENERAL,MATRYOSHKA_CONNECTED,1,,the,,,,LEXICAL_PASS_1
34,34,36,so,so,TARGET,so,LEMMA_OR_INDEPENDENT,,GENERAL,MATRYOSHKA_CONNECTED,8,,,,son,,LEXICAL_PASS_1
35,35,37,we,we,TARGET,we,LEMMA_OR_INDEPENDENT,PRONOUN,GENERAL,DIRECT_FALLBACK,,,,,,,LEXICAL_PASS_1
36,36,38,one,one,TARGET,one,LEMMA_OR_INDEPENDENT,,GENERAL,MATRYOSHKA_CONNECTED,8,,on,done,,,LEXICAL_PASS_1
37,37,39,your,your,TARGET,your,LEMMA_OR_INDEPENDENT,DETERMINER,GENERAL,MATRYOSHKA_CONNECTED,7,our,you,,,,LEXICAL_PASS_1
38,38,40,if,if,TARGET,if,LEMMA_OR_INDEPENDENT,CONJUNCTION,GENERAL,MATRYOSHKA_CONNECTED,5,,i,,,,LEXICAL_PASS_1
39,39,41,can,can,TARGET,can,LEMMA_OR_INDEPENDENT,MODAL,GENERAL,MATRYOSHKA_CONNECTED,4,an,,,,,LEXICAL_PASS_1
40,40,42,will,will,TARGET,will,LEMMA_OR_INDEPENDENT,MODAL,GENERAL,DIRECT_FALLBACK,,,,,,,LEXICAL_PASS_1
41,41,43,just,just,TARGET,just,LEMMA_OR_INDEPENDENT,,GENERAL,DIRECT_FALLBACK,,,,,,,LEXICAL_PASS_1
42,42,44,like,like,TARGET,like,LEMMA_OR_INDEPENDENT,,GENERAL,DIRECT_FALLBACK,,,,,,,LEXICAL_PASS_1
43,43,45,about,about,TARGET,about,LEMMA_OR_INDEPENDENT,PREPOSITION,GENERAL,DIRECT_FALLBACK,,,,,,,LEXICAL_PASS_1
44,44,46,up,up,TARGET,up,LEMMA_OR_INDEPENDENT,PARTICLE,GENERAL,DIRECT_FALLBACK,,,,,,,LEXICAL_PASS_1
45,45,47,what,what,TARGET,what,LEMMA_OR_INDEPENDENT,DETERMINER,GENERAL,MATRYOSHKA_CONNECTED,4,hat,,,,,LEXICAL_PASS_1
46,46,48,do,do,TARGET,do,LEMMA_OR_INDEPENDENT,AUXILIARY,GENERAL,MATRYOSHKA_CONNECTED,8,,,,don,,LEXICAL_PASS_1
47,47,49,has,has,TARGET,have,IRREGULAR_FORM,AUXILIARY,GENERAL,MATRYOSHKA_CONNECTED,4,as,,,,,LEXICAL_PASS_1
48,48,50,were,were,TARGET,be,IRREGULAR_FORM,AUXILIARY,GENERAL,DIRECT_FALLBACK,,,,,,,LEXICAL_PASS_1
49,49,51,no,no,TARGET,no,LEMMA_OR_INDEPENDENT,DETERMINER|NEGATOR,GENERAL,MATRYOSHKA_CONNECTED,10,,,,not;now,,LEXICAL_PASS_1
50,50,52,out,out,TARGET,out,LEMMA_OR_INDEPENDENT,PARTICLE,GENERAL,DIRECT_FALLBACK,,,,,,,LEXICAL_PASS_1
51,51,53,when,when,TARGET,when,LEMMA_OR_INDEPENDENT,CONJUNCTION,GENERAL,DIRECT_FALLBACK,,,,,,,LEXICAL_PASS_1
52,52,54,more,more,TARGET,more,LEMMA_OR_INDEPENDENT,,GENERAL,DIRECT_FALLBACK,,,,,,,LEXICAL_PASS_1
53,53,55,who,who,TARGET,who,LEMMA_OR_INDEPENDENT,PRONOUN,GENERAL,DIRECT_FALLBACK,,,,,,,LEXICAL_PASS_1
54,54,56,had,had,TARGET,have,IRREGULAR_FORM,AUXILIARY,GENERAL,MATRYOSHKA_CONNECTED,4,ad,,,,,LEXICAL_PASS_1
55,55,57,their,their,TARGET,their,LEMMA_OR_INDEPENDENT,DETERMINER,GENERAL,DIRECT_FALLBACK,,,,,,,LEXICAL_PASS_1
56,56,58,which,which,TARGET,which,LEMMA_OR_INDEPENDENT,DETERMINER,GENERAL,DIRECT_FALLBACK,,,,,,,LEXICAL_PASS_1
57,57,59,there,there,TARGET,there,LEMMA_OR_INDEPENDENT,,GENERAL,MATRYOSHKA_CONNECTED,1,here,,,,,LEXICAL_PASS_1
58,58,60,been,been,TARGET,be,IRREGULAR_FORM,AUXILIARY,GENERAL,DIRECT_FALLBACK,,,,,,,LEXICAL_PASS_1
59,59,61,her,her,TARGET,her,LEMMA_OR_INDEPENDENT,PRONOUN|DETERMINER,GENERAL,MATRYOSHKA_CONNECTED,1,,he,,here,,LEXICAL_PASS_1
60,60,62,time,time,TARGET,time,LEMMA_OR_INDEPENDENT,,GENERAL,MATRYOSHKA_CONNECTED,13,,,,times,,LEXICAL_PASS_1
61,61,64,would,would,TARGET,would,LEMMA_OR_INDEPENDENT,MODAL,GENERAL,DIRECT_FALLBACK,,,,,,,LEXICAL_PASS_1
62,62,65,get,get,TARGET,get,LEMMA_OR_INDEPENDENT,,GENERAL,DIRECT_FALLBACK,,,,,,,LEXICAL_PASS_1
63,63,67,new,new,TARGET,new,LEMMA_OR_INDEPENDENT,,GENERAL,MATRYOSHKA_CONNECTED,14,,,,news,,LEXICAL_PASS_1
64,64,69,she,she,TARGET,she,LEMMA_OR_INDEPENDENT,PRONOUN,GENERAL,MATRYOSHKA_CONNECTED,1,he,,,,,LEXICAL_PASS_1
65,65,70,people,people,TARGET,person,LEXICALIZED_PLURAL,,GENERAL,DIRECT_FALLBACK,,,,,,,LEXICAL_PASS_1
66,66,72,its,its,TARGET,its,LEMMA_OR_INDEPENDENT,DETERMINER,GENERAL,MATRYOSHKA_CONNECTED,5,,it,,,,LEXICAL_PASS_1
67,67,73,also,also,TARGET,also,LEMMA_OR_INDEPENDENT,,GENERAL,DIRECT_FALLBACK,,,,,,,LEXICAL_PASS_1
68,68,74,how,how,TARGET,how,LEMMA_OR_INDEPENDENT,,GENERAL,MATRYOSHKA_CONNECTED,15,,,show,,,LEXICAL_PASS_1
69,69,75,some,some,TARGET,some,LEMMA_OR_INDEPENDENT,DETERMINER,GENERAL,DIRECT_FALLBACK,,,,,,,LEXICAL_PASS_1
70,70,76,them,them,TARGET,them,LEMMA_OR_INDEPENDENT,PRONOUN,GENERAL,MATRYOSHKA_CONNECTED,1,,the,,,,LEXICAL_PASS_1
71,71,77,now,now,TARGET,now,LEMMA_OR_INDEPENDENT,,GENERAL,MATRYOSHKA_CONNECTED,10,,no,know,,,LEXICAL_PASS_1
72,72,78,other,other,TARGET,other,LEMMA_OR_INDEPENDENT,DETERMINER,GENERAL,MATRYOSHKA_CONNECTED,16,,,mother,others,,LEXICAL_PASS_1
73,73,79,only,only,TARGET,only,LEMMA_OR_INDEPENDENT,,GENERAL,DIRECT_FALLBACK,,,,,,,LEXICAL_PASS_1
74,74,80,than,than,TARGET,than,LEMMA_OR_INDEPENDENT,CONJUNCTION,GENERAL,MATRYOSHKA_CONNECTED,17,,,,thank,,LEXICAL_PASS_1
75,75,81,first,first,TARGET,first,LEMMA_OR_INDEPENDENT,,GENERAL,DIRECT_FALLBACK,,,,,,,LEXICAL_PASS_1
76,76,82,good,good,TARGET,good,LEMMA_OR_INDEPENDENT,,GENERAL,DIRECT_FALLBACK,,,,,,,LEXICAL_PASS_1
77,77,83,into,into,TARGET,into,LEMMA_OR_INDEPENDENT,PREPOSITION,GENERAL,DIRECT_FALLBACK,,,,,,,LEXICAL_PASS_1
78,78,84,our,our,TARGET,our,LEMMA_OR_INDEPENDENT,DETERMINER,GENERAL,MATRYOSHKA_CONNECTED,7,,,your;four;hour,,,LEXICAL_PASS_1
79,79,85,know,know,TARGET,know,LEMMA_OR_INDEPENDENT,,GENERAL,MATRYOSHKA_CONNECTED,10,now,,,known,,LEXICAL_PASS_1
80,80,86,see,see,TARGET,see,LEMMA_OR_INDEPENDENT,,GENERAL,MATRYOSHKA_CONNECTED,18,,,,seen,,LEXICAL_PASS_1
81,81,87,two,two,TARGET,two,LEMMA_OR_INDEPENDENT,,GENERAL,DIRECT_FALLBACK,,,,,,,LEXICAL_PASS_1
82,82,88,him,him,TARGET,him,LEMMA_OR_INDEPENDENT,PRONOUN,GENERAL,MATRYOSHKA_CONNECTED,5,,hi,,,,LEXICAL_PASS_1
83,83,89,after,after,TARGET,after,LEMMA_OR_INDEPENDENT,PREPOSITION,GENERAL,DIRECT_FALLBACK,,,,,,,LEXICAL_PASS_1
84,84,90,could,could,TARGET,could,LEMMA_OR_INDEPENDENT,MODAL,GENERAL,DIRECT_FALLBACK,,,,,,,LEXICAL_PASS_1
85,85,91,then,then,TARGET,then,LEMMA_OR_INDEPENDENT,,GENERAL,MATRYOSHKA_CONNECTED,1,,the,,,,LEXICAL_PASS_1
86,86,92,over,over,TARGET,over,LEMMA_OR_INDEPENDENT,PREPOSITION,GENERAL,DIRECT_FALLBACK,,,,,,,LEXICAL_PASS_1
87,87,93,these,these,TARGET,these,LEMMA_OR_INDEPENDENT,DETERMINER,GENERAL,DIRECT_FALLBACK,,,,,,,LEXICAL_PASS_1
88,88,94,think,think,TARGET,think,LEMMA_OR_INDEPENDENT,,GENERAL,DIRECT_FALLBACK,,,,,,,LEXICAL_PASS_1
89,89,95,go,go,TARGET,go,LEMMA_OR_INDEPENDENT,,GENERAL,MATRYOSHKA_CONNECTED,19,,,ago,got;god,,LEXICAL_PASS_1
90,90,96,make,make,TARGET,make,LEMMA_OR_INDEPENDENT,,GENERAL,MATRYOSHKA_CONNECTED,20,,,,makes,,LEXICAL_PASS_1
91,91,97,any,any,TARGET,any,LEMMA_OR_INDEPENDENT,DETERMINER,GENERAL,MATRYOSHKA_CONNECTED,4,,an,many,,,LEXICAL_PASS_1
92,92,98,well,well,TARGET,well,LEMMA_OR_INDEPENDENT,,GENERAL,DIRECT_FALLBACK,,,,,,,LEXICAL_PASS_1
93,93,99,back,back,TARGET,back,LEMMA_OR_INDEPENDENT,,GENERAL,DIRECT_FALLBACK,,,,,,,LEXICAL_PASS_1
94,94,100,want,want,TARGET,want,LEMMA_OR_INDEPENDENT,,GENERAL,DIRECT_FALLBACK,,,,,,,LEXICAL_PASS_1
95,95,102,should,should,TARGET,should,LEMMA_OR_INDEPENDENT,MODAL,GENERAL,DIRECT_FALLBACK,,,,,,,LEXICAL_PASS_1
96,96,103,because,because,TARGET,because,LEMMA_OR_INDEPENDENT,CONJUNCTION,GENERAL,DIRECT_FALLBACK,,,,,,,LEXICAL_PASS_1
97,97,104,may,may,TARGET,may,LEMMA_OR_INDEPENDENT,MODAL,GENERAL,DIRECT_FALLBACK,,,,,,,LEXICAL_PASS_1
98,98,105,us,us,TARGET,us,LEMMA_OR_INDEPENDENT,PRONOUN,GENERAL,MATRYOSHKA_CONNECTED,21,,,,use,,LEXICAL_PASS_1
99,99,106,where,where,TARGET,where,LEMMA_OR_INDEPENDENT,,GENERAL,MATRYOSHKA_CONNECTED,1,here,,,,,LEXICAL_PASS_1
100,100,107,most,most,TARGET,most,LEMMA_OR_INDEPENDENT,DETERMINER,GENERAL,DIRECT_FALLBACK,,,,,,,LEXICAL_PASS_1
101,101,108,much,much,TARGET,much,LEMMA_OR_INDEPENDENT,DETERMINER,GENERAL,DIRECT_FALLBACK,,,,,,,LEXICAL_PASS_1
102,102,109,way,way,TARGET,way,LEMMA_OR_INDEPENDENT,,GENERAL,MATRYOSHKA_CONNECTED,22,,,away,,,LEXICAL_PASS_1
103,103,110,even,even,TARGET,even,LEMMA_OR_INDEPENDENT,,GENERAL,DIRECT_FALLBACK,,,,,,,LEXICAL_PASS_1
104,104,111,very,very,TARGET,very,LEMMA_OR_INDEPENDENT,,GENERAL,MATRYOSHKA_CONNECTED,23,,,every,,,LEXICAL_PASS_1
105,105,113,did,did,TARGET,do,IRREGULAR_FORM,AUXILIARY,GENERAL,DIRECT_FALLBACK,,,,,,,LEXICAL_PASS_1
106,106,114,need,need,TARGET,need,LEMMA_OR_INDEPENDENT,,GENERAL,MATRYOSHKA_CONNECTED,24,,,,needs,,LEXICAL_PASS_1
107,107,115,right,right,TARGET,right,LEMMA_OR_INDEPENDENT,,GENERAL,DIRECT_FALLBACK,,,,,,,LEXICAL_PASS_1
108,108,116,said,said,TARGET,say,IRREGULAR_FORM,,GENERAL,DIRECT_FALLBACK,,,,,,,LEXICAL_PASS_1
109,109,117,too,too,TARGET,too,LEMMA_OR_INDEPENDENT,,GENERAL,MATRYOSHKA_CONNECTED,3,,to,,took,,LEXICAL_PASS_1
110,110,118,years,years,TARGET,year,REGULAR_S_FORM,,GENERAL,MATRYOSHKA_CONNECTED,25,,year,,,,LEXICAL_PASS_1
111,111,119,work,work,TARGET,work,LEMMA_OR_INDEPENDENT,,GENERAL,MATRYOSHKA_CONNECTED,26,,,,works,,LEXICAL_PASS_1
112,112,120,being,being,TARGET,be,IRREGULAR_FORM,AUXILIARY,GENERAL,DIRECT_FALLBACK,,,,,,,LEXICAL_PASS_1
113,113,121,here,here,TARGET,here,LEMMA_OR_INDEPENDENT,,GENERAL,MATRYOSHKA_CONNECTED,1,,her,there;where,,,LEXICAL_PASS_1
114,114,122,before,before,TARGET,before,LEMMA_OR_INDEPENDENT,PREPOSITION,GENERAL,DIRECT_FALLBACK,,,,,,,LEXICAL_PASS_1
115,115,123,day,day,TARGET,day,LEMMA_OR_INDEPENDENT,,GENERAL,MATRYOSHKA_CONNECTED,27,,,,days,,LEXICAL_PASS_1
116,116,124,really,really,TARGET,really,LEMMA_OR_INDEPENDENT,,GENERAL,DIRECT_FALLBACK,,,,,,,LEXICAL_PASS_1
117,117,125,made,made,TARGET,make,IRREGULAR_FORM,,GENERAL,MATRYOSHKA_CONNECTED,4,,mad,,,,LEXICAL_PASS_1
118,118,126,many,many,TARGET,many,LEMMA_OR_INDEPENDENT,DETERMINER,GENERAL,MATRYOSHKA_CONNECTED,4,any,man,,,,LEXICAL_PASS_1
119,119,127,world,world,TARGET,world,LEMMA_OR_INDEPENDENT,,GENERAL,DIRECT_FALLBACK,,,,,,,LEXICAL_PASS_1
120,120,128,year,year,TARGET,year,LEMMA_OR_INDEPENDENT,,GENERAL,MATRYOSHKA_CONNECTED,25,,,,years,,LEXICAL_PASS_1
121,121,129,going,going,TARGET,go,INFLECTED_FORM,,GENERAL,DIRECT_FALLBACK,,,,,,,LEXICAL_PASS_1
122,122,130,off,off,TARGET,off,LEMMA_OR_INDEPENDENT,PARTICLE,GENERAL,MATRYOSHKA_CONNECTED,2,,of,,,,LEXICAL_PASS_1
123,123,131,still,still,TARGET,still,LEMMA_OR_INDEPENDENT,,GENERAL,DIRECT_FALLBACK,,,,,,,LEXICAL_PASS_1
124,124,132,take,take,TARGET,take,LEMMA_OR_INDEPENDENT,,GENERAL,MATRYOSHKA_CONNECTED,28,,,,taken,,LEXICAL_PASS_1
125,125,133,those,those,TARGET,those,LEMMA_OR_INDEPENDENT,DETERMINER,GENERAL,DIRECT_FALLBACK,,,,,,,LEXICAL_PASS_1
126,126,134,why,why,TARGET,why,LEMMA_OR_INDEPENDENT,,GENERAL,DIRECT_FALLBACK,,,,,,,LEXICAL_PASS_1
127,127,135,never,never,TARGET,never,LEMMA_OR_INDEPENDENT,,GENERAL,MATRYOSHKA_CONNECTED,23,ever,,,,,LEXICAL_PASS_1
128,128,136,got,got,TARGET,get,IRREGULAR_FORM,,GENERAL,MATRYOSHKA_CONNECTED,19,,go,,,,LEXICAL_PASS_1
129,129,137,life,life,TARGET,life,LEMMA_OR_INDEPENDENT,,GENERAL,DIRECT_FALLBACK,,,,,,,LEXICAL_PASS_1
130,130,138,say,say,TARGET,say,LEMMA_OR_INDEPENDENT,,GENERAL,MATRYOSHKA_CONNECTED,29,,,,says,,LEXICAL_PASS_1
131,131,139,such,such,TARGET,such,LEMMA_OR_INDEPENDENT,,GENERAL,DIRECT_FALLBACK,,,,,,,LEXICAL_PASS_1
132,132,140,through,through,TARGET,through,LEMMA_OR_INDEPENDENT,PREPOSITION,GENERAL,DIRECT_FALLBACK,,,,,,,LEXICAL_PASS_1
133,133,142,down,down,TARGET,down,LEMMA_OR_INDEPENDENT,,GENERAL,MATRYOSHKA_CONNECTED,30,own,,,,,LEXICAL_PASS_1
134,134,144,great,great,TARGET,great,LEMMA_OR_INDEPENDENT,,GENERAL,DIRECT_FALLBACK,,,,,,,LEXICAL_PASS_1
135,135,145,last,last,TARGET,last,LEMMA_OR_INDEPENDENT,,GENERAL,DIRECT_FALLBACK,,,,,,,LEXICAL_PASS_1
136,136,146,man,man,TARGET,man,LEMMA_OR_INDEPENDENT,,GENERAL,MATRYOSHKA_CONNECTED,4,an,,,many,,LEXICAL_PASS_1
137,137,147,while,while,TARGET,while,LEMMA_OR_INDEPENDENT,CONJUNCTION,GENERAL,DIRECT_FALLBACK,,,,,,,LEXICAL_PASS_1
138,138,148,use,use,TARGET,use,LEMMA_OR_INDEPENDENT,,GENERAL,MATRYOSHKA_CONNECTED,21,,us,,used,,LEXICAL_PASS_1
139,139,149,between,between,TARGET,between,LEMMA_OR_INDEPENDENT,PREPOSITION,GENERAL,DIRECT_FALLBACK,,,,,,,LEXICAL_PASS_1
140,140,150,used,used,TARGET,use,FORM_AND_LEMMA,,GENERAL,MATRYOSHKA_CONNECTED,21,,use,,,,LEXICAL_PASS_1
141,141,151,long,long,TARGET,long,LEMMA_OR_INDEPENDENT,,GENERAL,MATRYOSHKA_CONNECTED,31,,,along,,,LEXICAL_PASS_1
142,142,152,same,same,TARGET,same,LEMMA_OR_INDEPENDENT,,GENERAL,DIRECT_FALLBACK,,,,,,,LEXICAL_PASS_1
143,143,154,three,three,TARGET,three,LEMMA_OR_INDEPENDENT,,GENERAL,DIRECT_FALLBACK,,,,,,,LEXICAL_PASS_1
144,144,155,both,both,TARGET,both,LEMMA_OR_INDEPENDENT,,GENERAL,DIRECT_FALLBACK,,,,,,,LEXICAL_PASS_1
145,145,157,part,part,TARGET,part,LEMMA_OR_INDEPENDENT,,GENERAL,MATRYOSHKA_CONNECTED,32,art,,,party,,LEXICAL_PASS_1
146,146,158,something,something,TARGET,something,LEMMA_OR_INDEPENDENT,PRONOUN,GENERAL,DIRECT_FALLBACK,,,,,,,LEXICAL_PASS_1
147,147,159,am,am,TARGET,be,IRREGULAR_FORM,AUXILIARY,GENERAL,MATRYOSHKA_CONNECTED,4,,a,,,,LEXICAL_PASS_1
148,148,160,best,best,TARGET,good,SUPPLETIVE_DEGREE,,GENERAL,DIRECT_FALLBACK,,,,,,,LEXICAL_PASS_1
149,149,161,come,come,TARGET,come,LEMMA_OR_INDEPENDENT,,GENERAL,MATRYOSHKA_CONNECTED,33,,,,comes,,LEXICAL_PASS_1
150,150,162,love,love,TARGET,love,LEMMA_OR_INDEPENDENT,,GENERAL,DIRECT_FALLBACK,,,,,,,LEXICAL_PASS_1
151,151,163,under,under,TARGET,under,LEMMA_OR_INDEPENDENT,PREPOSITION,GENERAL,DIRECT_FALLBACK,,,,,,,LEXICAL_PASS_1
152,152,164,look,look,TARGET,look,LEMMA_OR_INDEPENDENT,,GENERAL,MATRYOSHKA_CONNECTED,34,,,,looks,,LEXICAL_PASS_1
153,153,165,since,since,TARGET,since,LEMMA_OR_INDEPENDENT,CONJUNCTION,GENERAL,DIRECT_FALLBACK,,,,,,,LEXICAL_PASS_1
154,154,167,does,does,TARGET,do,IRREGULAR_FORM,AUXILIARY,GENERAL,DIRECT_FALLBACK,,,,,,,LEXICAL_PASS_1
155,155,168,every,every,TARGET,every,LEMMA_OR_INDEPENDENT,DETERMINER,GENERAL,MATRYOSHKA_CONNECTED,23,very,ever,,,,LEXICAL_PASS_1
156,156,169,must,must,TARGET,must,LEMMA_OR_INDEPENDENT,MODAL,GENERAL,DIRECT_FALLBACK,,,,,,,LEXICAL_PASS_1
157,157,170,always,always,TARGET,always,LEMMA_OR_INDEPENDENT,,GENERAL,DIRECT_FALLBACK,,,,,,,LEXICAL_PASS_1
158,158,171,better,better,TARGET,good,SUPPLETIVE_DEGREE,,GENERAL,DIRECT_FALLBACK,,,,,,,LEXICAL_PASS_1
159,159,172,little,little,TARGET,little,LEMMA_OR_INDEPENDENT,,GENERAL,DIRECT_FALLBACK,,,,,,,LEXICAL_PASS_1
160,160,173,old,old,TARGET,old,LEMMA_OR_INDEPENDENT,,GENERAL,MATRYOSHKA_CONNECTED,35,,,told,,,LEXICAL_PASS_1
161,161,174,another,another,TARGET,another,LEMMA_OR_INDEPENDENT,DETERMINER,GENERAL,DIRECT_FALLBACK,,,,,,,LEXICAL_PASS_1
162,162,175,during,during,TARGET,during,LEMMA_OR_INDEPENDENT,PREPOSITION,GENERAL,DIRECT_FALLBACK,,,,,,,LEXICAL_PASS_1
163,163,176,find,find,TARGET,find,LEMMA_OR_INDEPENDENT,,GENERAL,DIRECT_FALLBACK,,,,,,,LEXICAL_PASS_1
164,164,177,high,high,TARGET,high,LEMMA_OR_INDEPENDENT,,GENERAL,DIRECT_FALLBACK,,,,,,,LEXICAL_PASS_1
165,165,178,home,home,TARGET,home,LEMMA_OR_INDEPENDENT,,GENERAL,DIRECT_FALLBACK,,,,,,,LEXICAL_PASS_1
166,166,179,place,place,TARGET,place,LEMMA_OR_INDEPENDENT,,GENERAL,DIRECT_FALLBACK,,,,,,,LEXICAL_PASS_1
167,167,181,around,around,TARGET,around,LEMMA_OR_INDEPENDENT,PREPOSITION,GENERAL,DIRECT_FALLBACK,,,,,,,LEXICAL_PASS_1
168,168,182,own,own,TARGET,own,LEMMA_OR_INDEPENDENT,,GENERAL,MATRYOSHKA_CONNECTED,30,,,down,,,LEXICAL_PASS_1
169,169,183,state,state,TARGET,state,LEMMA_OR_INDEPENDENT,,GENERAL,MATRYOSHKA_CONNECTED,36,,,,states,,LEXICAL_PASS_1
170,170,184,each,each,TARGET,each,LEMMA_OR_INDEPENDENT,DETERMINER,GENERAL,DIRECT_FALLBACK,,,,,,,LEXICAL_PASS_1
171,171,185,give,give,TARGET,give,LEMMA_OR_INDEPENDENT,,GENERAL,MATRYOSHKA_CONNECTED,37,,,,given,,LEXICAL_PASS_1
172,172,186,help,help,TARGET,help,LEMMA_OR_INDEPENDENT,,GENERAL,DIRECT_FALLBACK,,,,,,,LEXICAL_PASS_1
173,174,188,things,things,TARGET,thing,REGULAR_S_FORM,,GENERAL,MATRYOSHKA_CONNECTED,38,,thing,,,,LEXICAL_PASS_1
174,175,189,again,again,TARGET,again,LEMMA_OR_INDEPENDENT,,GENERAL,DIRECT_FALLBACK,,,,,,,LEXICAL_PASS_1
175,176,190,against,against,TARGET,against,LEMMA_OR_INDEPENDENT,PREPOSITION,GENERAL,DIRECT_FALLBACK,,,,,,,LEXICAL_PASS_1
176,177,191,found,found,TARGET,find,IRREGULAR_FORM,,GENERAL,DIRECT_FALLBACK,,,,,,,LEXICAL_PASS_1
177,178,192,game,game,TARGET,game,LEMMA_OR_INDEPENDENT,,GENERAL,MATRYOSHKA_CONNECTED,39,,,,games,,LEXICAL_PASS_1
178,179,194,school,school,TARGET,school,LEMMA_OR_INDEPENDENT,,GENERAL,DIRECT_FALLBACK,,,,,,,LEXICAL_PASS_1
179,180,195,without,without,TARGET,without,LEMMA_OR_INDEPENDENT,PREPOSITION,GENERAL,DIRECT_FALLBACK,,,,,,,LEXICAL_PASS_1
180,181,196,end,end,TARGET,end,LEMMA_OR_INDEPENDENT,,GENERAL,DIRECT_FALLBACK,,,,,,,LEXICAL_PASS_1
181,182,197,thing,thing,TARGET,thing,LEMMA_OR_INDEPENDENT,,GENERAL,MATRYOSHKA_CONNECTED,38,,,,things,,LEXICAL_PASS_1
182,183,198,government,government,TARGET,government,LEMMA_OR_INDEPENDENT,,GENERAL,DIRECT_FALLBACK,,,,,,,LEXICAL_PASS_1
183,184,199,house,house,TARGET,house,LEMMA_OR_INDEPENDENT,,GENERAL,DIRECT_FALLBACK,,,,,,,LEXICAL_PASS_1
184,185,200,next,next,TARGET,next,LEMMA_OR_INDEPENDENT,,GENERAL,DIRECT_FALLBACK,,,,,,,LEXICAL_PASS_1
185,186,201,please,please,TARGET,please,LEMMA_OR_INDEPENDENT,,GENERAL,DIRECT_FALLBACK,,,,,,,LEXICAL_PASS_1
186,187,202,god,god,TARGET,god,LEMMA_OR_INDEPENDENT,,GENERAL_RELIGIOUS_SENSE,MATRYOSHKA_CONNECTED,19,,go,,,,LEXICAL_PASS_1
187,188,203,ever,ever,TARGET,ever,LEMMA_OR_INDEPENDENT,,GENERAL,MATRYOSHKA_CONNECTED,23,,,never,every,,LEXICAL_PASS_1
188,189,204,family,family,TARGET,family,LEMMA_OR_INDEPENDENT,,GENERAL,DIRECT_FALLBACK,,,,,,,LEXICAL_PASS_1
189,190,205,feel,feel,TARGET,feel,LEMMA_OR_INDEPENDENT,,GENERAL,DIRECT_FALLBACK,,,,,,,LEXICAL_PASS_1
190,191,206,might,might,TARGET,might,LEMMA_OR_INDEPENDENT,MODAL,GENERAL,DIRECT_FALLBACK,,,,,,,LEXICAL_PASS_1
191,192,207,put,put,TARGET,put,LEMMA_OR_INDEPENDENT,,GENERAL,DIRECT_FALLBACK,,,,,,,LEXICAL_PASS_1
192,193,208,however,however,TARGET,however,LEMMA_OR_INDEPENDENT,,GENERAL,DIRECT_FALLBACK,,,,,,,LEXICAL_PASS_1
193,194,209,name,name,TARGET,name,LEMMA_OR_INDEPENDENT,,GENERAL,DIRECT_FALLBACK,,,,,,,LEXICAL_PASS_1
194,195,210,number,number,TARGET,number,LEMMA_OR_INDEPENDENT,,GENERAL,DIRECT_FALLBACK,,,,,,,LEXICAL_PASS_1
195,196,211,second,second,TARGET,second,LEMMA_OR_INDEPENDENT,,GENERAL,DIRECT_FALLBACK,,,,,,,LEXICAL_PASS_1
196,197,212,show,show,TARGET,show,LEMMA_OR_INDEPENDENT,,GENERAL,MATRYOSHKA_CONNECTED,15,how,,,,,LEXICAL_PASS_1
197,198,214,left,left,TARGET,leave,FORM_AND_LEMMA,,GENERAL,DIRECT_FALLBACK,,,,,,,LEXICAL_PASS_1
198,199,215,big,big,TARGET,big,LEMMA_OR_INDEPENDENT,,GENERAL,DIRECT_FALLBACK,,,,,,,LEXICAL_PASS_1
199,200,217,keep,keep,TARGET,keep,LEMMA_OR_INDEPENDENT,,GENERAL,DIRECT_FALLBACK,,,,,,,LEXICAL_PASS_1
200,201,218,night,night,TARGET,night,LEMMA_OR_INDEPENDENT,,GENERAL,DIRECT_FALLBACK,,,,,,,LEXICAL_PASS_1
201,202,219,sure,sure,TARGET,sure,LEMMA_OR_INDEPENDENT,,GENERAL,DIRECT_FALLBACK,,,,,,,LEXICAL_PASS_1
202,203,221,set,set,TARGET,set,LEMMA_OR_INDEPENDENT,,GENERAL,DIRECT_FALLBACK,,,,,,,LEXICAL_PASS_1
203,204,222,team,team,TARGET,team,LEMMA_OR_INDEPENDENT,,GENERAL,DIRECT_FALLBACK,,,,,,,LEXICAL_PASS_1
204,205,223,until,until,TARGET,until,LEMMA_OR_INDEPENDENT,PREPOSITION,GENERAL,DIRECT_FALLBACK,,,,,,,LEXICAL_PASS_1
205,206,224,away,away,TARGET,away,LEMMA_OR_INDEPENDENT,,GENERAL,MATRYOSHKA_CONNECTED,22,way,,,,,LEXICAL_PASS_1
206,207,225,called,called,TARGET,call,INFLECTED_FORM,,GENERAL,DIRECT_FALLBACK,,,,,,,LEXICAL_PASS_1
207,208,226,case,case,TARGET,case,LEMMA_OR_INDEPENDENT,,GENERAL,DIRECT_FALLBACK,,,,,,,LEXICAL_PASS_1
208,209,227,days,days,TARGET,day,REGULAR_S_FORM,,GENERAL,MATRYOSHKA_CONNECTED,27,,day,,,,LEXICAL_PASS_1
209,210,228,different,different,TARGET,different,LEMMA_OR_INDEPENDENT,,GENERAL,DIRECT_FALLBACK,,,,,,,LEXICAL_PASS_1
210,211,229,group,group,TARGET,group,LEMMA_OR_INDEPENDENT,,GENERAL,DIRECT_FALLBACK,,,,,,,LEXICAL_PASS_1
211,212,230,money,money,TARGET,money,LEMMA_OR_INDEPENDENT,,GENERAL,DIRECT_FALLBACK,,,,,,,LEXICAL_PASS_1
212,213,231,let,let,TARGET,let,LEMMA_OR_INDEPENDENT,,GENERAL,DIRECT_FALLBACK,,,,,,,LEXICAL_PASS_1
213,214,232,someone,someone,TARGET,someone,LEMMA_OR_INDEPENDENT,PRONOUN,GENERAL,DIRECT_FALLBACK,,,,,,,LEXICAL_PASS_1
214,215,233,thought,thought,TARGET,think,FORM_AND_LEMMA,,GENERAL,MATRYOSHKA_CONNECTED,40,,though,,,,LEXICAL_PASS_1
215,216,234,already,already,TARGET,already,LEMMA_OR_INDEPENDENT,,GENERAL,DIRECT_FALLBACK,,,,,,,LEXICAL_PASS_1
216,217,235,city,city,TARGET,city,LEMMA_OR_INDEPENDENT,,GENERAL,DIRECT_FALLBACK,,,,,,,LEXICAL_PASS_1
217,219,237,play,play,TARGET,play,LEMMA_OR_INDEPENDENT,,GENERAL,DIRECT_FALLBACK,,,,,,,LEXICAL_PASS_1
218,220,238,public,public,TARGET,public,LEMMA_OR_INDEPENDENT,,GENERAL,DIRECT_FALLBACK,,,,,,,LEXICAL_PASS_1
219,221,239,system,system,TARGET,system,LEMMA_OR_INDEPENDENT,,GENERAL,DIRECT_FALLBACK,,,,,,,LEXICAL_PASS_1
220,222,240,doing,doing,TARGET,do,INFLECTED_FORM,AUXILIARY,GENERAL,DIRECT_FALLBACK,,,,,,,LEXICAL_PASS_1
221,223,241,done,done,TARGET,do,IRREGULAR_FORM,AUXILIARY,GENERAL,MATRYOSHKA_CONNECTED,8,one,don,,,,LEXICAL_PASS_1
222,224,242,few,few,TARGET,few,LEMMA_OR_INDEPENDENT,DETERMINER,GENERAL,DIRECT_FALLBACK,,,,,,,LEXICAL_PASS_1
223,225,243,national,national,TARGET,national,LEMMA_OR_INDEPENDENT,,GENERAL,DIRECT_FALLBACK,,,,,,,LEXICAL_PASS_1
224,226,244,real,real,TARGET,real,LEMMA_OR_INDEPENDENT,,GENERAL,DIRECT_FALLBACK,,,,,,,LEXICAL_PASS_1
225,227,245,free,free,TARGET,free,LEMMA_OR_INDEPENDENT,,GENERAL,DIRECT_FALLBACK,,,,,,,LEXICAL_PASS_1
226,228,246,having,having,TARGET,have,INFLECTED_FORM,AUXILIARY,GENERAL,DIRECT_FALLBACK,,,,,,,LEXICAL_PASS_1
227,229,247,person,person,TARGET,person,LEMMA_OR_INDEPENDENT,,GENERAL,DIRECT_FALLBACK,,,,,,,LEXICAL_PASS_1
228,230,248,change,change,TARGET,change,LEMMA_OR_INDEPENDENT,,GENERAL,DIRECT_FALLBACK,,,,,,,LEXICAL_PASS_1
229,232,250,general,general,TARGET,general,LEMMA_OR_INDEPENDENT,,GENERAL,DIRECT_FALLBACK,,,,,,,LEXICAL_PASS_1
230,233,251,lot,lot,TARGET,lot,LEMMA_OR_INDEPENDENT,,GENERAL,DIRECT_FALLBACK,,,,,,,LEXICAL_PASS_1
231,234,252,point,point,TARGET,point,LEMMA_OR_INDEPENDENT,,GENERAL,DIRECT_FALLBACK,,,,,,,LEXICAL_PASS_1
232,235,253,times,times,TARGET,time,REGULAR_S_FORM,,GENERAL,MATRYOSHKA_CONNECTED,13,,time,,,,LEXICAL_PASS_1
233,236,254,women,women,TARGET,woman,IRREGULAR_PLURAL,,GENERAL,DIRECT_FALLBACK,,,,,,,LEXICAL_PASS_1
234,237,255,yet,yet,TARGET,yet,LEMMA_OR_INDEPENDENT,,GENERAL,DIRECT_FALLBACK,,,,,,,LEXICAL_PASS_1
235,238,257,anything,anything,TARGET,anything,LEMMA_OR_INDEPENDENT,PRONOUN,GENERAL,DIRECT_FALLBACK,,,,,,,LEXICAL_PASS_1
236,239,258,care,care,TARGET,care,LEMMA_OR_INDEPENDENT,,GENERAL,MATRYOSHKA_CONNECTED,9,are,car,,,,LEXICAL_PASS_1
237,241,260,four,four,TARGET,four,LEMMA_OR_INDEPENDENT,,GENERAL,MATRYOSHKA_CONNECTED,7,our,,,,,LEXICAL_PASS_1
238,242,261,including,including,TARGET,include,INFLECTED_FORM,,GENERAL,DIRECT_FALLBACK,,,,,,,LEXICAL_PASS_1
239,243,262,nothing,nothing,TARGET,nothing,LEMMA_OR_INDEPENDENT,PRONOUN,GENERAL,DIRECT_FALLBACK,,,,,,,LEXICAL_PASS_1
240,244,263,today,today,TARGET,today,LEMMA_OR_INDEPENDENT,,GENERAL,DIRECT_FALLBACK,,,,,,,LEXICAL_PASS_1
241,245,264,water,water,TARGET,water,LEMMA_OR_INDEPENDENT,,GENERAL,DIRECT_FALLBACK,,,,,,,LEXICAL_PASS_1
242,246,265,bad,bad,TARGET,bad,LEMMA_OR_INDEPENDENT,,GENERAL,MATRYOSHKA_CONNECTED,4,ad,,,,,LEXICAL_PASS_1
243,247,266,business,business,TARGET,business,LEMMA_OR_INDEPENDENT,,GENERAL,DIRECT_FALLBACK,,,,,,,LEXICAL_PASS_1
244,248,267,children,children,TARGET,child,IRREGULAR_PLURAL,,GENERAL,DIRECT_FALLBACK,,,,,,,LEXICAL_PASS_1
245,249,268,company,company,TARGET,company,LEMMA_OR_INDEPENDENT,,GENERAL,DIRECT_FALLBACK,,,,,,,LEXICAL_PASS_1
246,250,269,everything,everything,TARGET,everything,LEMMA_OR_INDEPENDENT,PRONOUN,GENERAL,DIRECT_FALLBACK,,,,,,,LEXICAL_PASS_1
247,251,270,live,live,TARGET,live,LEMMA_OR_INDEPENDENT,,GENERAL,DIRECT_FALLBACK,,,,,,,LEXICAL_PASS_1
248,252,271,mean,mean,TARGET,mean,LEMMA_OR_INDEPENDENT,,GENERAL,MATRYOSHKA_CONNECTED,41,,,,means,,LEXICAL_PASS_1
249,253,272,once,once,TARGET,once,LEMMA_OR_INDEPENDENT,,GENERAL,DIRECT_FALLBACK,,,,,,,LEXICAL_PASS_1
250,254,273,power,power,TARGET,power,LEMMA_OR_INDEPENDENT,,GENERAL,DIRECT_FALLBACK,,,,,,,LEXICAL_PASS_1
251,255,274,thanks,thanks,TARGET,thanks,LEMMA_OR_INDEPENDENT,,GENERAL,MATRYOSHKA_CONNECTED,17,,thank,,,,LEXICAL_PASS_1
252,256,275,told,told,TARGET,tell,IRREGULAR_FORM,,GENERAL,MATRYOSHKA_CONNECTED,35,old,,,,,LEXICAL_PASS_1
253,257,276,came,came,TARGET,come,IRREGULAR_FORM,,GENERAL,DIRECT_FALLBACK,,,,,,,LEXICAL_PASS_1
254,258,277,country,country,TARGET,country,LEMMA_OR_INDEPENDENT,,GENERAL,DIRECT_FALLBACK,,,,,,,LEXICAL_PASS_1
255,259,278,enough,enough,TARGET,enough,LEMMA_OR_INDEPENDENT,,GENERAL,DIRECT_FALLBACK,,,,,,,LEXICAL_PASS_1
256,260,279,following,following,TARGET,follow,FORM_AND_LEMMA,,GENERAL,DIRECT_FALLBACK,,,,,,,LEXICAL_PASS_1
257,261,280,getting,getting,TARGET,get,INFLECTED_FORM,,GENERAL,DIRECT_FALLBACK,,,,,,,LEXICAL_PASS_1
258,262,281,head,head,TARGET,head,LEMMA_OR_INDEPENDENT,,GENERAL,DIRECT_FALLBACK,,,,,,,LEXICAL_PASS_1
259,263,282,later,later,TARGET,late,COMPARATIVE_FORM,,GENERAL,MATRYOSHKA_CONNECTED,42,,late,,,,LEXICAL_PASS_1
260,264,283,looking,looking,TARGET,look,INFLECTED_FORM,,GENERAL,DIRECT_FALLBACK,,,,,,,LEXICAL_PASS_1
261,265,284,seen,seen,TARGET,see,IRREGULAR_FORM,,GENERAL,MATRYOSHKA_CONNECTED,18,,see,,,,LEXICAL_PASS_1
262,266,285,small,small,TARGET,small,LEMMA_OR_INDEPENDENT,,GENERAL,MATRYOSHKA_CONNECTED,11,mall,,,,,LEXICAL_PASS_1
263,267,286,start,start,TARGET,start,LEMMA_OR_INDEPENDENT,,GENERAL,DIRECT_FALLBACK,,,,,,,LEXICAL_PASS_1
264,268,287,tell,tell,TARGET,tell,LEMMA_OR_INDEPENDENT,,GENERAL,DIRECT_FALLBACK,,,,,,,LEXICAL_PASS_1
265,269,288,took,took,TARGET,take,IRREGULAR_FORM,,GENERAL,MATRYOSHKA_CONNECTED,3,,too,,,,LEXICAL_PASS_1
266,270,289,top,top,TARGET,top,LEMMA_OR_INDEPENDENT,,GENERAL,MATRYOSHKA_CONNECTED,3,,to,stop,,,LEXICAL_PASS_1
267,271,290,went,went,TARGET,go,IRREGULAR_FORM,,GENERAL,DIRECT_FALLBACK,,,,,,,LEXICAL_PASS_1
268,272,291,based,based,TARGET,base,PARTICIPLE_DERIVED,,GENERAL,DIRECT_FALLBACK,,,,,,,LEXICAL_PASS_1
269,273,292,far,far,TARGET,far,LEMMA_OR_INDEPENDENT,,GENERAL,DIRECT_FALLBACK,,,,,,,LEXICAL_PASS_1
270,274,293,law,law,TARGET,law,LEMMA_OR_INDEPENDENT,,GENERAL,DIRECT_FALLBACK,,,,,,,LEXICAL_PASS_1
271,275,294,less,less,TARGET,less,LEMMA_OR_INDEPENDENT,,GENERAL,DIRECT_FALLBACK,,,,,,,LEXICAL_PASS_1
272,276,295,making,making,TARGET,make,INFLECTED_FORM,,GENERAL,DIRECT_FALLBACK,,,,,,,LEXICAL_PASS_1
273,277,296,music,music,TARGET,music,LEMMA_OR_INDEPENDENT,,GENERAL,DIRECT_FALLBACK,,,,,,,LEXICAL_PASS_1
274,278,297,order,order,TARGET,order,LEMMA_OR_INDEPENDENT,,GENERAL,DIRECT_FALLBACK,,,,,,,LEXICAL_PASS_1
275,279,298,party,party,TARGET,party,LEMMA_OR_INDEPENDENT,,GENERAL,MATRYOSHKA_CONNECTED,32,,part,,,,LEXICAL_PASS_1
276,280,299,states,states,TARGET,state,REGULAR_S_FORM,,GENERAL,MATRYOSHKA_CONNECTED,36,,state,,,,LEXICAL_PASS_1
277,281,300,though,though,TARGET,though,LEMMA_OR_INDEPENDENT,CONJUNCTION,GENERAL,MATRYOSHKA_CONNECTED,40,,,,thought,,LEXICAL_PASS_1
278,282,301,week,week,TARGET,week,LEMMA_OR_INDEPENDENT,,GENERAL,DIRECT_FALLBACK,,,,,,,LEXICAL_PASS_1
279,283,302,call,call,TARGET,call,LEMMA_OR_INDEPENDENT,,GENERAL,MATRYOSHKA_CONNECTED,11,all,,,,,LEXICAL_PASS_1
280,284,303,full,full,TARGET,full,LEMMA_OR_INDEPENDENT,,GENERAL,DIRECT_FALLBACK,,,,,,,LEXICAL_PASS_1
281,285,304,hard,hard,TARGET,hard,LEMMA_OR_INDEPENDENT,,GENERAL,DIRECT_FALLBACK,,,,,,,LEXICAL_PASS_1
282,286,305,men,men,TARGET,man,IRREGULAR_PLURAL,,GENERAL,MATRYOSHKA_CONNECTED,12,,me,,,,LEXICAL_PASS_1
283,287,306,war,war,TARGET,war,LEMMA_OR_INDEPENDENT,,GENERAL,DIRECT_FALLBACK,,,,,,,LEXICAL_PASS_1
284,288,307,yes,yes,TARGET,yes,LEMMA_OR_INDEPENDENT,,GENERAL,DIRECT_FALLBACK,,,,,,,LEXICAL_PASS_1
285,289,310,read,read,TARGET,read,LEMMA_OR_INDEPENDENT,,GENERAL,DIRECT_FALLBACK,,,,,,,LEXICAL_PASS_1
286,290,311,side,side,TARGET,side,LEMMA_OR_INDEPENDENT,,GENERAL,DIRECT_FALLBACK,,,,,,,LEXICAL_PASS_1
287,291,312,stop,stop,TARGET,stop,LEMMA_OR_INDEPENDENT,,GENERAL,MATRYOSHKA_CONNECTED,3,top,,,,,LEXICAL_PASS_1
288,292,313,support,support,TARGET,support,LEMMA_OR_INDEPENDENT,,GENERAL,DIRECT_FALLBACK,,,,,,,LEXICAL_PASS_1
289,293,314,thank,thank,TARGET,thank,LEMMA_OR_INDEPENDENT,,GENERAL,MATRYOSHKA_CONNECTED,17,,than,,thanks,,LEXICAL_PASS_1
290,294,315,believe,believe,TARGET,believe,LEMMA_OR_INDEPENDENT,,GENERAL,DIRECT_FALLBACK,,,,,,,LEXICAL_PASS_1
291,295,316,line,line,TARGET,line,LEMMA_OR_INDEPENDENT,,GENERAL,DIRECT_FALLBACK,,,,,,,LEXICAL_PASS_1
292,296,317,oh,oh,TARGET,oh,LEMMA_OR_INDEPENDENT,INTERJECTION,INTERJECTION,DIRECT_FALLBACK,,,,,,,LEXICAL_PASS_1
293,297,318,open,open,TARGET,open,LEMMA_OR_INDEPENDENT,,GENERAL,DIRECT_FALLBACK,,,,,,,LEXICAL_PASS_1
294,298,319,area,area,TARGET,area,LEMMA_OR_INDEPENDENT,,GENERAL,MATRYOSHKA_CONNECTED,9,,are,,,,LEXICAL_PASS_1
295,299,322,important,important,TARGET,important,LEMMA_OR_INDEPENDENT,,GENERAL,DIRECT_FALLBACK,,,,,,,LEXICAL_PASS_1
296,300,323,run,run,TARGET,run,LEMMA_OR_INDEPENDENT,,GENERAL,DIRECT_FALLBACK,,,,,,,LEXICAL_PASS_1
297,301,324,using,using,TARGET,use,INFLECTED_FORM,,GENERAL,MATRYOSHKA_CONNECTED,5,sing,,,,,LEXICAL_PASS_1
298,302,325,whole,whole,TARGET,whole,LEMMA_OR_INDEPENDENT,,GENERAL,DIRECT_FALLBACK,,,,,,,LEXICAL_PASS_1
299,303,326,five,five,TARGET,five,LEMMA_OR_INDEPENDENT,,GENERAL,DIRECT_FALLBACK,,,,,,,LEXICAL_PASS_1
300,304,327,international,international,TARGET,international,LEMMA_OR_INDEPENDENT,,GENERAL,DIRECT_FALLBACK,,,,,,,LEXICAL_PASS_1
301,305,328,try,try,TARGET,try,LEMMA_OR_INDEPENDENT,,GENERAL,DIRECT_FALLBACK,,,,,,,LEXICAL_PASS_1
302,306,329,white,white,TARGET,white,LEMMA_OR_INDEPENDENT,,GENERAL,DIRECT_FALLBACK,,,,,,,LEXICAL_PASS_1
303,307,330,course,course,TARGET,course,LEMMA_OR_INDEPENDENT,,GENERAL,DIRECT_FALLBACK,,,,,,,LEXICAL_PASS_1
304,308,331,early,early,TARGET,early,LEMMA_OR_INDEPENDENT,,GENERAL,DIRECT_FALLBACK,,,,,,,LEXICAL_PASS_1
305,309,332,face,face,TARGET,face,LEMMA_OR_INDEPENDENT,,GENERAL,DIRECT_FALLBACK,,,,,,,LEXICAL_PASS_1
306,310,333,given,given,TARGET,give,IRREGULAR_FORM,,GENERAL,MATRYOSHKA_CONNECTED,37,,give,,,,LEXICAL_PASS_1
307,311,334,job,job,TARGET,job,LEMMA_OR_INDEPENDENT,,GENERAL,DIRECT_FALLBACK,,,,,,,LEXICAL_PASS_1
308,312,335,means,means,TARGET,mean,REGULAR_S_FORM,,GENERAL,MATRYOSHKA_CONNECTED,41,,mean,,,,LEXICAL_PASS_1
309,313,336,says,says,TARGET,say,INFLECTED_FORM,,GENERAL,MATRYOSHKA_CONNECTED,29,,say,,,,LEXICAL_PASS_1
310,314,337,social,social,TARGET,social,LEMMA_OR_INDEPENDENT,,GENERAL,DIRECT_FALLBACK,,,,,,,LEXICAL_PASS_1
311,315,339,together,together,TARGET,together,LEMMA_OR_INDEPENDENT,,GENERAL,DIRECT_FALLBACK,,,,,,,LEXICAL_PASS_1
312,316,340,united,united,TARGET,unite,PARTICIPLE_DERIVED,,GENERAL,DIRECT_FALLBACK,,,,,,,LEXICAL_PASS_1
313,317,341,within,within,TARGET,within,LEMMA_OR_INDEPENDENT,PREPOSITION,GENERAL,DIRECT_FALLBACK,,,,,,,LEXICAL_PASS_1
314,318,342,working,working,TARGET,work,INFLECTED_FORM,,GENERAL,DIRECT_FALLBACK,,,,,,,LEXICAL_PASS_1
315,319,343,young,young,TARGET,young,LEMMA_OR_INDEPENDENT,,GENERAL,DIRECT_FALLBACK,,,,,,,LEXICAL_PASS_1
316,320,344,actually,actually,TARGET,actually,LEMMA_OR_INDEPENDENT,,GENERAL,DIRECT_FALLBACK,,,,,,,LEXICAL_PASS_1
317,322,346,black,black,TARGET,black,LEMMA_OR_INDEPENDENT,,GENERAL,DIRECT_FALLBACK,,,,,,,LEXICAL_PASS_1
318,323,347,kind,kind,TARGET,kind,LEMMA_OR_INDEPENDENT,,GENERAL,DIRECT_FALLBACK,,,,,,,LEXICAL_PASS_1
319,324,348,mind,mind,TARGET,mind,LEMMA_OR_INDEPENDENT,,GENERAL,DIRECT_FALLBACK,,,,,,,LEXICAL_PASS_1
320,325,349,fact,fact,TARGET,fact,LEMMA_OR_INDEPENDENT,,GENERAL,MATRYOSHKA_CONNECTED,43,act,,,,,LEXICAL_PASS_1
321,326,350,least,least,TARGET,least,LEMMA_OR_INDEPENDENT,,GENERAL,DIRECT_FALLBACK,,,,,,,LEXICAL_PASS_1
322,327,351,makes,makes,TARGET,make,INFLECTED_FORM,,GENERAL,MATRYOSHKA_CONNECTED,20,,make,,,,LEXICAL_PASS_1
323,328,352,per,per,TARGET,per,LEMMA_OR_INDEPENDENT,PREPOSITION,GENERAL,DIRECT_FALLBACK,,,,,,,LEXICAL_PASS_1
324,329,353,service,service,TARGET,service,LEMMA_OR_INDEPENDENT,,GENERAL,DIRECT_FALLBACK,,,,,,,LEXICAL_PASS_1
325,331,355,trying,trying,TARGET,try,INFLECTED_FORM,,GENERAL,DIRECT_FALLBACK,,,,,,,LEXICAL_PASS_1
326,332,357,able,able,TARGET,able,LEMMA_OR_INDEPENDENT,,GENERAL,DIRECT_FALLBACK,,,,,,,LEXICAL_PASS_1
327,333,358,become,become,TARGET,become,LEMMA_OR_INDEPENDENT,,GENERAL,DIRECT_FALLBACK,,,,,,,LEXICAL_PASS_1
328,334,359,car,car,TARGET,car,LEMMA_OR_INDEPENDENT,,GENERAL,MATRYOSHKA_CONNECTED,9,,,,care,,LEXICAL_PASS_1
329,335,360,death,death,TARGET,death,LEMMA_OR_INDEPENDENT,,GENERAL,DIRECT_FALLBACK,,,,,,,LEXICAL_PASS_1
330,336,361,everyone,everyone,TARGET,everyone,LEMMA_OR_INDEPENDENT,PRONOUN,GENERAL,DIRECT_FALLBACK,,,,,,,LEXICAL_PASS_1
331,337,362,food,food,TARGET,food,LEMMA_OR_INDEPENDENT,,GENERAL,DIRECT_FALLBACK,,,,,,,LEXICAL_PASS_1
332,338,363,information,information,TARGET,information,LEMMA_OR_INDEPENDENT,,GENERAL,DIRECT_FALLBACK,,,,,,,LEXICAL_PASS_1
333,339,364,level,level,TARGET,level,LEMMA_OR_INDEPENDENT,,GENERAL,DIRECT_FALLBACK,,,,,,,LEXICAL_PASS_1
334,340,365,local,local,TARGET,local,LEMMA_OR_INDEPENDENT,,GENERAL,DIRECT_FALLBACK,,,,,,,LEXICAL_PASS_1
335,341,366,often,often,TARGET,often,LEMMA_OR_INDEPENDENT,,GENERAL,DIRECT_FALLBACK,,,,,,,LEXICAL_PASS_1
336,342,367,others,others,TARGET,other,REGULAR_S_FORM,,GENERAL,MATRYOSHKA_CONNECTED,16,,other,,,,LEXICAL_PASS_1
337,343,368,several,several,TARGET,several,LEMMA_OR_INDEPENDENT,,GENERAL,DIRECT_FALLBACK,,,,,,,LEXICAL_PASS_1
338,344,369,true,true,TARGET,true,LEMMA_OR_INDEPENDENT,,GENERAL,DIRECT_FALLBACK,,,,,,,LEXICAL_PASS_1
339,345,370,control,control,TARGET,control,LEMMA_OR_INDEPENDENT,,GENERAL,DIRECT_FALLBACK,,,,,,,LEXICAL_PASS_1
340,346,371,friends,friends,TARGET,friend,REGULAR_S_FORM,,GENERAL,MATRYOSHKA_CONNECTED,44,,friend,,,,LEXICAL_PASS_1
341,347,372,games,games,TARGET,game,REGULAR_S_FORM,,GENERAL,MATRYOSHKA_CONNECTED,39,,game,,,,LEXICAL_PASS_1
342,348,373,half,half,TARGET,half,LEMMA_OR_INDEPENDENT,,GENERAL,DIRECT_FALLBACK,,,,,,,LEXICAL_PASS_1
343,349,374,maybe,maybe,TARGET,maybe,LEMMA_OR_INDEPENDENT,,GENERAL,DIRECT_FALLBACK,,,,,,,LEXICAL_PASS_1
344,350,375,news,news,TARGET,news,LEMMA_OR_INDEPENDENT,,GENERAL,MATRYOSHKA_CONNECTED,14,,new,,,,LEXICAL_PASS_1
345,351,376,problem,problem,TARGET,problem,LEMMA_OR_INDEPENDENT,,GENERAL,DIRECT_FALLBACK,,,,,,,LEXICAL_PASS_1
346,352,377,air,air,TARGET,air,LEMMA_OR_INDEPENDENT,,GENERAL,DIRECT_FALLBACK,,,,,,,LEXICAL_PASS_1
347,354,379,body,body,TARGET,body,LEMMA_OR_INDEPENDENT,,GENERAL,DIRECT_FALLBACK,,,,,,,LEXICAL_PASS_1
348,355,380,book,book,TARGET,book,LEMMA_OR_INDEPENDENT,,GENERAL,DIRECT_FALLBACK,,,,,,,LEXICAL_PASS_1
349,356,381,guys,guys,TARGET,guy,REGULAR_S_FORM,,INFORMAL,MATRYOSHKA_CONNECTED,45,,guy,,,,LEXICAL_PASS_1
350,357,382,hand,hand,TARGET,hand,LEMMA_OR_INDEPENDENT,,GENERAL,MATRYOSHKA_CONNECTED,4,and,,,,,LEXICAL_PASS_1
351,358,383,health,health,TARGET,health,LEMMA_OR_INDEPENDENT,,GENERAL,DIRECT_FALLBACK,,,,,,,LEXICAL_PASS_1
352,359,384,hope,hope,TARGET,hope,LEMMA_OR_INDEPENDENT,,GENERAL,DIRECT_FALLBACK,,,,,,,LEXICAL_PASS_1
353,360,385,human,human,TARGET,human,LEMMA_OR_INDEPENDENT,,GENERAL,DIRECT_FALLBACK,,,,,,,LEXICAL_PASS_1
354,361,386,known,known,TARGET,know,IRREGULAR_FORM,,GENERAL,MATRYOSHKA_CONNECTED,10,,know,,,,LEXICAL_PASS_1
355,362,387,large,large,TARGET,large,LEMMA_OR_INDEPENDENT,,GENERAL,DIRECT_FALLBACK,,,,,,,LEXICAL_PASS_1
356,364,389,president,president,TARGET,president,LEMMA_OR_INDEPENDENT,,GENERAL,DIRECT_FALLBACK,,,,,,,LEXICAL_PASS_1
357,365,390,talk,talk,TARGET,talk,LEMMA_OR_INDEPENDENT,,GENERAL,DIRECT_FALLBACK,,,,,,,LEXICAL_PASS_1
358,366,391,almost,almost,TARGET,almost,LEMMA_OR_INDEPENDENT,,GENERAL,DIRECT_FALLBACK,,,,,,,LEXICAL_PASS_1
359,367,392,court,court,TARGET,court,LEMMA_OR_INDEPENDENT,,GENERAL,DIRECT_FALLBACK,,,,,,,LEXICAL_PASS_1
360,368,393,friend,friend,TARGET,friend,LEMMA_OR_INDEPENDENT,,GENERAL,MATRYOSHKA_CONNECTED,44,,,,friends,,LEXICAL_PASS_1
361,369,394,history,history,TARGET,history,LEMMA_OR_INDEPENDENT,,GENERAL,DIRECT_FALLBACK,,,,,,,LEXICAL_PASS_1
362,370,395,hours,hours,TARGET,hours,LEMMA_OR_INDEPENDENT,,GENERAL,MATRYOSHKA_CONNECTED,7,,hour,,,,LEXICAL_PASS_1
363,371,396,lost,lost,TARGET,lose,FORM_AND_LEMMA,,GENERAL,DIRECT_FALLBACK,,,,,,,LEXICAL_PASS_1
364,372,397,members,members,TARGET,members,LEMMA_OR_INDEPENDENT,,GENERAL,DIRECT_FALLBACK,,,,,,,LEXICAL_PASS_1
365,373,398,possible,possible,TARGET,possible,LEMMA_OR_INDEPENDENT,,GENERAL,DIRECT_FALLBACK,,,,,,,LEXICAL_PASS_1
366,374,399,season,season,TARGET,season,LEMMA_OR_INDEPENDENT,,GENERAL,DIRECT_FALLBACK,,,,,,,LEXICAL_PASS_1
367,375,400,south,south,TARGET,south,LEMMA_OR_INDEPENDENT,,GENERAL,DIRECT_FALLBACK,,,,,,,LEXICAL_PASS_1
368,376,401,story,story,TARGET,story,LEMMA_OR_INDEPENDENT,,GENERAL,DIRECT_FALLBACK,,,,,,,LEXICAL_PASS_1
369,377,402,video,video,TARGET,video,LEMMA_OR_INDEPENDENT,,GENERAL,DIRECT_FALLBACK,,,,,,,LEXICAL_PASS_1
370,378,403,yeah,yeah,TARGET,yeah,LEMMA_OR_INDEPENDENT,INTERJECTION,INFORMAL,DIRECT_FALLBACK,,,,,,,LEXICAL_PASS_1
371,379,404,among,among,TARGET,among,LEMMA_OR_INDEPENDENT,PREPOSITION,GENERAL,DIRECT_FALLBACK,,,,,,,LEXICAL_PASS_1
372,380,405,class,class,TARGET,class,LEMMA_OR_INDEPENDENT,,GENERAL,DIRECT_FALLBACK,,,,,,,LEXICAL_PASS_1
373,381,406,else,else,TARGET,else,LEMMA_OR_INDEPENDENT,,GENERAL,DIRECT_FALLBACK,,,,,,,LEXICAL_PASS_1
374,382,407,girl,girl,TARGET,girl,LEMMA_OR_INDEPENDENT,,GENERAL,DIRECT_FALLBACK,,,,,,,LEXICAL_PASS_1
375,383,408,nice,nice,TARGET,nice,LEMMA_OR_INDEPENDENT,,GENERAL,DIRECT_FALLBACK,,,,,,,LEXICAL_PASS_1
376,385,410,taking,taking,TARGET,take,INFLECTED_FORM,,GENERAL,DIRECT_FALLBACK,,,,,,,LEXICAL_PASS_1
377,386,411,wrong,wrong,TARGET,wrong,LEMMA_OR_INDEPENDENT,,GENERAL,DIRECT_FALLBACK,,,,,,,LEXICAL_PASS_1
378,387,414,act,act,TARGET,act,LEMMA_OR_INDEPENDENT,,GENERAL,MATRYOSHKA_CONNECTED,43,,,fact,,,LEXICAL_PASS_1
379,388,415,ago,ago,TARGET,ago,LEMMA_OR_INDEPENDENT,,GENERAL,MATRYOSHKA_CONNECTED,19,go,,,,,LEXICAL_PASS_1
380,390,417,close,close,TARGET,close,LEMMA_OR_INDEPENDENT,,GENERAL,DIRECT_FALLBACK,,,,,,,LEXICAL_PASS_1
381,391,418,coming,coming,TARGET,come,INFLECTED_FORM,,GENERAL,DIRECT_FALLBACK,,,,,,,LEXICAL_PASS_1
382,392,419,guy,guy,TARGET,guy,LEMMA_OR_INDEPENDENT,,INFORMAL,MATRYOSHKA_CONNECTED,45,,,,guys,,LEXICAL_PASS_1
383,393,420,matter,matter,TARGET,matter,LEMMA_OR_INDEPENDENT,,GENERAL,DIRECT_FALLBACK,,,,,,,LEXICAL_PASS_1
384,394,421,office,office,TARGET,office,LEMMA_OR_INDEPENDENT,,GENERAL,DIRECT_FALLBACK,,,,,,,LEXICAL_PASS_1
385,395,422,political,political,TARGET,political,LEMMA_OR_INDEPENDENT,,GENERAL,DIRECT_FALLBACK,,,,,,,LEXICAL_PASS_1
386,396,423,question,question,TARGET,question,LEMMA_OR_INDEPENDENT,,GENERAL,DIRECT_FALLBACK,,,,,,,LEXICAL_PASS_1
387,397,424,room,room,TARGET,room,LEMMA_OR_INDEPENDENT,,GENERAL,DIRECT_FALLBACK,,,,,,,LEXICAL_PASS_1
388,398,425,single,single,TARGET,single,LEMMA_OR_INDEPENDENT,,GENERAL,DIRECT_FALLBACK,,,,,,,LEXICAL_PASS_1
389,399,426,taken,taken,TARGET,take,IRREGULAR_FORM,,GENERAL,MATRYOSHKA_CONNECTED,28,,take,,,,LEXICAL_PASS_1
390,400,427,wait,wait,TARGET,wait,LEMMA_OR_INDEPENDENT,,GENERAL,DIRECT_FALLBACK,,,,,,,LEXICAL_PASS_1
391,401,429,along,along,TARGET,along,LEMMA_OR_INDEPENDENT,,GENERAL,MATRYOSHKA_CONNECTED,31,long,,,,,LEXICAL_PASS_1
392,402,430,although,although,TARGET,although,LEMMA_OR_INDEPENDENT,CONJUNCTION,GENERAL,DIRECT_FALLBACK,,,,,,,LEXICAL_PASS_1
393,403,431,cause,cause,TARGET,cause,LEMMA_OR_INDEPENDENT,,GENERAL,DIRECT_FALLBACK,,,,,,,LEXICAL_PASS_1
394,404,432,late,late,TARGET,late,LEMMA_OR_INDEPENDENT,,GENERAL,MATRYOSHKA_CONNECTED,42,,,,later,,LEXICAL_PASS_1
395,405,433,remember,remember,TARGET,remember,LEMMA_OR_INDEPENDENT,,GENERAL,DIRECT_FALLBACK,,,,,,,LEXICAL_PASS_1
396,406,434,saw,saw,TARGET,saw,LEMMA_OR_INDEPENDENT,,GENERAL,DIRECT_FALLBACK,,,,,,,LEXICAL_PASS_1
397,407,437,ask,ask,TARGET,ask,LEMMA_OR_INDEPENDENT,,GENERAL,MATRYOSHKA_CONNECTED,4,,as,,,,LEXICAL_PASS_1
398,408,438,example,example,TARGET,example,LEMMA_OR_INDEPENDENT,,GENERAL,DIRECT_FALLBACK,,,,,,,LEXICAL_PASS_1
399,409,439,form,form,TARGET,form,LEMMA_OR_INDEPENDENT,,GENERAL,MATRYOSHKA_CONNECTED,6,,for,,,,LEXICAL_PASS_1
400,411,442,pay,pay,TARGET,pay,LEMMA_OR_INDEPENDENT,,GENERAL,DIRECT_FALLBACK,,,,,,,LEXICAL_PASS_1
401,412,443,post,post,TARGET,post,LEMMA_OR_INDEPENDENT,,GENERAL,DIRECT_FALLBACK,,,,,,,LEXICAL_PASS_1
402,413,444,research,research,TARGET,research,LEMMA_OR_INDEPENDENT,,GENERAL,DIRECT_FALLBACK,,,,,,,LEXICAL_PASS_1
403,414,445,saying,saying,TARGET,say,INFLECTED_FORM,,GENERAL,DIRECT_FALLBACK,,,,,,,LEXICAL_PASS_1
404,415,446,understand,understand,TARGET,understand,LEMMA_OR_INDEPENDENT,,GENERAL,DIRECT_FALLBACK,,,,,,,LEXICAL_PASS_1
405,416,447,university,university,TARGET,university,LEMMA_OR_INDEPENDENT,,GENERAL,DIRECT_FALLBACK,,,,,,,LEXICAL_PASS_1
406,417,448,according,according,TARGET,according,LEMMA_OR_INDEPENDENT,,GENERAL,DIRECT_FALLBACK,,,,,,,LEXICAL_PASS_1
407,418,449,due,due,TARGET,due,LEMMA_OR_INDEPENDENT,,GENERAL,DIRECT_FALLBACK,,,,,,,LEXICAL_PASS_1
408,419,450,either,either,TARGET,either,LEMMA_OR_INDEPENDENT,,GENERAL,DIRECT_FALLBACK,,,,,,,LEXICAL_PASS_1
409,421,452,hit,hit,TARGET,hit,LEMMA_OR_INDEPENDENT,,GENERAL,MATRYOSHKA_CONNECTED,5,it,hi,,,,LEXICAL_PASS_1
410,422,453,idea,idea,TARGET,idea,LEMMA_OR_INDEPENDENT,,GENERAL,DIRECT_FALLBACK,,,,,,,LEXICAL_PASS_1
411,423,454,million,million,TARGET,million,LEMMA_OR_INDEPENDENT,,GENERAL,DIRECT_FALLBACK,,,,,,,LEXICAL_PASS_1
412,424,455,months,months,TARGET,months,LEMMA_OR_INDEPENDENT,,GENERAL,DIRECT_FALLBACK,,,,,,,LEXICAL_PASS_1
413,425,456,needs,needs,TARGET,need,REGULAR_S_FORM,,GENERAL,MATRYOSHKA_CONNECTED,24,,need,,,,LEXICAL_PASS_1
414,426,457,past,past,TARGET,past,LEMMA_OR_INDEPENDENT,,GENERAL,DIRECT_FALLBACK,,,,,,,LEXICAL_PASS_1
415,427,458,playing,playing,TARGET,play,INFLECTED_FORM,,GENERAL,DIRECT_FALLBACK,,,,,,,LEXICAL_PASS_1
416,428,459,pretty,pretty,TARGET,pretty,LEMMA_OR_INDEPENDENT,,GENERAL,DIRECT_FALLBACK,,,,,,,LEXICAL_PASS_1
417,429,460,probably,probably,TARGET,probably,LEMMA_OR_INDEPENDENT,,GENERAL,DIRECT_FALLBACK,,,,,,,LEXICAL_PASS_1
418,430,461,rather,rather,TARGET,rather,LEMMA_OR_INDEPENDENT,,GENERAL,DIRECT_FALLBACK,,,,,,,LEXICAL_PASS_1
419,431,462,soon,soon,TARGET,soon,LEMMA_OR_INDEPENDENT,,GENERAL,DIRECT_FALLBACK,,,,,,,LEXICAL_PASS_1
420,432,463,turn,turn,TARGET,turn,LEMMA_OR_INDEPENDENT,,GENERAL,DIRECT_FALLBACK,,,,,,,LEXICAL_PASS_1
421,433,464,whether,whether,TARGET,whether,LEMMA_OR_INDEPENDENT,CONJUNCTION,GENERAL,DIRECT_FALLBACK,,,,,,,LEXICAL_PASS_1
422,434,465,win,win,TARGET,win,LEMMA_OR_INDEPENDENT,,GENERAL,MATRYOSHKA_CONNECTED,5,in,,,,,LEXICAL_PASS_1
423,435,466,age,age,TARGET,age,LEMMA_OR_INDEPENDENT,,GENERAL,DIRECT_FALLBACK,,,,,,,LEXICAL_PASS_1
424,436,467,anyone,anyone,TARGET,anyone,LEMMA_OR_INDEPENDENT,PRONOUN,GENERAL,DIRECT_FALLBACK,,,,,,,LEXICAL_PASS_1
425,437,468,community,community,TARGET,community,LEMMA_OR_INDEPENDENT,,GENERAL,DIRECT_FALLBACK,,,,,,,LEXICAL_PASS_1
426,438,469,development,development,TARGET,development,LEMMA_OR_INDEPENDENT,,GENERAL,DIRECT_FALLBACK,,,,,,,LEXICAL_PASS_1
427,439,470,further,further,TARGET,far,FORM_AND_LEMMA,,GENERAL,DIRECT_FALLBACK,,,,,,,LEXICAL_PASS_1
428,440,471,future,future,TARGET,future,LEMMA_OR_INDEPENDENT,,GENERAL,DIRECT_FALLBACK,,,,,,,LEXICAL_PASS_1
429,441,472,heart,heart,TARGET,heart,LEMMA_OR_INDEPENDENT,,GENERAL,DIRECT_FALLBACK,,,,,,,LEXICAL_PASS_1
430,442,473,leave,leave,TARGET,leave,LEMMA_OR_INDEPENDENT,,GENERAL,DIRECT_FALLBACK,,,,,,,LEXICAL_PASS_1
431,443,474,light,light,TARGET,light,LEMMA_OR_INDEPENDENT,,GENERAL,DIRECT_FALLBACK,,,,,,,LEXICAL_PASS_1
432,444,475,major,major,TARGET,major,LEMMA_OR_INDEPENDENT,,GENERAL,DIRECT_FALLBACK,,,,,,,LEXICAL_PASS_1
433,445,476,minutes,minutes,TARGET,minutes,LEMMA_OR_INDEPENDENT,,GENERAL,DIRECT_FALLBACK,,,,,,,LEXICAL_PASS_1
434,446,477,morning,morning,TARGET,morning,LEMMA_OR_INDEPENDENT,,GENERAL,DIRECT_FALLBACK,,,,,,,LEXICAL_PASS_1
435,447,478,north,north,TARGET,north,LEMMA_OR_INDEPENDENT,,GENERAL,DIRECT_FALLBACK,,,,,,,LEXICAL_PASS_1
436,448,479,started,started,TARGET,start,INFLECTED_FORM,,GENERAL,DIRECT_FALLBACK,,,,,,,LEXICAL_PASS_1
437,450,481,action,action,TARGET,action,LEMMA_OR_INDEPENDENT,,GENERAL,DIRECT_FALLBACK,,,,,,,LEXICAL_PASS_1
438,451,482,child,child,TARGET,child,LEMMA_OR_INDEPENDENT,,GENERAL,DIRECT_FALLBACK,,,,,,,LEXICAL_PASS_1
439,453,484,father,father,TARGET,father,LEMMA_OR_INDEPENDENT,,GENERAL,DIRECT_FALLBACK,,,,,,,LEXICAL_PASS_1
440,455,487,low,low,TARGET,low,LEMMA_OR_INDEPENDENT,,GENERAL,DIRECT_FALLBACK,,,,,,,LEXICAL_PASS_1
441,456,488,move,move,TARGET,move,LEMMA_OR_INDEPENDENT,,GENERAL,DIRECT_FALLBACK,,,,,,,LEXICAL_PASS_1
442,457,489,police,police,TARGET,police,LEMMA_OR_INDEPENDENT,,GENERAL,DIRECT_FALLBACK,,,,,,,LEXICAL_PASS_1
443,459,491,special,special,TARGET,special,LEMMA_OR_INDEPENDENT,,GENERAL,DIRECT_FALLBACK,,,,,,,LEXICAL_PASS_1
444,460,492,third,third,TARGET,third,LEMMA_OR_INDEPENDENT,,GENERAL,DIRECT_FALLBACK,,,,,,,LEXICAL_PASS_1
445,461,493,wanted,wanted,TARGET,want,INFLECTED_FORM,,GENERAL,DIRECT_FALLBACK,,,,,,,LEXICAL_PASS_1
446,462,494,woman,woman,TARGET,woman,LEMMA_OR_INDEPENDENT,,GENERAL,DIRECT_FALLBACK,,,,,,,LEXICAL_PASS_1
447,463,495,comes,comes,TARGET,come,INFLECTED_FORM,,GENERAL,MATRYOSHKA_CONNECTED,33,,come,,,,LEXICAL_PASS_1
448,464,496,data,data,TARGET,data,LEMMA_OR_INDEPENDENT,,GENERAL,DIRECT_FALLBACK,,,,,,,LEXICAL_PASS_1
449,465,497,happy,happy,TARGET,happy,LEMMA_OR_INDEPENDENT,,GENERAL,DIRECT_FALLBACK,,,,,,,LEXICAL_PASS_1
450,466,498,living,living,TARGET,live,FORM_AND_LEMMA,,GENERAL,DIRECT_FALLBACK,,,,,,,LEXICAL_PASS_1
451,467,499,reason,reason,TARGET,reason,LEMMA_OR_INDEPENDENT,,GENERAL,DIRECT_FALLBACK,,,,,,,LEXICAL_PASS_1
452,468,500,red,red,TARGET,red,LEMMA_OR_INDEPENDENT,,GENERAL,DIRECT_FALLBACK,,,,,,,LEXICAL_PASS_1
453,469,501,report,report,TARGET,report,LEMMA_OR_INDEPENDENT,,GENERAL,DIRECT_FALLBACK,,,,,,,LEXICAL_PASS_1
454,470,502,short,short,TARGET,short,LEMMA_OR_INDEPENDENT,,GENERAL,DIRECT_FALLBACK,,,,,,,LEXICAL_PASS_1
455,471,503,sometimes,sometimes,TARGET,sometimes,LEMMA_OR_INDEPENDENT,,GENERAL,DIRECT_FALLBACK,,,,,,,LEXICAL_PASS_1
456,472,504,son,son,TARGET,son,LEMMA_OR_INDEPENDENT,,GENERAL,MATRYOSHKA_CONNECTED,8,on,so,,,,LEXICAL_PASS_1
457,473,505,stay,stay,TARGET,stay,LEMMA_OR_INDEPENDENT,,GENERAL,DIRECT_FALLBACK,,,,,,,LEXICAL_PASS_1
458,474,506,watch,watch,TARGET,watch,LEMMA_OR_INDEPENDENT,,GENERAL,DIRECT_FALLBACK,,,,,,,LEXICAL_PASS_1
459,475,508,bit,bit,TARGET,bit,LEMMA_OR_INDEPENDENT,,GENERAL,MATRYOSHKA_CONNECTED,5,it,,,,,LEXICAL_PASS_1
460,476,509,education,education,TARGET,education,LEMMA_OR_INDEPENDENT,,GENERAL,DIRECT_FALLBACK,,,,,,,LEXICAL_PASS_1
461,478,511,land,land,TARGET,land,LEMMA_OR_INDEPENDENT,,GENERAL,MATRYOSHKA_CONNECTED,4,and,,,,,LEXICAL_PASS_1
462,479,512,looks,looks,TARGET,look,INFLECTED_FORM,,GENERAL,MATRYOSHKA_CONNECTED,34,,look,,,,LEXICAL_PASS_1
463,480,513,myself,myself,TARGET,myself,LEMMA_OR_INDEPENDENT,PRONOUN,GENERAL,DIRECT_FALLBACK,,,,,,,LEXICAL_PASS_1
464,481,514,works,works,TARGET,work,FORM_AND_LEMMA,,GENERAL,MATRYOSHKA_CONNECTED,26,,work,,,,LEXICAL_PASS_1
465,482,516,asked,asked,TARGET,ask,INFLECTED_FORM,,GENERAL,DIRECT_FALLBACK,,,,,,,LEXICAL_PASS_1
466,483,517,deal,deal,TARGET,deal,LEMMA_OR_INDEPENDENT,,GENERAL,DIRECT_FALLBACK,,,,,,,LEXICAL_PASS_1
467,484,518,experience,experience,TARGET,experience,LEMMA_OR_INDEPENDENT,,GENERAL,DIRECT_FALLBACK,,,,,,,LEXICAL_PASS_1
468,485,519,final,final,TARGET,final,LEMMA_OR_INDEPENDENT,,GENERAL,DIRECT_FALLBACK,,,,,,,LEXICAL_PASS_1
469,486,520,list,list,TARGET,list,LEMMA_OR_INDEPENDENT,,GENERAL,DIRECT_FALLBACK,,,,,,,LEXICAL_PASS_1
470,487,521,market,market,TARGET,market,LEMMA_OR_INDEPENDENT,,GENERAL,DIRECT_FALLBACK,,,,,,,LEXICAL_PASS_1
471,488,522,meet,meet,TARGET,meet,LEMMA_OR_INDEPENDENT,,GENERAL,DIRECT_FALLBACK,,,,,,,LEXICAL_PASS_1
472,490,524,six,six,TARGET,six,LEMMA_OR_INDEPENDENT,,GENERAL,DIRECT_FALLBACK,,,,,,,LEXICAL_PASS_1
473,491,525,study,study,TARGET,study,LEMMA_OR_INDEPENDENT,,GENERAL,DIRECT_FALLBACK,,,,,,,LEXICAL_PASS_1
474,492,526,type,type,TARGET,type,LEMMA_OR_INDEPENDENT,,GENERAL,DIRECT_FALLBACK,,,,,,,LEXICAL_PASS_1
475,493,527,word,word,TARGET,word,LEMMA_OR_INDEPENDENT,,GENERAL,DIRECT_FALLBACK,,,,,,,LEXICAL_PASS_1
476,494,528,building,building,TARGET,build,FORM_AND_LEMMA,,GENERAL,DIRECT_FALLBACK,,,,,,,LEXICAL_PASS_1
477,495,529,check,check,TARGET,check,LEMMA_OR_INDEPENDENT,,GENERAL,DIRECT_FALLBACK,,,,,,,LEXICAL_PASS_1
478,496,530,fire,fire,TARGET,fire,LEMMA_OR_INDEPENDENT,,GENERAL,DIRECT_FALLBACK,,,,,,,LEXICAL_PASS_1
479,497,531,force,force,TARGET,force,LEMMA_OR_INDEPENDENT,,GENERAL,DIRECT_FALLBACK,,,,,,,LEXICAL_PASS_1
480,498,532,front,front,TARGET,front,LEMMA_OR_INDEPENDENT,,GENERAL,DIRECT_FALLBACK,,,,,,,LEXICAL_PASS_1
481,500,534,main,main,TARGET,main,LEMMA_OR_INDEPENDENT,,GENERAL,DIRECT_FALLBACK,,,,,,,LEXICAL_PASS_1
482,501,535,mother,mother,TARGET,mother,LEMMA_OR_INDEPENDENT,,GENERAL,MATRYOSHKA_CONNECTED,16,other,,,,,LEXICAL_PASS_1
483,502,536,near,near,TARGET,near,LEMMA_OR_INDEPENDENT,,GENERAL,DIRECT_FALLBACK,,,,,,,LEXICAL_PASS_1
484,503,537,period,period,TARGET,period,LEMMA_OR_INDEPENDENT,,GENERAL,DIRECT_FALLBACK,,,,,,,LEXICAL_PASS_1
485,504,538,process,process,TARGET,process,LEMMA_OR_INDEPENDENT,,GENERAL,DIRECT_FALLBACK,,,,,,,LEXICAL_PASS_1
486,506,541,art,art,TARGET,art,LEMMA_OR_INDEPENDENT,,GENERAL,MATRYOSHKA_CONNECTED,32,,,part,,,LEXICAL_PASS_1
487,507,542,former,former,TARGET,former,LEMMA_OR_INDEPENDENT,,GENERAL,DIRECT_FALLBACK,,,,,,,LEXICAL_PASS_1
488,508,543,heard,heard,TARGET,hear,IRREGULAR_FORM,,GENERAL,DIRECT_FALLBACK,,,,,,,LEXICAL_PASS_1
489,510,545,plan,plan,TARGET,plan,LEMMA_OR_INDEPENDENT,,GENERAL,DIRECT_FALLBACK,,,,,,,LEXICAL_PASS_1
490,511,546,quite,quite,TARGET,quite,LEMMA_OR_INDEPENDENT,,GENERAL,DIRECT_FALLBACK,,,,,,,LEXICAL_PASS_1
491,512,547,series,series,TARGET,series,LEMMA_OR_INDEPENDENT,,GENERAL,DIRECT_FALLBACK,,,,,,,LEXICAL_PASS_1
492,513,548,site,site,TARGET,site,LEMMA_OR_INDEPENDENT,,GENERAL,MATRYOSHKA_CONNECTED,5,,sit,,,,LEXICAL_PASS_1
493,514,549,talking,talking,TARGET,talk,REGULAR_ING_FORM,,GENERAL,DIRECT_FALLBACK,,,,,,,LEXICAL_PASS_1
494,515,550,west,west,TARGET,west,LEMMA_OR_INDEPENDENT,,GENERAL,DIRECT_FALLBACK,,,,,,,LEXICAL_PASS_1
495,516,552,behind,behind,TARGET,behind,LEMMA_OR_INDEPENDENT,PREPOSITION,GENERAL,DIRECT_FALLBACK,,,,,,,LEXICAL_PASS_1
496,517,553,bring,bring,TARGET,bring,LEMMA_OR_INDEPENDENT,,GENERAL,DIRECT_FALLBACK,,,,,,,LEXICAL_PASS_1
497,518,554,clear,clear,TARGET,clear,LEMMA_OR_INDEPENDENT,,GENERAL,DIRECT_FALLBACK,,,,,,,LEXICAL_PASS_1
498,520,556,held,held,TARGET,hold,IRREGULAR_FORM,,GENERAL,DIRECT_FALLBACK,,,,,,,LEXICAL_PASS_1
499,521,557,outside,outside,TARGET,outside,LEMMA_OR_INDEPENDENT,PREPOSITION,GENERAL,DIRECT_FALLBACK,,,,,,,LEXICAL_PASS_1
500,522,558,phone,phone,TARGET,phone,LEMMA_OR_INDEPENDENT,,GENERAL,DIRECT_FALLBACK,,,,,,,LEXICAL_PASS_1
,669,707,hour,hour,BRIDGE_BONUS,hour,LEMMA_OR_INDEPENDENT,,GENERAL,BRIDGE,7,our,,,hours,our>hour>hours [LR] => hours,BRIDGE_PASS_1
,868,912,hi,hi,BRIDGE_BONUS,hi,LEMMA_OR_INDEPENDENT,,GENERAL,BRIDGE,5,i,,,his;him;hit,i>hi>his [LR] => him,BRIDGE_PASS_1
,1321,1372,sit,sit,BRIDGE_BONUS,sit,LEMMA_OR_INDEPENDENT,,GENERAL,BRIDGE,5,it,,,site,i>it>sit [RL] => site,BRIDGE_PASS_1
,1894,1955,ad,ad,BRIDGE_USEFUL_SHORT,ad,LEMMA_OR_INDEPENDENT,,GENERAL,BRIDGE,4,,a,had;bad;mad,,a>ad>had [RL] => bad|had,BRIDGE_PASS_1
,1920,1981,mad,mad,BRIDGE_BONUS,mad,LEMMA_OR_INDEPENDENT,,GENERAL,BRIDGE,4,ad,,,made,a>ad>mad>made [RLR] => made,BRIDGE_PASS_1
,2458,2527,don,don,BRIDGE_TECHNICAL,don,LEMMA_OR_INDEPENDENT,,GENERAL,BRIDGE,8,on,do,,done,on>don>done [LR] => do,BRIDGE_PASS_1
,2595,2666,sing,sing,BRIDGE_BONUS,sing,LEMMA_OR_INDEPENDENT,,GENERAL,BRIDGE,5,,sin,using,,in>sin>sing>using [LRL] => using,BRIDGE_PASS_1
,2660,2733,hat,hat,BRIDGE_BONUS,hat,LEMMA_OR_INDEPENDENT,,GENERAL,BRIDGE,4,at,,that;what,,a>at>hat [RL] => what|that,BRIDGE_PASS_1
,3052,3126,sin,sin,BRIDGE_BONUS,sin,LEMMA_OR_INDEPENDENT,,GENERAL,BRIDGE,5,in,,,sing,in>sin>sing>using [LRL] => using,BRIDGE_PASS_1
,4644,4749,mall,mall,BRIDGE_BONUS,mall,LEMMA_OR_INDEPENDENT,,GENERAL,BRIDGE,11,all,,small,,all>mall>small [LL] => small,BRIDGE_PASS_1