alpha_rank,source_rank,word,role,learning_mode,component_id,parent_L_in_core,parent_R_in_core,children_L_in_core,children_R_in_core,bridge_reason,review_status
1,1,the,ESSENTIAL,MATRYOSHKA_CONNECTED,1,he,,,they;them;then,,PROVISIONAL_LEXICAL_REVIEW
2,2,of,ESSENTIAL,MATRYOSHKA_CONNECTED,2,,,,off,,PROVISIONAL_LEXICAL_REVIEW
3,3,to,ESSENTIAL,MATRYOSHKA_CONNECTED,3,,,,too;top,,PROVISIONAL_LEXICAL_REVIEW
4,4,and,ESSENTIAL,MATRYOSHKA_CONNECTED,4,,an,hand;land,,,PROVISIONAL_LEXICAL_REVIEW
5,5,a,ESSENTIAL,MATRYOSHKA_CONNECTED,4,,,,as;at;an;am;ad,,PROVISIONAL_LEXICAL_REVIEW
6,6,in,ESSENTIAL,MATRYOSHKA_CONNECTED,5,,i,win;sin,,,PROVISIONAL_LEXICAL_REVIEW
7,7,i,ESSENTIAL,MATRYOSHKA_CONNECTED,5,,,hi,in;is;it;if,,PROVISIONAL_LEXICAL_REVIEW
8,8,is,ESSENTIAL,MATRYOSHKA_CONNECTED,5,,i,his,,,PROVISIONAL_LEXICAL_REVIEW
9,9,that,ESSENTIAL,MATRYOSHKA_CONNECTED,4,hat,,,,,PROVISIONAL_LEXICAL_REVIEW
10,10,for,ESSENTIAL,MATRYOSHKA_CONNECTED,6,or,,,form,,PROVISIONAL_LEXICAL_REVIEW
11,11,you,ESSENTIAL,MATRYOSHKA_CONNECTED,7,,,,your,,PROVISIONAL_LEXICAL_REVIEW
12,12,it,ESSENTIAL,MATRYOSHKA_CONNECTED,5,,i,hit;bit,its,,PROVISIONAL_LEXICAL_REVIEW
13,13,on,ESSENTIAL,MATRYOSHKA_CONNECTED,8,,,son;non;don,one,,PROVISIONAL_LEXICAL_REVIEW
14,15,with,ESSENTIAL,DIRECT_FALLBACK,,,,,,,PROVISIONAL_LEXICAL_REVIEW
15,16,was,ESSENTIAL,MATRYOSHKA_CONNECTED,4,as,,,,,PROVISIONAL_LEXICAL_REVIEW
16,17,be,ESSENTIAL,DIRECT_FALLBACK,,,,,,,PROVISIONAL_LEXICAL_REVIEW
17,18,this,ESSENTIAL,MATRYOSHKA_CONNECTED,5,his,,,,,PROVISIONAL_LEXICAL_REVIEW
18,19,as,ESSENTIAL,MATRYOSHKA_CONNECTED,4,,a,was;has,ask,,PROVISIONAL_LEXICAL_REVIEW
19,20,are,ESSENTIAL,MATRYOSHKA_CONNECTED,9,,,care,area,,PROVISIONAL_LEXICAL_REVIEW
20,21,not,ESSENTIAL,MATRYOSHKA_CONNECTED,8,,no,,,,PROVISIONAL_LEXICAL_REVIEW
21,22,have,ESSENTIAL,DIRECT_FALLBACK,,,,,,,PROVISIONAL_LEXICAL_REVIEW
22,23,at,ESSENTIAL,MATRYOSHKA_CONNECTED,4,,a,hat,,,PROVISIONAL_LEXICAL_REVIEW
23,24,he,ESSENTIAL,MATRYOSHKA_CONNECTED,1,,,the;she,her,,PROVISIONAL_LEXICAL_REVIEW
24,25,by,ESSENTIAL,DIRECT_FALLBACK,,,,,,,PROVISIONAL_LEXICAL_REVIEW
25,26,from,ESSENTIAL,DIRECT_FALLBACK,,,,,,,PROVISIONAL_LEXICAL_REVIEW
26,27,but,ESSENTIAL,DIRECT_FALLBACK,,,,,,,PROVISIONAL_LEXICAL_REVIEW
27,29,my,ESSENTIAL,DIRECT_FALLBACK,,,,,,,PROVISIONAL_LEXICAL_REVIEW
28,30,an,ESSENTIAL,MATRYOSHKA_CONNECTED,4,,a,can;man,and;any,,PROVISIONAL_LEXICAL_REVIEW
29,31,or,ESSENTIAL,MATRYOSHKA_CONNECTED,6,,,for,,,PROVISIONAL_LEXICAL_REVIEW
30,32,all,ESSENTIAL,MATRYOSHKA_CONNECTED,10,,,call;mall,,,PROVISIONAL_LEXICAL_REVIEW
31,33,his,ESSENTIAL,MATRYOSHKA_CONNECTED,5,is,hi,this,,,PROVISIONAL_LEXICAL_REVIEW
32,34,me,ESSENTIAL,MATRYOSHKA_CONNECTED,11,,,,men,,PROVISIONAL_LEXICAL_REVIEW
33,35,they,ESSENTIAL,MATRYOSHKA_CONNECTED,1,,the,,,,PROVISIONAL_LEXICAL_REVIEW
34,36,so,ESSENTIAL,MATRYOSHKA_CONNECTED,8,,,,son,,PROVISIONAL_LEXICAL_REVIEW
35,37,we,ESSENTIAL,DIRECT_FALLBACK,,,,,,,PROVISIONAL_LEXICAL_REVIEW
36,38,one,ESSENTIAL,MATRYOSHKA_CONNECTED,8,,on,done,,,PROVISIONAL_LEXICAL_REVIEW
37,39,your,ESSENTIAL,MATRYOSHKA_CONNECTED,7,our,you,,,,PROVISIONAL_LEXICAL_REVIEW
38,40,if,ESSENTIAL,MATRYOSHKA_CONNECTED,5,,i,,,,PROVISIONAL_LEXICAL_REVIEW
39,41,can,ESSENTIAL,MATRYOSHKA_CONNECTED,4,an,,,,,PROVISIONAL_LEXICAL_REVIEW
40,42,will,ESSENTIAL,DIRECT_FALLBACK,,,,,,,PROVISIONAL_LEXICAL_REVIEW
41,43,just,ESSENTIAL,DIRECT_FALLBACK,,,,,,,PROVISIONAL_LEXICAL_REVIEW
42,44,like,ESSENTIAL,DIRECT_FALLBACK,,,,,,,PROVISIONAL_LEXICAL_REVIEW
43,45,about,ESSENTIAL,DIRECT_FALLBACK,,,,,,,PROVISIONAL_LEXICAL_REVIEW
44,46,up,ESSENTIAL,DIRECT_FALLBACK,,,,,,,PROVISIONAL_LEXICAL_REVIEW
45,47,what,ESSENTIAL,MATRYOSHKA_CONNECTED,4,hat,,,,,PROVISIONAL_LEXICAL_REVIEW
46,48,do,ESSENTIAL,MATRYOSHKA_CONNECTED,8,,,,don,,PROVISIONAL_LEXICAL_REVIEW
47,49,has,ESSENTIAL,MATRYOSHKA_CONNECTED,4,as,,,,,PROVISIONAL_LEXICAL_REVIEW
48,50,were,ESSENTIAL,DIRECT_FALLBACK,,,,,,,PROVISIONAL_LEXICAL_REVIEW
49,51,no,ESSENTIAL,MATRYOSHKA_CONNECTED,8,,,,not;now;non,,PROVISIONAL_LEXICAL_REVIEW
50,52,out,ESSENTIAL,DIRECT_FALLBACK,,,,,,,PROVISIONAL_LEXICAL_REVIEW
51,53,when,ESSENTIAL,DIRECT_FALLBACK,,,,,,,PROVISIONAL_LEXICAL_REVIEW
52,54,more,ESSENTIAL,DIRECT_FALLBACK,,,,,,,PROVISIONAL_LEXICAL_REVIEW
53,55,who,ESSENTIAL,DIRECT_FALLBACK,,,,,,,PROVISIONAL_LEXICAL_REVIEW
54,56,had,ESSENTIAL,MATRYOSHKA_CONNECTED,4,ad,,,,,PROVISIONAL_LEXICAL_REVIEW
55,57,their,ESSENTIAL,DIRECT_FALLBACK,,,,,,,PROVISIONAL_LEXICAL_REVIEW
56,58,which,ESSENTIAL,DIRECT_FALLBACK,,,,,,,PROVISIONAL_LEXICAL_REVIEW
57,59,there,ESSENTIAL,MATRYOSHKA_CONNECTED,1,here,,,,,PROVISIONAL_LEXICAL_REVIEW
58,60,been,ESSENTIAL,DIRECT_FALLBACK,,,,,,,PROVISIONAL_LEXICAL_REVIEW
59,61,her,ESSENTIAL,MATRYOSHKA_CONNECTED,1,,he,,here,,PROVISIONAL_LEXICAL_REVIEW
60,62,time,ESSENTIAL,MATRYOSHKA_CONNECTED,12,,,,times,,PROVISIONAL_LEXICAL_REVIEW
61,64,would,ESSENTIAL,DIRECT_FALLBACK,,,,,,,PROVISIONAL_LEXICAL_REVIEW
62,65,get,ESSENTIAL,DIRECT_FALLBACK,,,,,,,PROVISIONAL_LEXICAL_REVIEW
63,67,new,ESSENTIAL,MATRYOSHKA_CONNECTED,13,,,,news,,PROVISIONAL_LEXICAL_REVIEW
64,69,she,ESSENTIAL,MATRYOSHKA_CONNECTED,1,he,,,,,PROVISIONAL_LEXICAL_REVIEW
65,70,people,ESSENTIAL,DIRECT_FALLBACK,,,,,,,PROVISIONAL_LEXICAL_REVIEW
66,72,its,ESSENTIAL,MATRYOSHKA_CONNECTED,5,,it,,,,PROVISIONAL_LEXICAL_REVIEW
67,73,also,ESSENTIAL,DIRECT_FALLBACK,,,,,,,PROVISIONAL_LEXICAL_REVIEW
68,74,how,ESSENTIAL,MATRYOSHKA_CONNECTED,14,,,show,,,PROVISIONAL_LEXICAL_REVIEW
69,75,some,ESSENTIAL,DIRECT_FALLBACK,,,,,,,PROVISIONAL_LEXICAL_REVIEW
70,76,them,ESSENTIAL,MATRYOSHKA_CONNECTED,1,,the,,,,PROVISIONAL_LEXICAL_REVIEW
71,77,now,ESSENTIAL,MATRYOSHKA_CONNECTED,8,,no,know,,,PROVISIONAL_LEXICAL_REVIEW
72,78,other,ESSENTIAL,MATRYOSHKA_CONNECTED,15,,,,others,,PROVISIONAL_LEXICAL_REVIEW
73,79,only,ESSENTIAL,DIRECT_FALLBACK,,,,,,,PROVISIONAL_LEXICAL_REVIEW
74,80,than,ESSENTIAL,MATRYOSHKA_CONNECTED,16,,,,thank,,PROVISIONAL_LEXICAL_REVIEW
75,81,first,ESSENTIAL,DIRECT_FALLBACK,,,,,,,PROVISIONAL_LEXICAL_REVIEW
76,82,good,ESSENTIAL,DIRECT_FALLBACK,,,,,,,PROVISIONAL_LEXICAL_REVIEW
77,83,into,ESSENTIAL,DIRECT_FALLBACK,,,,,,,PROVISIONAL_LEXICAL_REVIEW
78,84,our,ESSENTIAL,MATRYOSHKA_CONNECTED,7,,,your;four;hour,,,PROVISIONAL_LEXICAL_REVIEW
79,85,know,ESSENTIAL,MATRYOSHKA_CONNECTED,8,now,,,known,,PROVISIONAL_LEXICAL_REVIEW
80,86,see,ESSENTIAL,MATRYOSHKA_CONNECTED,17,,,,seen,,PROVISIONAL_LEXICAL_REVIEW
81,87,two,ESSENTIAL,DIRECT_FALLBACK,,,,,,,PROVISIONAL_LEXICAL_REVIEW
82,88,him,ESSENTIAL,MATRYOSHKA_CONNECTED,5,,hi,,,,PROVISIONAL_LEXICAL_REVIEW
83,89,after,ESSENTIAL,DIRECT_FALLBACK,,,,,,,PROVISIONAL_LEXICAL_REVIEW
84,90,could,ESSENTIAL,DIRECT_FALLBACK,,,,,,,PROVISIONAL_LEXICAL_REVIEW
85,91,then,ESSENTIAL,MATRYOSHKA_CONNECTED,1,,the,,,,PROVISIONAL_LEXICAL_REVIEW
86,92,over,ESSENTIAL,DIRECT_FALLBACK,,,,,,,PROVISIONAL_LEXICAL_REVIEW
87,93,these,ESSENTIAL,DIRECT_FALLBACK,,,,,,,PROVISIONAL_LEXICAL_REVIEW
88,94,think,ESSENTIAL,DIRECT_FALLBACK,,,,,,,PROVISIONAL_LEXICAL_REVIEW
89,95,go,ESSENTIAL,MATRYOSHKA_CONNECTED,18,,,ago,got;god,,PROVISIONAL_LEXICAL_REVIEW
90,96,make,ESSENTIAL,MATRYOSHKA_CONNECTED,19,,,,makes,,PROVISIONAL_LEXICAL_REVIEW
91,97,any,ESSENTIAL,MATRYOSHKA_CONNECTED,4,,an,many,,,PROVISIONAL_LEXICAL_REVIEW
92,98,well,ESSENTIAL,DIRECT_FALLBACK,,,,,,,PROVISIONAL_LEXICAL_REVIEW
93,99,back,ESSENTIAL,DIRECT_FALLBACK,,,,,,,PROVISIONAL_LEXICAL_REVIEW
94,100,want,ESSENTIAL,DIRECT_FALLBACK,,,,,,,PROVISIONAL_LEXICAL_REVIEW
95,102,should,ESSENTIAL,DIRECT_FALLBACK,,,,,,,PROVISIONAL_LEXICAL_REVIEW
96,103,because,ESSENTIAL,DIRECT_FALLBACK,,,,,,,PROVISIONAL_LEXICAL_REVIEW
97,104,may,ESSENTIAL,DIRECT_FALLBACK,,,,,,,PROVISIONAL_LEXICAL_REVIEW
98,105,us,ESSENTIAL,MATRYOSHKA_CONNECTED,20,,,,use,,PROVISIONAL_LEXICAL_REVIEW
99,106,where,ESSENTIAL,MATRYOSHKA_CONNECTED,1,here,,,,,PROVISIONAL_LEXICAL_REVIEW
100,107,most,ESSENTIAL,DIRECT_FALLBACK,,,,,,,PROVISIONAL_LEXICAL_REVIEW
101,108,much,ESSENTIAL,DIRECT_FALLBACK,,,,,,,PROVISIONAL_LEXICAL_REVIEW
102,109,way,ESSENTIAL,MATRYOSHKA_CONNECTED,21,,,away,,,PROVISIONAL_LEXICAL_REVIEW
103,110,even,ESSENTIAL,DIRECT_FALLBACK,,,,,,,PROVISIONAL_LEXICAL_REVIEW
104,111,very,ESSENTIAL,MATRYOSHKA_CONNECTED,22,,,every,,,PROVISIONAL_LEXICAL_REVIEW
105,113,did,ESSENTIAL,DIRECT_FALLBACK,,,,,,,PROVISIONAL_LEXICAL_REVIEW
106,114,need,ESSENTIAL,MATRYOSHKA_CONNECTED,23,,,,needs,,PROVISIONAL_LEXICAL_REVIEW
107,115,right,ESSENTIAL,DIRECT_FALLBACK,,,,,,,PROVISIONAL_LEXICAL_REVIEW
108,116,said,ESSENTIAL,DIRECT_FALLBACK,,,,,,,PROVISIONAL_LEXICAL_REVIEW
109,117,too,ESSENTIAL,MATRYOSHKA_CONNECTED,3,,to,,took,,PROVISIONAL_LEXICAL_REVIEW
110,118,years,ESSENTIAL,MATRYOSHKA_CONNECTED,24,,year,,,,PROVISIONAL_LEXICAL_REVIEW
111,119,work,ESSENTIAL,MATRYOSHKA_CONNECTED,25,,,,works,,PROVISIONAL_LEXICAL_REVIEW
112,120,being,ESSENTIAL,DIRECT_FALLBACK,,,,,,,PROVISIONAL_LEXICAL_REVIEW
113,121,here,ESSENTIAL,MATRYOSHKA_CONNECTED,1,,her,there;where,,,PROVISIONAL_LEXICAL_REVIEW
114,122,before,ESSENTIAL,DIRECT_FALLBACK,,,,,,,PROVISIONAL_LEXICAL_REVIEW
115,123,day,ESSENTIAL,MATRYOSHKA_CONNECTED,26,,,,days,,PROVISIONAL_LEXICAL_REVIEW
116,124,really,ESSENTIAL,DIRECT_FALLBACK,,,,,,,PROVISIONAL_LEXICAL_REVIEW
117,125,made,ESSENTIAL,MATRYOSHKA_CONNECTED,4,,mad,,,,PROVISIONAL_LEXICAL_REVIEW
118,126,many,ESSENTIAL,MATRYOSHKA_CONNECTED,4,any,man,,,,PROVISIONAL_LEXICAL_REVIEW
119,127,world,ESSENTIAL,DIRECT_FALLBACK,,,,,,,PROVISIONAL_LEXICAL_REVIEW
120,128,year,ESSENTIAL,MATRYOSHKA_CONNECTED,24,,,,years,,PROVISIONAL_LEXICAL_REVIEW
121,129,going,ESSENTIAL,DIRECT_FALLBACK,,,,,,,PROVISIONAL_LEXICAL_REVIEW
122,130,off,ESSENTIAL,MATRYOSHKA_CONNECTED,2,,of,,,,PROVISIONAL_LEXICAL_REVIEW
123,131,still,ESSENTIAL,DIRECT_FALLBACK,,,,,,,PROVISIONAL_LEXICAL_REVIEW
124,132,take,ESSENTIAL,MATRYOSHKA_CONNECTED,27,,,,taken,,PROVISIONAL_LEXICAL_REVIEW
125,133,those,ESSENTIAL,DIRECT_FALLBACK,,,,,,,PROVISIONAL_LEXICAL_REVIEW
126,134,why,ESSENTIAL,DIRECT_FALLBACK,,,,,,,PROVISIONAL_LEXICAL_REVIEW
127,135,never,ESSENTIAL,MATRYOSHKA_CONNECTED,22,ever,,,,,PROVISIONAL_LEXICAL_REVIEW
128,136,got,ESSENTIAL,MATRYOSHKA_CONNECTED,18,,go,,,,PROVISIONAL_LEXICAL_REVIEW
129,137,life,ESSENTIAL,DIRECT_FALLBACK,,,,,,,PROVISIONAL_LEXICAL_REVIEW
130,138,say,ESSENTIAL,MATRYOSHKA_CONNECTED,28,,,,says,,PROVISIONAL_LEXICAL_REVIEW
131,139,such,ESSENTIAL,DIRECT_FALLBACK,,,,,,,PROVISIONAL_LEXICAL_REVIEW
132,140,through,ESSENTIAL,DIRECT_FALLBACK,,,,,,,PROVISIONAL_LEXICAL_REVIEW
133,142,down,ESSENTIAL,MATRYOSHKA_CONNECTED,29,own,,,,,PROVISIONAL_LEXICAL_REVIEW
134,144,great,ESSENTIAL,DIRECT_FALLBACK,,,,,,,PROVISIONAL_LEXICAL_REVIEW
135,145,last,ESSENTIAL,DIRECT_FALLBACK,,,,,,,PROVISIONAL_LEXICAL_REVIEW
136,146,man,ESSENTIAL,MATRYOSHKA_CONNECTED,4,an,,,many,,PROVISIONAL_LEXICAL_REVIEW
137,147,while,ESSENTIAL,DIRECT_FALLBACK,,,,,,,PROVISIONAL_LEXICAL_REVIEW
138,148,use,ESSENTIAL,MATRYOSHKA_CONNECTED,20,,us,,used,,PROVISIONAL_LEXICAL_REVIEW
139,149,between,ESSENTIAL,DIRECT_FALLBACK,,,,,,,PROVISIONAL_LEXICAL_REVIEW
140,150,used,ESSENTIAL,MATRYOSHKA_CONNECTED,20,,use,,,,PROVISIONAL_LEXICAL_REVIEW
141,151,long,ESSENTIAL,MATRYOSHKA_CONNECTED,30,,,along,,,PROVISIONAL_LEXICAL_REVIEW
142,152,same,ESSENTIAL,DIRECT_FALLBACK,,,,,,,PROVISIONAL_LEXICAL_REVIEW
143,154,three,ESSENTIAL,DIRECT_FALLBACK,,,,,,,PROVISIONAL_LEXICAL_REVIEW
144,155,both,ESSENTIAL,DIRECT_FALLBACK,,,,,,,PROVISIONAL_LEXICAL_REVIEW
145,157,part,ESSENTIAL,MATRYOSHKA_CONNECTED,31,,,,party,,PROVISIONAL_LEXICAL_REVIEW
146,158,something,ESSENTIAL,DIRECT_FALLBACK,,,,,,,PROVISIONAL_LEXICAL_REVIEW
147,159,am,ESSENTIAL,MATRYOSHKA_CONNECTED,4,,a,,,,PROVISIONAL_LEXICAL_REVIEW
148,160,best,ESSENTIAL,DIRECT_FALLBACK,,,,,,,PROVISIONAL_LEXICAL_REVIEW
149,161,come,ESSENTIAL,MATRYOSHKA_CONNECTED,32,,,,comes,,PROVISIONAL_LEXICAL_REVIEW
150,162,love,ESSENTIAL,DIRECT_FALLBACK,,,,,,,PROVISIONAL_LEXICAL_REVIEW
151,163,under,ESSENTIAL,DIRECT_FALLBACK,,,,,,,PROVISIONAL_LEXICAL_REVIEW
152,164,look,ESSENTIAL,MATRYOSHKA_CONNECTED,33,,,,looks,,PROVISIONAL_LEXICAL_REVIEW
153,165,since,ESSENTIAL,DIRECT_FALLBACK,,,,,,,PROVISIONAL_LEXICAL_REVIEW
154,167,does,ESSENTIAL,DIRECT_FALLBACK,,,,,,,PROVISIONAL_LEXICAL_REVIEW
155,168,every,ESSENTIAL,MATRYOSHKA_CONNECTED,22,very,ever,,,,PROVISIONAL_LEXICAL_REVIEW
156,169,must,ESSENTIAL,DIRECT_FALLBACK,,,,,,,PROVISIONAL_LEXICAL_REVIEW
157,170,always,ESSENTIAL,DIRECT_FALLBACK,,,,,,,PROVISIONAL_LEXICAL_REVIEW
158,171,better,ESSENTIAL,DIRECT_FALLBACK,,,,,,,PROVISIONAL_LEXICAL_REVIEW
159,172,little,ESSENTIAL,DIRECT_FALLBACK,,,,,,,PROVISIONAL_LEXICAL_REVIEW
160,173,old,ESSENTIAL,MATRYOSHKA_CONNECTED,34,,,told,,,PROVISIONAL_LEXICAL_REVIEW
161,174,another,ESSENTIAL,DIRECT_FALLBACK,,,,,,,PROVISIONAL_LEXICAL_REVIEW
162,175,during,ESSENTIAL,DIRECT_FALLBACK,,,,,,,PROVISIONAL_LEXICAL_REVIEW
163,176,find,ESSENTIAL,DIRECT_FALLBACK,,,,,,,PROVISIONAL_LEXICAL_REVIEW
164,177,high,ESSENTIAL,DIRECT_FALLBACK,,,,,,,PROVISIONAL_LEXICAL_REVIEW
165,178,home,ESSENTIAL,DIRECT_FALLBACK,,,,,,,PROVISIONAL_LEXICAL_REVIEW
166,179,place,ESSENTIAL,DIRECT_FALLBACK,,,,,,,PROVISIONAL_LEXICAL_REVIEW
167,181,around,ESSENTIAL,DIRECT_FALLBACK,,,,,,,PROVISIONAL_LEXICAL_REVIEW
168,182,own,ESSENTIAL,MATRYOSHKA_CONNECTED,29,,,down,,,PROVISIONAL_LEXICAL_REVIEW
169,183,state,ESSENTIAL,MATRYOSHKA_CONNECTED,35,,,,states,,PROVISIONAL_LEXICAL_REVIEW
170,184,each,ESSENTIAL,DIRECT_FALLBACK,,,,,,,PROVISIONAL_LEXICAL_REVIEW
171,185,give,ESSENTIAL,MATRYOSHKA_CONNECTED,36,,,,given,,PROVISIONAL_LEXICAL_REVIEW
172,186,help,ESSENTIAL,DIRECT_FALLBACK,,,,,,,PROVISIONAL_LEXICAL_REVIEW
174,188,things,ESSENTIAL,MATRYOSHKA_CONNECTED,37,,thing,,,,PROVISIONAL_LEXICAL_REVIEW
175,189,again,ESSENTIAL,DIRECT_FALLBACK,,,,,,,PROVISIONAL_LEXICAL_REVIEW
176,190,against,ESSENTIAL,DIRECT_FALLBACK,,,,,,,PROVISIONAL_LEXICAL_REVIEW
177,191,found,ESSENTIAL,DIRECT_FALLBACK,,,,,,,PROVISIONAL_LEXICAL_REVIEW
178,192,game,ESSENTIAL,MATRYOSHKA_CONNECTED,38,,,,games,,PROVISIONAL_LEXICAL_REVIEW
179,194,school,ESSENTIAL,DIRECT_FALLBACK,,,,,,,PROVISIONAL_LEXICAL_REVIEW
180,195,without,ESSENTIAL,DIRECT_FALLBACK,,,,,,,PROVISIONAL_LEXICAL_REVIEW
181,196,end,ESSENTIAL,DIRECT_FALLBACK,,,,,,,PROVISIONAL_LEXICAL_REVIEW
182,197,thing,ESSENTIAL,MATRYOSHKA_CONNECTED,37,,,,things,,PROVISIONAL_LEXICAL_REVIEW
183,198,government,ESSENTIAL,DIRECT_FALLBACK,,,,,,,PROVISIONAL_LEXICAL_REVIEW
184,199,house,ESSENTIAL,DIRECT_FALLBACK,,,,,,,PROVISIONAL_LEXICAL_REVIEW
185,200,next,ESSENTIAL,DIRECT_FALLBACK,,,,,,,PROVISIONAL_LEXICAL_REVIEW
186,201,please,ESSENTIAL,DIRECT_FALLBACK,,,,,,,PROVISIONAL_LEXICAL_REVIEW
187,202,god,ESSENTIAL,MATRYOSHKA_CONNECTED,18,,go,,,,PROVISIONAL_LEXICAL_REVIEW
188,203,ever,ESSENTIAL,MATRYOSHKA_CONNECTED,22,,,never,every,,PROVISIONAL_LEXICAL_REVIEW
189,204,family,ESSENTIAL,DIRECT_FALLBACK,,,,,,,PROVISIONAL_LEXICAL_REVIEW
190,205,feel,ESSENTIAL,DIRECT_FALLBACK,,,,,,,PROVISIONAL_LEXICAL_REVIEW
191,206,might,ESSENTIAL,DIRECT_FALLBACK,,,,,,,PROVISIONAL_LEXICAL_REVIEW
192,207,put,ESSENTIAL,DIRECT_FALLBACK,,,,,,,PROVISIONAL_LEXICAL_REVIEW
193,208,however,ESSENTIAL,DIRECT_FALLBACK,,,,,,,PROVISIONAL_LEXICAL_REVIEW
194,209,name,ESSENTIAL,DIRECT_FALLBACK,,,,,,,PROVISIONAL_LEXICAL_REVIEW
195,210,number,ESSENTIAL,DIRECT_FALLBACK,,,,,,,PROVISIONAL_LEXICAL_REVIEW
196,211,second,ESSENTIAL,DIRECT_FALLBACK,,,,,,,PROVISIONAL_LEXICAL_REVIEW
197,212,show,ESSENTIAL,MATRYOSHKA_CONNECTED,14,how,,,,,PROVISIONAL_LEXICAL_REVIEW
198,214,left,ESSENTIAL,DIRECT_FALLBACK,,,,,,,PROVISIONAL_LEXICAL_REVIEW
199,215,big,ESSENTIAL,DIRECT_FALLBACK,,,,,,,PROVISIONAL_LEXICAL_REVIEW
200,217,keep,ESSENTIAL,DIRECT_FALLBACK,,,,,,,PROVISIONAL_LEXICAL_REVIEW
201,218,night,ESSENTIAL,DIRECT_FALLBACK,,,,,,,PROVISIONAL_LEXICAL_REVIEW
202,219,sure,ESSENTIAL,DIRECT_FALLBACK,,,,,,,PROVISIONAL_LEXICAL_REVIEW
203,221,set,ESSENTIAL,DIRECT_FALLBACK,,,,,,,PROVISIONAL_LEXICAL_REVIEW
204,222,team,ESSENTIAL,DIRECT_FALLBACK,,,,,,,PROVISIONAL_LEXICAL_REVIEW
205,223,until,ESSENTIAL,DIRECT_FALLBACK,,,,,,,PROVISIONAL_LEXICAL_REVIEW
206,224,away,ESSENTIAL,MATRYOSHKA_CONNECTED,21,way,,,,,PROVISIONAL_LEXICAL_REVIEW
207,225,called,ESSENTIAL,DIRECT_FALLBACK,,,,,,,PROVISIONAL_LEXICAL_REVIEW
208,226,case,ESSENTIAL,DIRECT_FALLBACK,,,,,,,PROVISIONAL_LEXICAL_REVIEW
209,227,days,ESSENTIAL,MATRYOSHKA_CONNECTED,26,,day,,,,PROVISIONAL_LEXICAL_REVIEW
210,228,different,ESSENTIAL,DIRECT_FALLBACK,,,,,,,PROVISIONAL_LEXICAL_REVIEW
211,229,group,ESSENTIAL,DIRECT_FALLBACK,,,,,,,PROVISIONAL_LEXICAL_REVIEW
212,230,money,ESSENTIAL,DIRECT_FALLBACK,,,,,,,PROVISIONAL_LEXICAL_REVIEW
213,231,let,ESSENTIAL,DIRECT_FALLBACK,,,,,,,PROVISIONAL_LEXICAL_REVIEW
214,232,someone,ESSENTIAL,DIRECT_FALLBACK,,,,,,,PROVISIONAL_LEXICAL_REVIEW
215,233,thought,ESSENTIAL,MATRYOSHKA_CONNECTED,39,,though,,,,PROVISIONAL_LEXICAL_REVIEW
216,234,already,ESSENTIAL,DIRECT_FALLBACK,,,,,,,PROVISIONAL_LEXICAL_REVIEW
217,235,city,ESSENTIAL,DIRECT_FALLBACK,,,,,,,PROVISIONAL_LEXICAL_REVIEW
219,237,play,ESSENTIAL,DIRECT_FALLBACK,,,,,,,PROVISIONAL_LEXICAL_REVIEW
220,238,public,ESSENTIAL,DIRECT_FALLBACK,,,,,,,PROVISIONAL_LEXICAL_REVIEW
221,239,system,ESSENTIAL,DIRECT_FALLBACK,,,,,,,PROVISIONAL_LEXICAL_REVIEW
222,240,doing,ESSENTIAL,DIRECT_FALLBACK,,,,,,,PROVISIONAL_LEXICAL_REVIEW
223,241,done,ESSENTIAL,MATRYOSHKA_CONNECTED,8,one,don,,,,PROVISIONAL_LEXICAL_REVIEW
224,242,few,ESSENTIAL,DIRECT_FALLBACK,,,,,,,PROVISIONAL_LEXICAL_REVIEW
225,243,national,ESSENTIAL,DIRECT_FALLBACK,,,,,,,PROVISIONAL_LEXICAL_REVIEW
226,244,real,ESSENTIAL,DIRECT_FALLBACK,,,,,,,PROVISIONAL_LEXICAL_REVIEW
227,245,free,ESSENTIAL,DIRECT_FALLBACK,,,,,,,PROVISIONAL_LEXICAL_REVIEW
228,246,having,ESSENTIAL,DIRECT_FALLBACK,,,,,,,PROVISIONAL_LEXICAL_REVIEW
229,247,person,ESSENTIAL,DIRECT_FALLBACK,,,,,,,PROVISIONAL_LEXICAL_REVIEW
230,248,change,ESSENTIAL,DIRECT_FALLBACK,,,,,,,PROVISIONAL_LEXICAL_REVIEW
232,250,general,ESSENTIAL,DIRECT_FALLBACK,,,,,,,PROVISIONAL_LEXICAL_REVIEW
233,251,lot,ESSENTIAL,DIRECT_FALLBACK,,,,,,,PROVISIONAL_LEXICAL_REVIEW
234,252,point,ESSENTIAL,DIRECT_FALLBACK,,,,,,,PROVISIONAL_LEXICAL_REVIEW
235,253,times,ESSENTIAL,MATRYOSHKA_CONNECTED,12,,time,,,,PROVISIONAL_LEXICAL_REVIEW
236,254,women,ESSENTIAL,DIRECT_FALLBACK,,,,,,,PROVISIONAL_LEXICAL_REVIEW
237,255,yet,ESSENTIAL,DIRECT_FALLBACK,,,,,,,PROVISIONAL_LEXICAL_REVIEW
238,257,anything,ESSENTIAL,DIRECT_FALLBACK,,,,,,,PROVISIONAL_LEXICAL_REVIEW
239,258,care,ESSENTIAL,MATRYOSHKA_CONNECTED,9,are,car,,,,PROVISIONAL_LEXICAL_REVIEW
241,260,four,ESSENTIAL,MATRYOSHKA_CONNECTED,7,our,,,,,PROVISIONAL_LEXICAL_REVIEW
242,261,including,ESSENTIAL,DIRECT_FALLBACK,,,,,,,PROVISIONAL_LEXICAL_REVIEW
243,262,nothing,ESSENTIAL,DIRECT_FALLBACK,,,,,,,PROVISIONAL_LEXICAL_REVIEW
244,263,today,ESSENTIAL,DIRECT_FALLBACK,,,,,,,PROVISIONAL_LEXICAL_REVIEW
245,264,water,ESSENTIAL,DIRECT_FALLBACK,,,,,,,PROVISIONAL_LEXICAL_REVIEW
246,265,bad,ESSENTIAL,MATRYOSHKA_CONNECTED,4,ad,,,,,PROVISIONAL_LEXICAL_REVIEW
247,266,business,ESSENTIAL,DIRECT_FALLBACK,,,,,,,PROVISIONAL_LEXICAL_REVIEW
248,267,children,ESSENTIAL,DIRECT_FALLBACK,,,,,,,PROVISIONAL_LEXICAL_REVIEW
249,268,company,ESSENTIAL,DIRECT_FALLBACK,,,,,,,PROVISIONAL_LEXICAL_REVIEW
250,269,everything,ESSENTIAL,DIRECT_FALLBACK,,,,,,,PROVISIONAL_LEXICAL_REVIEW
251,270,live,ESSENTIAL,DIRECT_FALLBACK,,,,,,,PROVISIONAL_LEXICAL_REVIEW
252,271,mean,ESSENTIAL,MATRYOSHKA_CONNECTED,40,,,,means,,PROVISIONAL_LEXICAL_REVIEW
253,272,once,ESSENTIAL,DIRECT_FALLBACK,,,,,,,PROVISIONAL_LEXICAL_REVIEW
254,273,power,ESSENTIAL,DIRECT_FALLBACK,,,,,,,PROVISIONAL_LEXICAL_REVIEW
255,274,thanks,ESSENTIAL,MATRYOSHKA_CONNECTED,16,,thank,,,,PROVISIONAL_LEXICAL_REVIEW
256,275,told,ESSENTIAL,MATRYOSHKA_CONNECTED,34,old,,,,,PROVISIONAL_LEXICAL_REVIEW
257,276,came,ESSENTIAL,DIRECT_FALLBACK,,,,,,,PROVISIONAL_LEXICAL_REVIEW
258,277,country,ESSENTIAL,DIRECT_FALLBACK,,,,,,,PROVISIONAL_LEXICAL_REVIEW
259,278,enough,ESSENTIAL,DIRECT_FALLBACK,,,,,,,PROVISIONAL_LEXICAL_REVIEW
260,279,following,ESSENTIAL,DIRECT_FALLBACK,,,,,,,PROVISIONAL_LEXICAL_REVIEW
261,280,getting,ESSENTIAL,DIRECT_FALLBACK,,,,,,,PROVISIONAL_LEXICAL_REVIEW
262,281,head,ESSENTIAL,DIRECT_FALLBACK,,,,,,,PROVISIONAL_LEXICAL_REVIEW
263,282,later,ESSENTIAL,MATRYOSHKA_CONNECTED,41,,late,,,,PROVISIONAL_LEXICAL_REVIEW
264,283,looking,ESSENTIAL,DIRECT_FALLBACK,,,,,,,PROVISIONAL_LEXICAL_REVIEW
265,284,seen,ESSENTIAL,MATRYOSHKA_CONNECTED,17,,see,,,,PROVISIONAL_LEXICAL_REVIEW
266,285,small,ESSENTIAL,MATRYOSHKA_CONNECTED,10,mall,,,,,PROVISIONAL_LEXICAL_REVIEW
267,286,start,ESSENTIAL,DIRECT_FALLBACK,,,,,,,PROVISIONAL_LEXICAL_REVIEW
268,287,tell,ESSENTIAL,DIRECT_FALLBACK,,,,,,,PROVISIONAL_LEXICAL_REVIEW
269,288,took,ESSENTIAL,MATRYOSHKA_CONNECTED,3,,too,,,,PROVISIONAL_LEXICAL_REVIEW
270,289,top,ESSENTIAL,MATRYOSHKA_CONNECTED,3,,to,stop,,,PROVISIONAL_LEXICAL_REVIEW
271,290,went,ESSENTIAL,DIRECT_FALLBACK,,,,,,,PROVISIONAL_LEXICAL_REVIEW
272,291,based,ESSENTIAL,DIRECT_FALLBACK,,,,,,,PROVISIONAL_LEXICAL_REVIEW
273,292,far,ESSENTIAL,DIRECT_FALLBACK,,,,,,,PROVISIONAL_LEXICAL_REVIEW
274,293,law,ESSENTIAL,DIRECT_FALLBACK,,,,,,,PROVISIONAL_LEXICAL_REVIEW
275,294,less,ESSENTIAL,DIRECT_FALLBACK,,,,,,,PROVISIONAL_LEXICAL_REVIEW
276,295,making,ESSENTIAL,DIRECT_FALLBACK,,,,,,,PROVISIONAL_LEXICAL_REVIEW
277,296,music,ESSENTIAL,DIRECT_FALLBACK,,,,,,,PROVISIONAL_LEXICAL_REVIEW
278,297,order,ESSENTIAL,DIRECT_FALLBACK,,,,,,,PROVISIONAL_LEXICAL_REVIEW
279,298,party,ESSENTIAL,MATRYOSHKA_CONNECTED,31,,part,,,,PROVISIONAL_LEXICAL_REVIEW
280,299,states,ESSENTIAL,MATRYOSHKA_CONNECTED,35,,state,,,,PROVISIONAL_LEXICAL_REVIEW
281,300,though,ESSENTIAL,MATRYOSHKA_CONNECTED,39,,,,thought,,PROVISIONAL_LEXICAL_REVIEW
282,301,week,ESSENTIAL,DIRECT_FALLBACK,,,,,,,PROVISIONAL_LEXICAL_REVIEW
283,302,call,ESSENTIAL,MATRYOSHKA_CONNECTED,10,all,,,,,PROVISIONAL_LEXICAL_REVIEW
284,303,full,ESSENTIAL,DIRECT_FALLBACK,,,,,,,PROVISIONAL_LEXICAL_REVIEW
285,304,hard,ESSENTIAL,DIRECT_FALLBACK,,,,,,,PROVISIONAL_LEXICAL_REVIEW
286,305,men,ESSENTIAL,MATRYOSHKA_CONNECTED,11,,me,,,,PROVISIONAL_LEXICAL_REVIEW
287,306,war,ESSENTIAL,DIRECT_FALLBACK,,,,,,,PROVISIONAL_LEXICAL_REVIEW
288,307,yes,ESSENTIAL,DIRECT_FALLBACK,,,,,,,PROVISIONAL_LEXICAL_REVIEW
289,310,read,ESSENTIAL,DIRECT_FALLBACK,,,,,,,PROVISIONAL_LEXICAL_REVIEW
290,311,side,ESSENTIAL,DIRECT_FALLBACK,,,,,,,PROVISIONAL_LEXICAL_REVIEW
291,312,stop,ESSENTIAL,MATRYOSHKA_CONNECTED,3,top,,,,,PROVISIONAL_LEXICAL_REVIEW
292,313,support,ESSENTIAL,DIRECT_FALLBACK,,,,,,,PROVISIONAL_LEXICAL_REVIEW
293,314,thank,ESSENTIAL,MATRYOSHKA_CONNECTED,16,,than,,thanks,,PROVISIONAL_LEXICAL_REVIEW
294,315,believe,ESSENTIAL,DIRECT_FALLBACK,,,,,,,PROVISIONAL_LEXICAL_REVIEW
295,316,line,ESSENTIAL,DIRECT_FALLBACK,,,,,,,PROVISIONAL_LEXICAL_REVIEW
296,317,oh,ESSENTIAL,DIRECT_FALLBACK,,,,,,,PROVISIONAL_LEXICAL_REVIEW
297,318,open,ESSENTIAL,DIRECT_FALLBACK,,,,,,,PROVISIONAL_LEXICAL_REVIEW
298,319,area,ESSENTIAL,MATRYOSHKA_CONNECTED,9,,are,,,,PROVISIONAL_LEXICAL_REVIEW
299,322,important,ESSENTIAL,DIRECT_FALLBACK,,,,,,,PROVISIONAL_LEXICAL_REVIEW
300,323,run,ESSENTIAL,DIRECT_FALLBACK,,,,,,,PROVISIONAL_LEXICAL_REVIEW
301,324,using,ESSENTIAL,MATRYOSHKA_CONNECTED,5,sing,,,,,PROVISIONAL_LEXICAL_REVIEW
302,325,whole,ESSENTIAL,DIRECT_FALLBACK,,,,,,,PROVISIONAL_LEXICAL_REVIEW
303,326,five,ESSENTIAL,DIRECT_FALLBACK,,,,,,,PROVISIONAL_LEXICAL_REVIEW
304,327,international,ESSENTIAL,DIRECT_FALLBACK,,,,,,,PROVISIONAL_LEXICAL_REVIEW
305,328,try,ESSENTIAL,DIRECT_FALLBACK,,,,,,,PROVISIONAL_LEXICAL_REVIEW
306,329,white,ESSENTIAL,DIRECT_FALLBACK,,,,,,,PROVISIONAL_LEXICAL_REVIEW
307,330,course,ESSENTIAL,DIRECT_FALLBACK,,,,,,,PROVISIONAL_LEXICAL_REVIEW
308,331,early,ESSENTIAL,DIRECT_FALLBACK,,,,,,,PROVISIONAL_LEXICAL_REVIEW
309,332,face,ESSENTIAL,DIRECT_FALLBACK,,,,,,,PROVISIONAL_LEXICAL_REVIEW
310,333,given,ESSENTIAL,MATRYOSHKA_CONNECTED,36,,give,,,,PROVISIONAL_LEXICAL_REVIEW
311,334,job,ESSENTIAL,DIRECT_FALLBACK,,,,,,,PROVISIONAL_LEXICAL_REVIEW
312,335,means,ESSENTIAL,MATRYOSHKA_CONNECTED,40,,mean,,,,PROVISIONAL_LEXICAL_REVIEW
313,336,says,ESSENTIAL,MATRYOSHKA_CONNECTED,28,,say,,,,PROVISIONAL_LEXICAL_REVIEW
314,337,social,ESSENTIAL,DIRECT_FALLBACK,,,,,,,PROVISIONAL_LEXICAL_REVIEW
315,339,together,ESSENTIAL,DIRECT_FALLBACK,,,,,,,PROVISIONAL_LEXICAL_REVIEW
316,340,united,ESSENTIAL,DIRECT_FALLBACK,,,,,,,PROVISIONAL_LEXICAL_REVIEW
317,341,within,ESSENTIAL,DIRECT_FALLBACK,,,,,,,PROVISIONAL_LEXICAL_REVIEW
318,342,working,ESSENTIAL,DIRECT_FALLBACK,,,,,,,PROVISIONAL_LEXICAL_REVIEW
319,343,young,ESSENTIAL,DIRECT_FALLBACK,,,,,,,PROVISIONAL_LEXICAL_REVIEW
320,344,actually,ESSENTIAL,DIRECT_FALLBACK,,,,,,,PROVISIONAL_LEXICAL_REVIEW
322,346,black,ESSENTIAL,DIRECT_FALLBACK,,,,,,,PROVISIONAL_LEXICAL_REVIEW
323,347,kind,ESSENTIAL,DIRECT_FALLBACK,,,,,,,PROVISIONAL_LEXICAL_REVIEW
324,348,mind,ESSENTIAL,DIRECT_FALLBACK,,,,,,,PROVISIONAL_LEXICAL_REVIEW
325,349,fact,ESSENTIAL,MATRYOSHKA_CONNECTED,42,act,,,,,PROVISIONAL_LEXICAL_REVIEW
326,350,least,ESSENTIAL,DIRECT_FALLBACK,,,,,,,PROVISIONAL_LEXICAL_REVIEW
327,351,makes,ESSENTIAL,MATRYOSHKA_CONNECTED,19,,make,,,,PROVISIONAL_LEXICAL_REVIEW
328,352,per,ESSENTIAL,DIRECT_FALLBACK,,,,,,,PROVISIONAL_LEXICAL_REVIEW
329,353,service,ESSENTIAL,DIRECT_FALLBACK,,,,,,,PROVISIONAL_LEXICAL_REVIEW
331,355,trying,ESSENTIAL,DIRECT_FALLBACK,,,,,,,PROVISIONAL_LEXICAL_REVIEW
332,357,able,ESSENTIAL,DIRECT_FALLBACK,,,,,,,PROVISIONAL_LEXICAL_REVIEW
333,358,become,ESSENTIAL,DIRECT_FALLBACK,,,,,,,PROVISIONAL_LEXICAL_REVIEW
334,359,car,ESSENTIAL,MATRYOSHKA_CONNECTED,9,,,,care,,PROVISIONAL_LEXICAL_REVIEW
335,360,death,ESSENTIAL,DIRECT_FALLBACK,,,,,,,PROVISIONAL_LEXICAL_REVIEW
336,361,everyone,ESSENTIAL,DIRECT_FALLBACK,,,,,,,PROVISIONAL_LEXICAL_REVIEW
337,362,food,ESSENTIAL,DIRECT_FALLBACK,,,,,,,PROVISIONAL_LEXICAL_REVIEW
338,363,information,ESSENTIAL,DIRECT_FALLBACK,,,,,,,PROVISIONAL_LEXICAL_REVIEW
339,364,level,ESSENTIAL,DIRECT_FALLBACK,,,,,,,PROVISIONAL_LEXICAL_REVIEW
340,365,local,ESSENTIAL,DIRECT_FALLBACK,,,,,,,PROVISIONAL_LEXICAL_REVIEW
341,366,often,ESSENTIAL,DIRECT_FALLBACK,,,,,,,PROVISIONAL_LEXICAL_REVIEW
342,367,others,ESSENTIAL,MATRYOSHKA_CONNECTED,15,,other,,,,PROVISIONAL_LEXICAL_REVIEW
343,368,several,ESSENTIAL,DIRECT_FALLBACK,,,,,,,PROVISIONAL_LEXICAL_REVIEW
344,369,true,ESSENTIAL,DIRECT_FALLBACK,,,,,,,PROVISIONAL_LEXICAL_REVIEW
345,370,control,ESSENTIAL,DIRECT_FALLBACK,,,,,,,PROVISIONAL_LEXICAL_REVIEW
346,371,friends,ESSENTIAL,MATRYOSHKA_CONNECTED,43,,friend,,,,PROVISIONAL_LEXICAL_REVIEW
347,372,games,ESSENTIAL,MATRYOSHKA_CONNECTED,38,,game,,,,PROVISIONAL_LEXICAL_REVIEW
348,373,half,ESSENTIAL,DIRECT_FALLBACK,,,,,,,PROVISIONAL_LEXICAL_REVIEW
349,374,maybe,ESSENTIAL,DIRECT_FALLBACK,,,,,,,PROVISIONAL_LEXICAL_REVIEW
350,375,news,ESSENTIAL,MATRYOSHKA_CONNECTED,13,,new,,,,PROVISIONAL_LEXICAL_REVIEW
351,376,problem,ESSENTIAL,DIRECT_FALLBACK,,,,,,,PROVISIONAL_LEXICAL_REVIEW
352,377,air,ESSENTIAL,DIRECT_FALLBACK,,,,,,,PROVISIONAL_LEXICAL_REVIEW
354,379,body,ESSENTIAL,DIRECT_FALLBACK,,,,,,,PROVISIONAL_LEXICAL_REVIEW
355,380,book,ESSENTIAL,DIRECT_FALLBACK,,,,,,,PROVISIONAL_LEXICAL_REVIEW
356,381,guys,ESSENTIAL,MATRYOSHKA_CONNECTED,44,,guy,,,,PROVISIONAL_LEXICAL_REVIEW
357,382,hand,ESSENTIAL,MATRYOSHKA_CONNECTED,4,and,,,,,PROVISIONAL_LEXICAL_REVIEW
358,383,health,ESSENTIAL,DIRECT_FALLBACK,,,,,,,PROVISIONAL_LEXICAL_REVIEW
359,384,hope,ESSENTIAL,DIRECT_FALLBACK,,,,,,,PROVISIONAL_LEXICAL_REVIEW
360,385,human,ESSENTIAL,DIRECT_FALLBACK,,,,,,,PROVISIONAL_LEXICAL_REVIEW
361,386,known,ESSENTIAL,MATRYOSHKA_CONNECTED,8,,know,,,,PROVISIONAL_LEXICAL_REVIEW
362,387,large,ESSENTIAL,DIRECT_FALLBACK,,,,,,,PROVISIONAL_LEXICAL_REVIEW
364,389,president,ESSENTIAL,DIRECT_FALLBACK,,,,,,,PROVISIONAL_LEXICAL_REVIEW
365,390,talk,ESSENTIAL,DIRECT_FALLBACK,,,,,,,PROVISIONAL_LEXICAL_REVIEW
366,391,almost,ESSENTIAL,DIRECT_FALLBACK,,,,,,,PROVISIONAL_LEXICAL_REVIEW
367,392,court,ESSENTIAL,DIRECT_FALLBACK,,,,,,,PROVISIONAL_LEXICAL_REVIEW
368,393,friend,ESSENTIAL,MATRYOSHKA_CONNECTED,43,,,,friends,,PROVISIONAL_LEXICAL_REVIEW
369,394,history,ESSENTIAL,DIRECT_FALLBACK,,,,,,,PROVISIONAL_LEXICAL_REVIEW
370,395,hours,ESSENTIAL,MATRYOSHKA_CONNECTED,7,,hour,,,,PROVISIONAL_LEXICAL_REVIEW
371,396,lost,ESSENTIAL,DIRECT_FALLBACK,,,,,,,PROVISIONAL_LEXICAL_REVIEW
372,397,members,ESSENTIAL,DIRECT_FALLBACK,,,,,,,PROVISIONAL_LEXICAL_REVIEW
373,398,possible,ESSENTIAL,DIRECT_FALLBACK,,,,,,,PROVISIONAL_LEXICAL_REVIEW
374,399,season,ESSENTIAL,DIRECT_FALLBACK,,,,,,,PROVISIONAL_LEXICAL_REVIEW
375,400,south,ESSENTIAL,DIRECT_FALLBACK,,,,,,,PROVISIONAL_LEXICAL_REVIEW
376,401,story,ESSENTIAL,DIRECT_FALLBACK,,,,,,,PROVISIONAL_LEXICAL_REVIEW
377,402,video,ESSENTIAL,DIRECT_FALLBACK,,,,,,,PROVISIONAL_LEXICAL_REVIEW
378,403,yeah,ESSENTIAL,DIRECT_FALLBACK,,,,,,,PROVISIONAL_LEXICAL_REVIEW
379,404,among,ESSENTIAL,DIRECT_FALLBACK,,,,,,,PROVISIONAL_LEXICAL_REVIEW
380,405,class,ESSENTIAL,DIRECT_FALLBACK,,,,,,,PROVISIONAL_LEXICAL_REVIEW
381,406,else,ESSENTIAL,DIRECT_FALLBACK,,,,,,,PROVISIONAL_LEXICAL_REVIEW
382,407,girl,ESSENTIAL,DIRECT_FALLBACK,,,,,,,PROVISIONAL_LEXICAL_REVIEW
383,408,nice,ESSENTIAL,DIRECT_FALLBACK,,,,,,,PROVISIONAL_LEXICAL_REVIEW
385,410,taking,ESSENTIAL,DIRECT_FALLBACK,,,,,,,PROVISIONAL_LEXICAL_REVIEW
386,411,wrong,ESSENTIAL,DIRECT_FALLBACK,,,,,,,PROVISIONAL_LEXICAL_REVIEW
387,414,act,ESSENTIAL,MATRYOSHKA_CONNECTED,42,,,fact,,,PROVISIONAL_LEXICAL_REVIEW
388,415,ago,ESSENTIAL,MATRYOSHKA_CONNECTED,18,go,,,,,PROVISIONAL_LEXICAL_REVIEW
390,417,close,ESSENTIAL,DIRECT_FALLBACK,,,,,,,PROVISIONAL_LEXICAL_REVIEW
391,418,coming,ESSENTIAL,DIRECT_FALLBACK,,,,,,,PROVISIONAL_LEXICAL_REVIEW
392,419,guy,ESSENTIAL,MATRYOSHKA_CONNECTED,44,,,,guys,,PROVISIONAL_LEXICAL_REVIEW
393,420,matter,ESSENTIAL,DIRECT_FALLBACK,,,,,,,PROVISIONAL_LEXICAL_REVIEW
394,421,office,ESSENTIAL,DIRECT_FALLBACK,,,,,,,PROVISIONAL_LEXICAL_REVIEW
395,422,political,ESSENTIAL,DIRECT_FALLBACK,,,,,,,PROVISIONAL_LEXICAL_REVIEW
396,423,question,ESSENTIAL,DIRECT_FALLBACK,,,,,,,PROVISIONAL_LEXICAL_REVIEW
397,424,room,ESSENTIAL,DIRECT_FALLBACK,,,,,,,PROVISIONAL_LEXICAL_REVIEW
398,425,single,ESSENTIAL,DIRECT_FALLBACK,,,,,,,PROVISIONAL_LEXICAL_REVIEW
399,426,taken,ESSENTIAL,MATRYOSHKA_CONNECTED,27,,take,,,,PROVISIONAL_LEXICAL_REVIEW
400,427,wait,ESSENTIAL,DIRECT_FALLBACK,,,,,,,PROVISIONAL_LEXICAL_REVIEW
401,429,along,ESSENTIAL,MATRYOSHKA_CONNECTED,30,long,,,,,PROVISIONAL_LEXICAL_REVIEW
402,430,although,ESSENTIAL,DIRECT_FALLBACK,,,,,,,PROVISIONAL_LEXICAL_REVIEW
403,431,cause,ESSENTIAL,DIRECT_FALLBACK,,,,,,,PROVISIONAL_LEXICAL_REVIEW
404,432,late,ESSENTIAL,MATRYOSHKA_CONNECTED,41,,,,later,,PROVISIONAL_LEXICAL_REVIEW
405,433,remember,ESSENTIAL,DIRECT_FALLBACK,,,,,,,PROVISIONAL_LEXICAL_REVIEW
406,434,saw,ESSENTIAL,DIRECT_FALLBACK,,,,,,,PROVISIONAL_LEXICAL_REVIEW
407,437,ask,ESSENTIAL,MATRYOSHKA_CONNECTED,4,,as,,,,PROVISIONAL_LEXICAL_REVIEW
408,438,example,ESSENTIAL,DIRECT_FALLBACK,,,,,,,PROVISIONAL_LEXICAL_REVIEW
409,439,form,ESSENTIAL,MATRYOSHKA_CONNECTED,6,,for,,,,PROVISIONAL_LEXICAL_REVIEW
411,442,pay,ESSENTIAL,DIRECT_FALLBACK,,,,,,,PROVISIONAL_LEXICAL_REVIEW
412,443,post,ESSENTIAL,DIRECT_FALLBACK,,,,,,,PROVISIONAL_LEXICAL_REVIEW
413,444,research,ESSENTIAL,DIRECT_FALLBACK,,,,,,,PROVISIONAL_LEXICAL_REVIEW
414,445,saying,ESSENTIAL,DIRECT_FALLBACK,,,,,,,PROVISIONAL_LEXICAL_REVIEW
415,446,understand,ESSENTIAL,DIRECT_FALLBACK,,,,,,,PROVISIONAL_LEXICAL_REVIEW
416,447,university,ESSENTIAL,DIRECT_FALLBACK,,,,,,,PROVISIONAL_LEXICAL_REVIEW
417,448,according,ESSENTIAL,DIRECT_FALLBACK,,,,,,,PROVISIONAL_LEXICAL_REVIEW
418,449,due,ESSENTIAL,DIRECT_FALLBACK,,,,,,,PROVISIONAL_LEXICAL_REVIEW
419,450,either,ESSENTIAL,DIRECT_FALLBACK,,,,,,,PROVISIONAL_LEXICAL_REVIEW
421,452,hit,ESSENTIAL,MATRYOSHKA_CONNECTED,5,it,hi,,,,PROVISIONAL_LEXICAL_REVIEW
422,453,idea,ESSENTIAL,DIRECT_FALLBACK,,,,,,,PROVISIONAL_LEXICAL_REVIEW
423,454,million,ESSENTIAL,DIRECT_FALLBACK,,,,,,,PROVISIONAL_LEXICAL_REVIEW
424,455,months,ESSENTIAL,DIRECT_FALLBACK,,,,,,,PROVISIONAL_LEXICAL_REVIEW
425,456,needs,ESSENTIAL,MATRYOSHKA_CONNECTED,23,,need,,,,PROVISIONAL_LEXICAL_REVIEW
426,457,past,ESSENTIAL,DIRECT_FALLBACK,,,,,,,PROVISIONAL_LEXICAL_REVIEW
427,458,playing,ESSENTIAL,DIRECT_FALLBACK,,,,,,,PROVISIONAL_LEXICAL_REVIEW
428,459,pretty,ESSENTIAL,DIRECT_FALLBACK,,,,,,,PROVISIONAL_LEXICAL_REVIEW
429,460,probably,ESSENTIAL,DIRECT_FALLBACK,,,,,,,PROVISIONAL_LEXICAL_REVIEW
430,461,rather,ESSENTIAL,DIRECT_FALLBACK,,,,,,,PROVISIONAL_LEXICAL_REVIEW
431,462,soon,ESSENTIAL,DIRECT_FALLBACK,,,,,,,PROVISIONAL_LEXICAL_REVIEW
432,463,turn,ESSENTIAL,DIRECT_FALLBACK,,,,,,,PROVISIONAL_LEXICAL_REVIEW
433,464,whether,ESSENTIAL,DIRECT_FALLBACK,,,,,,,PROVISIONAL_LEXICAL_REVIEW
434,465,win,ESSENTIAL,MATRYOSHKA_CONNECTED,5,in,,,,,PROVISIONAL_LEXICAL_REVIEW
435,466,age,ESSENTIAL,DIRECT_FALLBACK,,,,,,,PROVISIONAL_LEXICAL_REVIEW
436,467,anyone,ESSENTIAL,DIRECT_FALLBACK,,,,,,,PROVISIONAL_LEXICAL_REVIEW
437,468,community,ESSENTIAL,DIRECT_FALLBACK,,,,,,,PROVISIONAL_LEXICAL_REVIEW
438,469,development,ESSENTIAL,DIRECT_FALLBACK,,,,,,,PROVISIONAL_LEXICAL_REVIEW
439,470,further,ESSENTIAL,DIRECT_FALLBACK,,,,,,,PROVISIONAL_LEXICAL_REVIEW
440,471,future,ESSENTIAL,DIRECT_FALLBACK,,,,,,,PROVISIONAL_LEXICAL_REVIEW
441,472,heart,ESSENTIAL,DIRECT_FALLBACK,,,,,,,PROVISIONAL_LEXICAL_REVIEW
442,473,leave,ESSENTIAL,DIRECT_FALLBACK,,,,,,,PROVISIONAL_LEXICAL_REVIEW
443,474,light,ESSENTIAL,DIRECT_FALLBACK,,,,,,,PROVISIONAL_LEXICAL_REVIEW
444,475,major,ESSENTIAL,DIRECT_FALLBACK,,,,,,,PROVISIONAL_LEXICAL_REVIEW
445,476,minutes,ESSENTIAL,DIRECT_FALLBACK,,,,,,,PROVISIONAL_LEXICAL_REVIEW
446,477,morning,ESSENTIAL,DIRECT_FALLBACK,,,,,,,PROVISIONAL_LEXICAL_REVIEW
447,478,north,ESSENTIAL,DIRECT_FALLBACK,,,,,,,PROVISIONAL_LEXICAL_REVIEW
448,479,started,ESSENTIAL,DIRECT_FALLBACK,,,,,,,PROVISIONAL_LEXICAL_REVIEW
450,481,action,ESSENTIAL,DIRECT_FALLBACK,,,,,,,PROVISIONAL_LEXICAL_REVIEW
451,482,child,ESSENTIAL,DIRECT_FALLBACK,,,,,,,PROVISIONAL_LEXICAL_REVIEW
453,484,father,ESSENTIAL,DIRECT_FALLBACK,,,,,,,PROVISIONAL_LEXICAL_REVIEW
455,487,low,ESSENTIAL,DIRECT_FALLBACK,,,,,,,PROVISIONAL_LEXICAL_REVIEW
456,488,move,ESSENTIAL,DIRECT_FALLBACK,,,,,,,PROVISIONAL_LEXICAL_REVIEW
457,489,police,ESSENTIAL,DIRECT_FALLBACK,,,,,,,PROVISIONAL_LEXICAL_REVIEW
459,491,special,ESSENTIAL,DIRECT_FALLBACK,,,,,,,PROVISIONAL_LEXICAL_REVIEW
460,492,third,ESSENTIAL,DIRECT_FALLBACK,,,,,,,PROVISIONAL_LEXICAL_REVIEW
461,493,wanted,ESSENTIAL,DIRECT_FALLBACK,,,,,,,PROVISIONAL_LEXICAL_REVIEW
462,494,woman,ESSENTIAL,DIRECT_FALLBACK,,,,,,,PROVISIONAL_LEXICAL_REVIEW
463,495,comes,ESSENTIAL,MATRYOSHKA_CONNECTED,32,,come,,,,PROVISIONAL_LEXICAL_REVIEW
464,496,data,ESSENTIAL,DIRECT_FALLBACK,,,,,,,PROVISIONAL_LEXICAL_REVIEW
465,497,happy,ESSENTIAL,DIRECT_FALLBACK,,,,,,,PROVISIONAL_LEXICAL_REVIEW
466,498,living,ESSENTIAL,DIRECT_FALLBACK,,,,,,,PROVISIONAL_LEXICAL_REVIEW
467,499,reason,ESSENTIAL,DIRECT_FALLBACK,,,,,,,PROVISIONAL_LEXICAL_REVIEW
468,500,red,ESSENTIAL,DIRECT_FALLBACK,,,,,,,PROVISIONAL_LEXICAL_REVIEW
469,501,report,ESSENTIAL,DIRECT_FALLBACK,,,,,,,PROVISIONAL_LEXICAL_REVIEW
470,502,short,ESSENTIAL,DIRECT_FALLBACK,,,,,,,PROVISIONAL_LEXICAL_REVIEW
471,503,sometimes,ESSENTIAL,DIRECT_FALLBACK,,,,,,,PROVISIONAL_LEXICAL_REVIEW
472,504,son,ESSENTIAL,MATRYOSHKA_CONNECTED,8,on,so,,,,PROVISIONAL_LEXICAL_REVIEW
473,505,stay,ESSENTIAL,DIRECT_FALLBACK,,,,,,,PROVISIONAL_LEXICAL_REVIEW
474,506,watch,ESSENTIAL,DIRECT_FALLBACK,,,,,,,PROVISIONAL_LEXICAL_REVIEW
475,508,bit,ESSENTIAL,MATRYOSHKA_CONNECTED,5,it,,,,,PROVISIONAL_LEXICAL_REVIEW
476,509,education,ESSENTIAL,DIRECT_FALLBACK,,,,,,,PROVISIONAL_LEXICAL_REVIEW
478,511,land,ESSENTIAL,MATRYOSHKA_CONNECTED,4,and,,,,,PROVISIONAL_LEXICAL_REVIEW
479,512,looks,ESSENTIAL,MATRYOSHKA_CONNECTED,33,,look,,,,PROVISIONAL_LEXICAL_REVIEW
480,513,myself,ESSENTIAL,DIRECT_FALLBACK,,,,,,,PROVISIONAL_LEXICAL_REVIEW
481,514,works,ESSENTIAL,MATRYOSHKA_CONNECTED,25,,work,,,,PROVISIONAL_LEXICAL_REVIEW
482,516,asked,ESSENTIAL,DIRECT_FALLBACK,,,,,,,PROVISIONAL_LEXICAL_REVIEW
483,517,deal,ESSENTIAL,DIRECT_FALLBACK,,,,,,,PROVISIONAL_LEXICAL_REVIEW
484,518,experience,ESSENTIAL,DIRECT_FALLBACK,,,,,,,PROVISIONAL_LEXICAL_REVIEW
485,519,final,ESSENTIAL,DIRECT_FALLBACK,,,,,,,PROVISIONAL_LEXICAL_REVIEW
486,520,list,ESSENTIAL,DIRECT_FALLBACK,,,,,,,PROVISIONAL_LEXICAL_REVIEW
487,521,market,ESSENTIAL,DIRECT_FALLBACK,,,,,,,PROVISIONAL_LEXICAL_REVIEW
488,522,meet,ESSENTIAL,DIRECT_FALLBACK,,,,,,,PROVISIONAL_LEXICAL_REVIEW
489,523,non,ESSENTIAL,MATRYOSHKA_CONNECTED,8,on,no,,,,PROVISIONAL_LEXICAL_REVIEW
490,524,six,ESSENTIAL,DIRECT_FALLBACK,,,,,,,PROVISIONAL_LEXICAL_REVIEW
491,525,study,ESSENTIAL,DIRECT_FALLBACK,,,,,,,PROVISIONAL_LEXICAL_REVIEW
492,526,type,ESSENTIAL,DIRECT_FALLBACK,,,,,,,PROVISIONAL_LEXICAL_REVIEW
493,527,word,ESSENTIAL,DIRECT_FALLBACK,,,,,,,PROVISIONAL_LEXICAL_REVIEW
494,528,building,ESSENTIAL,DIRECT_FALLBACK,,,,,,,PROVISIONAL_LEXICAL_REVIEW
495,529,check,ESSENTIAL,DIRECT_FALLBACK,,,,,,,PROVISIONAL_LEXICAL_REVIEW
496,530,fire,ESSENTIAL,DIRECT_FALLBACK,,,,,,,PROVISIONAL_LEXICAL_REVIEW
497,531,force,ESSENTIAL,DIRECT_FALLBACK,,,,,,,PROVISIONAL_LEXICAL_REVIEW
498,532,front,ESSENTIAL,DIRECT_FALLBACK,,,,,,,PROVISIONAL_LEXICAL_REVIEW
500,534,main,ESSENTIAL,DIRECT_FALLBACK,,,,,,,PROVISIONAL_LEXICAL_REVIEW
669,707,hour,BRIDGE,BRIDGE,7,our,,,hours,our>hour>hours [LR] connects:hours,PROVISIONAL_LEXICAL_REVIEW
868,912,hi,BRIDGE,BRIDGE,5,i,,,his;him;hit,i>hi>his [LR] connects:him,PROVISIONAL_LEXICAL_REVIEW
1894,1955,ad,BRIDGE,BRIDGE,4,,a,had;bad;mad,,a>ad>had [RL] connects:bad|had,PROVISIONAL_LEXICAL_REVIEW
1920,1981,mad,BRIDGE,BRIDGE,4,ad,,,made,a>ad>mad>made [RLR] connects:made,PROVISIONAL_LEXICAL_REVIEW
2458,2527,don,BRIDGE,BRIDGE,8,on,do,,done,on>don>done [LR] connects:do,PROVISIONAL_LEXICAL_REVIEW
2595,2666,sing,BRIDGE,BRIDGE,5,,sin,using,,in>sin>sing>using [LRL] connects:using,PROVISIONAL_LEXICAL_REVIEW
2660,2733,hat,BRIDGE,BRIDGE,4,at,,that;what,,a>at>hat [RL] connects:what|that,PROVISIONAL_LEXICAL_REVIEW
3052,3126,sin,BRIDGE,BRIDGE,5,in,,,sing,in>sin>sing>using [LRL] connects:using,PROVISIONAL_LEXICAL_REVIEW
4644,4749,mall,BRIDGE,BRIDGE,10,all,,small,,all>mall>small [LL] connects:small,PROVISIONAL_LEXICAL_REVIEW