target_index,alpha_rank,source_rank,word,display_form,status,lemma_primary,lemma_alternate,morphology_partial,function_roles_partial,register_partial,learning_mode_ppp,raw_component_id,core_component_id,parent_L,parent_R,children_L,children_R,bridge_reason,review_status
1,1,1,the,the,TARGET,the,,UNRESOLVED_OR_LEMMA,ARTICLE,GENERAL,MATRYOSHKA_CORE,1,1,he,,,they;them;then,,RESEARCH_ONLY_NEEDS_AUTHORITATIVE_REVIEW
2,2,2,of,of,TARGET,of,,UNRESOLVED_OR_LEMMA,PREPOSITION,GENERAL,MATRYOSHKA_CORE,2,2,,,,off,,RESEARCH_ONLY_NEEDS_AUTHORITATIVE_REVIEW
3,3,3,to,to,TARGET,to,,UNRESOLVED_OR_LEMMA,PREPOSITION|INFINITIVE_MARKER,GENERAL,MATRYOSHKA_CORE,3,3,,,,too;top,,RESEARCH_ONLY_NEEDS_AUTHORITATIVE_REVIEW
4,4,4,and,and,TARGET,and,,UNRESOLVED_OR_LEMMA,CONJUNCTION,GENERAL,MATRYOSHKA_CORE,4,4,,an,hand;land,,,RESEARCH_ONLY_NEEDS_AUTHORITATIVE_REVIEW
5,5,5,a,a,TARGET,a,,UNRESOLVED_OR_LEMMA,ARTICLE,GENERAL,MATRYOSHKA_CORE,4,4,,,,as;at;an;am;ad,,RESEARCH_ONLY_NEEDS_AUTHORITATIVE_REVIEW
6,6,6,in,in,TARGET,in,,UNRESOLVED_OR_LEMMA,PREPOSITION,GENERAL,MATRYOSHKA_CORE,5,5,,i,win;sin,,,RESEARCH_ONLY_NEEDS_AUTHORITATIVE_REVIEW
7,7,7,i,I,TARGET,i,,UNRESOLVED_OR_LEMMA,PRONOUN,GENERAL,MATRYOSHKA_CORE,5,5,,,hi,in;is;it;if,,RESEARCH_ONLY_NEEDS_AUTHORITATIVE_REVIEW
8,8,8,is,is,TARGET,be,,IRREGULAR_FORM,AUXILIARY,GENERAL,MATRYOSHKA_CORE,5,5,,i,his,,,RESEARCH_ONLY_NEEDS_AUTHORITATIVE_REVIEW
9,9,9,that,that,TARGET,that,,UNRESOLVED_OR_LEMMA,DETERMINER|PRONOUN|CONJUNCTION,GENERAL,MATRYOSHKA_CORE,4,4,hat,,,,,RESEARCH_ONLY_NEEDS_AUTHORITATIVE_REVIEW
10,10,10,for,for,TARGET,for,,UNRESOLVED_OR_LEMMA,PREPOSITION|CONJUNCTION,GENERAL,MATRYOSHKA_CORE,6,6,or,,,form,,RESEARCH_ONLY_NEEDS_AUTHORITATIVE_REVIEW
11,11,11,you,you,TARGET,you,,UNRESOLVED_OR_LEMMA,PRONOUN,GENERAL,MATRYOSHKA_CORE,7,7,,,,your,,RESEARCH_ONLY_NEEDS_AUTHORITATIVE_REVIEW
12,12,12,it,it,TARGET,it,,UNRESOLVED_OR_LEMMA,PRONOUN,GENERAL,MATRYOSHKA_CORE,5,5,,i,hit;bit;sit,its,,RESEARCH_ONLY_NEEDS_AUTHORITATIVE_REVIEW
13,13,13,on,on,TARGET,on,,UNRESOLVED_OR_LEMMA,PREPOSITION,GENERAL,MATRYOSHKA_CORE,8,8,,,son;don,one,,RESEARCH_ONLY_NEEDS_AUTHORITATIVE_REVIEW
14,14,15,with,with,TARGET,with,,UNRESOLVED_OR_LEMMA,PREPOSITION,GENERAL,DIRECT_FALLBACK,,,,,,,,RESEARCH_ONLY_NEEDS_AUTHORITATIVE_REVIEW
15,15,16,was,was,TARGET,be,,IRREGULAR_FORM,AUXILIARY,GENERAL,MATRYOSHKA_CORE,4,4,as,,,,,RESEARCH_ONLY_NEEDS_AUTHORITATIVE_REVIEW
16,16,17,be,be,TARGET,be,,UNRESOLVED_OR_LEMMA,AUXILIARY,GENERAL,DIRECT_FALLBACK,,,,,,,,RESEARCH_ONLY_NEEDS_AUTHORITATIVE_REVIEW
17,17,18,this,this,TARGET,this,,UNRESOLVED_OR_LEMMA,DETERMINER,GENERAL,MATRYOSHKA_CORE,5,5,his,,,,,RESEARCH_ONLY_NEEDS_AUTHORITATIVE_REVIEW
18,18,19,as,as,TARGET,as,,UNRESOLVED_OR_LEMMA,PREPOSITION|CONJUNCTION|ADVERB,GENERAL,MATRYOSHKA_CORE,4,4,,a,was;has,ask,,RESEARCH_ONLY_NEEDS_AUTHORITATIVE_REVIEW
19,19,20,are,are,TARGET,be,,IRREGULAR_FORM,AUXILIARY,GENERAL,MATRYOSHKA_CORE,9,9,,,care,area,,RESEARCH_ONLY_NEEDS_AUTHORITATIVE_REVIEW
20,20,21,not,not,TARGET,not,,UNRESOLVED_OR_LEMMA,NEGATOR,GENERAL,MATRYOSHKA_CORE,10,10,,no,,,,RESEARCH_ONLY_NEEDS_AUTHORITATIVE_REVIEW
21,21,22,have,have,TARGET,have,,UNRESOLVED_OR_LEMMA,AUXILIARY,GENERAL,DIRECT_FALLBACK,,,,,,,,RESEARCH_ONLY_NEEDS_AUTHORITATIVE_REVIEW
22,22,23,at,at,TARGET,at,,UNRESOLVED_OR_LEMMA,PREPOSITION,GENERAL,MATRYOSHKA_CORE,4,4,,a,hat,,,RESEARCH_ONLY_NEEDS_AUTHORITATIVE_REVIEW
23,23,24,he,he,TARGET,he,,UNRESOLVED_OR_LEMMA,PRONOUN,GENERAL,MATRYOSHKA_CORE,1,1,,,the;she,her,,RESEARCH_ONLY_NEEDS_AUTHORITATIVE_REVIEW
24,24,25,by,by,TARGET,by,,UNRESOLVED_OR_LEMMA,PREPOSITION,GENERAL,DIRECT_FALLBACK,,,,,,,,RESEARCH_ONLY_NEEDS_AUTHORITATIVE_REVIEW
25,25,26,from,from,TARGET,from,,UNRESOLVED_OR_LEMMA,PREPOSITION,GENERAL,DIRECT_FALLBACK,,,,,,,,RESEARCH_ONLY_NEEDS_AUTHORITATIVE_REVIEW
26,26,27,but,but,TARGET,but,,UNRESOLVED_OR_LEMMA,CONJUNCTION,GENERAL,DIRECT_FALLBACK,,,,,,,,RESEARCH_ONLY_NEEDS_AUTHORITATIVE_REVIEW
27,27,29,my,my,TARGET,my,,UNRESOLVED_OR_LEMMA,DETERMINER,GENERAL,DIRECT_FALLBACK,,,,,,,,RESEARCH_ONLY_NEEDS_AUTHORITATIVE_REVIEW
28,28,30,an,an,TARGET,an,,UNRESOLVED_OR_LEMMA,ARTICLE,GENERAL,MATRYOSHKA_CORE,4,4,,a,can;man,and;any,,RESEARCH_ONLY_NEEDS_AUTHORITATIVE_REVIEW
29,29,31,or,or,TARGET,or,,UNRESOLVED_OR_LEMMA,CONJUNCTION,GENERAL,MATRYOSHKA_CORE,6,6,,,for,,,RESEARCH_ONLY_NEEDS_AUTHORITATIVE_REVIEW
30,30,32,all,all,TARGET,all,,UNRESOLVED_OR_LEMMA,DETERMINER|PRONOUN,GENERAL,MATRYOSHKA_CORE,11,11,,,call;mall,,,RESEARCH_ONLY_NEEDS_AUTHORITATIVE_REVIEW
31,31,33,his,his,TARGET,his,,UNRESOLVED_OR_LEMMA,DETERMINER|PRONOUN,GENERAL,MATRYOSHKA_CORE,5,5,is,hi,this,,,RESEARCH_ONLY_NEEDS_AUTHORITATIVE_REVIEW
32,32,34,me,me,TARGET,me,,UNRESOLVED_OR_LEMMA,PRONOUN,GENERAL,MATRYOSHKA_CORE,12,12,,,,men,,RESEARCH_ONLY_NEEDS_AUTHORITATIVE_REVIEW
33,33,35,they,they,TARGET,they,,UNRESOLVED_OR_LEMMA,PRONOUN,GENERAL,MATRYOSHKA_CORE,1,1,,the,,,,RESEARCH_ONLY_NEEDS_AUTHORITATIVE_REVIEW
34,34,36,so,so,TARGET,so,,UNRESOLVED_OR_LEMMA,,GENERAL,MATRYOSHKA_CORE,8,8,,,,son,,RESEARCH_ONLY_NEEDS_AUTHORITATIVE_REVIEW
35,35,37,we,we,TARGET,we,,UNRESOLVED_OR_LEMMA,PRONOUN,GENERAL,DIRECT_FALLBACK,,,,,,,,RESEARCH_ONLY_NEEDS_AUTHORITATIVE_REVIEW
36,36,38,one,one,TARGET,one,,UNRESOLVED_OR_LEMMA,,GENERAL,MATRYOSHKA_CORE,8,8,,on,done,,,RESEARCH_ONLY_NEEDS_AUTHORITATIVE_REVIEW
37,37,39,your,your,TARGET,your,,UNRESOLVED_OR_LEMMA,DETERMINER,GENERAL,MATRYOSHKA_CORE,7,7,our,you,,,,RESEARCH_ONLY_NEEDS_AUTHORITATIVE_REVIEW
38,38,40,if,if,TARGET,if,,UNRESOLVED_OR_LEMMA,CONJUNCTION,GENERAL,MATRYOSHKA_CORE,5,5,,i,,,,RESEARCH_ONLY_NEEDS_AUTHORITATIVE_REVIEW
39,39,41,can,can,TARGET,can,,UNRESOLVED_OR_LEMMA,MODAL,GENERAL,MATRYOSHKA_CORE,4,4,an,,,,,RESEARCH_ONLY_NEEDS_AUTHORITATIVE_REVIEW
40,40,42,will,will,TARGET,will,,UNRESOLVED_OR_LEMMA,MODAL,GENERAL,DIRECT_FALLBACK,,,,,,,,RESEARCH_ONLY_NEEDS_AUTHORITATIVE_REVIEW
41,41,43,just,just,TARGET,just,,UNRESOLVED_OR_LEMMA,,GENERAL,DIRECT_FALLBACK,,,,,,,,RESEARCH_ONLY_NEEDS_AUTHORITATIVE_REVIEW
42,42,44,like,like,TARGET,like,,UNRESOLVED_OR_LEMMA,,GENERAL,DIRECT_FALLBACK,,,,,,,,RESEARCH_ONLY_NEEDS_AUTHORITATIVE_REVIEW
43,43,45,about,about,TARGET,about,,UNRESOLVED_OR_LEMMA,PREPOSITION,GENERAL,DIRECT_FALLBACK,,,,,,,,RESEARCH_ONLY_NEEDS_AUTHORITATIVE_REVIEW
44,44,46,up,up,TARGET,up,,UNRESOLVED_OR_LEMMA,PARTICLE,GENERAL,DIRECT_FALLBACK,,,,,,,,RESEARCH_ONLY_NEEDS_AUTHORITATIVE_REVIEW
45,45,47,what,what,TARGET,what,,UNRESOLVED_OR_LEMMA,DETERMINER|PRONOUN,GENERAL,MATRYOSHKA_CORE,4,4,hat,,,,,RESEARCH_ONLY_NEEDS_AUTHORITATIVE_REVIEW
46,46,48,do,do,TARGET,do,,UNRESOLVED_OR_LEMMA,AUXILIARY,GENERAL,MATRYOSHKA_CORE,8,8,,,,don,,RESEARCH_ONLY_NEEDS_AUTHORITATIVE_REVIEW
47,47,49,has,has,TARGET,have,,IRREGULAR_FORM,AUXILIARY,GENERAL,MATRYOSHKA_CORE,4,4,as,,,,,RESEARCH_ONLY_NEEDS_AUTHORITATIVE_REVIEW
48,48,50,were,were,TARGET,be,,IRREGULAR_FORM,AUXILIARY,GENERAL,DIRECT_FALLBACK,,,,,,,,RESEARCH_ONLY_NEEDS_AUTHORITATIVE_REVIEW
49,49,51,no,no,TARGET,no,,UNRESOLVED_OR_LEMMA,DETERMINER|NEGATOR,GENERAL,MATRYOSHKA_CORE,10,10,,,,not;now,,RESEARCH_ONLY_NEEDS_AUTHORITATIVE_REVIEW
50,50,52,out,out,TARGET,out,,UNRESOLVED_OR_LEMMA,PARTICLE,GENERAL,DIRECT_FALLBACK,,,,,,,,RESEARCH_ONLY_NEEDS_AUTHORITATIVE_REVIEW
51,51,53,when,when,TARGET,when,,UNRESOLVED_OR_LEMMA,CONJUNCTION,GENERAL,DIRECT_FALLBACK,,,,,,,,RESEARCH_ONLY_NEEDS_AUTHORITATIVE_REVIEW
52,52,54,more,more,TARGET,more,,UNRESOLVED_OR_LEMMA,,GENERAL,DIRECT_FALLBACK,,,,,,,,RESEARCH_ONLY_NEEDS_AUTHORITATIVE_REVIEW
53,53,55,who,who,TARGET,who,,UNRESOLVED_OR_LEMMA,PRONOUN,GENERAL,DIRECT_FALLBACK,,,,,,,,RESEARCH_ONLY_NEEDS_AUTHORITATIVE_REVIEW
54,54,56,had,had,TARGET,have,,IRREGULAR_FORM,AUXILIARY,GENERAL,MATRYOSHKA_CORE,4,4,ad,,,,,RESEARCH_ONLY_NEEDS_AUTHORITATIVE_REVIEW
55,55,57,their,their,TARGET,their,,UNRESOLVED_OR_LEMMA,DETERMINER,GENERAL,DIRECT_FALLBACK,,,,,,,,RESEARCH_ONLY_NEEDS_AUTHORITATIVE_REVIEW
56,56,58,which,which,TARGET,which,,UNRESOLVED_OR_LEMMA,DETERMINER|PRONOUN,GENERAL,DIRECT_FALLBACK,,,,,,,,RESEARCH_ONLY_NEEDS_AUTHORITATIVE_REVIEW
57,57,59,there,there,TARGET,there,,UNRESOLVED_OR_LEMMA,,GENERAL,MATRYOSHKA_CORE,1,1,here,,,,,RESEARCH_ONLY_NEEDS_AUTHORITATIVE_REVIEW
58,58,60,been,been,TARGET,be,,IRREGULAR_FORM,AUXILIARY,GENERAL,DIRECT_FALLBACK,,,,,,,,RESEARCH_ONLY_NEEDS_AUTHORITATIVE_REVIEW
59,59,61,her,her,TARGET,her,,UNRESOLVED_OR_LEMMA,DETERMINER|PRONOUN,GENERAL,MATRYOSHKA_CORE,1,1,,he,,here,,RESEARCH_ONLY_NEEDS_AUTHORITATIVE_REVIEW
60,60,62,time,time,TARGET,time,,UNRESOLVED_OR_LEMMA,,GENERAL,MATRYOSHKA_EXTENSION,13,,,,,times,,RESEARCH_ONLY_NEEDS_AUTHORITATIVE_REVIEW
61,61,64,would,would,TARGET,would,,UNRESOLVED_OR_LEMMA,MODAL,GENERAL,DIRECT_FALLBACK,,,,,,,,RESEARCH_ONLY_NEEDS_AUTHORITATIVE_REVIEW
62,62,65,get,get,TARGET,get,,UNRESOLVED_OR_LEMMA,,GENERAL,DIRECT_FALLBACK,,,,,,,,RESEARCH_ONLY_NEEDS_AUTHORITATIVE_REVIEW
63,63,67,new,new,TARGET,new,,UNRESOLVED_OR_LEMMA,,GENERAL,MATRYOSHKA_CORE,14,13,,,,news,,RESEARCH_ONLY_NEEDS_AUTHORITATIVE_REVIEW
64,64,69,she,she,TARGET,she,,UNRESOLVED_OR_LEMMA,PRONOUN,GENERAL,MATRYOSHKA_CORE,1,1,he,,,,,RESEARCH_ONLY_NEEDS_AUTHORITATIVE_REVIEW
65,65,70,people,people,TARGET,person,,LEXICALIZED_PLURAL,,GENERAL,DIRECT_FALLBACK,,,,,,,,RESEARCH_ONLY_NEEDS_AUTHORITATIVE_REVIEW
66,66,72,its,its,TARGET,its,,UNRESOLVED_OR_LEMMA,DETERMINER,GENERAL,MATRYOSHKA_CORE,5,5,,it,,,,RESEARCH_ONLY_NEEDS_AUTHORITATIVE_REVIEW
67,67,73,also,also,TARGET,also,,UNRESOLVED_OR_LEMMA,,GENERAL,DIRECT_FALLBACK,,,,,,,,RESEARCH_ONLY_NEEDS_AUTHORITATIVE_REVIEW
68,68,74,how,how,TARGET,how,,UNRESOLVED_OR_LEMMA,,GENERAL,MATRYOSHKA_CORE,15,14,,,show,,,RESEARCH_ONLY_NEEDS_AUTHORITATIVE_REVIEW
69,69,75,some,some,TARGET,some,,UNRESOLVED_OR_LEMMA,DETERMINER|PRONOUN,GENERAL,DIRECT_FALLBACK,,,,,,,,RESEARCH_ONLY_NEEDS_AUTHORITATIVE_REVIEW
70,70,76,them,them,TARGET,them,,UNRESOLVED_OR_LEMMA,PRONOUN,GENERAL,MATRYOSHKA_CORE,1,1,,the,,,,RESEARCH_ONLY_NEEDS_AUTHORITATIVE_REVIEW
71,71,77,now,now,TARGET,now,,UNRESOLVED_OR_LEMMA,,GENERAL,MATRYOSHKA_CORE,10,10,,no,know,,,RESEARCH_ONLY_NEEDS_AUTHORITATIVE_REVIEW
72,72,78,other,other,TARGET,other,,UNRESOLVED_OR_LEMMA,DETERMINER|PRONOUN,GENERAL,MATRYOSHKA_CORE,16,15,,,mother,others,,RESEARCH_ONLY_NEEDS_AUTHORITATIVE_REVIEW
73,73,79,only,only,TARGET,only,,UNRESOLVED_OR_LEMMA,,GENERAL,DIRECT_FALLBACK,,,,,,,,RESEARCH_ONLY_NEEDS_AUTHORITATIVE_REVIEW
74,74,80,than,than,TARGET,than,,UNRESOLVED_OR_LEMMA,PREPOSITION|CONJUNCTION,GENERAL,MATRYOSHKA_CORE,17,16,,,,thank,,RESEARCH_ONLY_NEEDS_AUTHORITATIVE_REVIEW
75,75,81,first,first,TARGET,first,,UNRESOLVED_OR_LEMMA,,GENERAL,DIRECT_FALLBACK,,,,,,,,RESEARCH_ONLY_NEEDS_AUTHORITATIVE_REVIEW
76,76,82,good,good,TARGET,good,,UNRESOLVED_OR_LEMMA,,GENERAL,DIRECT_FALLBACK,,,,,,,,RESEARCH_ONLY_NEEDS_AUTHORITATIVE_REVIEW
77,77,83,into,into,TARGET,into,,UNRESOLVED_OR_LEMMA,PREPOSITION,GENERAL,DIRECT_FALLBACK,,,,,,,,RESEARCH_ONLY_NEEDS_AUTHORITATIVE_REVIEW
78,78,84,our,our,TARGET,our,,UNRESOLVED_OR_LEMMA,DETERMINER,GENERAL,MATRYOSHKA_CORE,7,7,,,your;four;hour,,,RESEARCH_ONLY_NEEDS_AUTHORITATIVE_REVIEW
79,79,85,know,know,TARGET,know,,UNRESOLVED_OR_LEMMA,,GENERAL,MATRYOSHKA_CORE,10,10,now,,,known,,RESEARCH_ONLY_NEEDS_AUTHORITATIVE_REVIEW
80,80,86,see,see,TARGET,see,,UNRESOLVED_OR_LEMMA,,GENERAL,MATRYOSHKA_EXTENSION,18,,,,,seen,,RESEARCH_ONLY_NEEDS_AUTHORITATIVE_REVIEW
81,81,87,two,two,TARGET,two,,UNRESOLVED_OR_LEMMA,,GENERAL,DIRECT_FALLBACK,,,,,,,,RESEARCH_ONLY_NEEDS_AUTHORITATIVE_REVIEW
82,82,88,him,him,TARGET,him,,UNRESOLVED_OR_LEMMA,PRONOUN,GENERAL,MATRYOSHKA_CORE,5,5,,hi,,,,RESEARCH_ONLY_NEEDS_AUTHORITATIVE_REVIEW
83,83,89,after,after,TARGET,after,,UNRESOLVED_OR_LEMMA,PREPOSITION,GENERAL,DIRECT_FALLBACK,,,,,,,,RESEARCH_ONLY_NEEDS_AUTHORITATIVE_REVIEW
84,84,90,could,could,TARGET,could,,UNRESOLVED_OR_LEMMA,MODAL,GENERAL,DIRECT_FALLBACK,,,,,,,,RESEARCH_ONLY_NEEDS_AUTHORITATIVE_REVIEW
85,85,91,then,then,TARGET,then,,UNRESOLVED_OR_LEMMA,,GENERAL,MATRYOSHKA_CORE,1,1,,the,,,,RESEARCH_ONLY_NEEDS_AUTHORITATIVE_REVIEW
86,86,92,over,over,TARGET,over,,UNRESOLVED_OR_LEMMA,PREPOSITION,GENERAL,DIRECT_FALLBACK,,,,,,,,RESEARCH_ONLY_NEEDS_AUTHORITATIVE_REVIEW
87,87,93,these,these,TARGET,these,,UNRESOLVED_OR_LEMMA,DETERMINER,GENERAL,DIRECT_FALLBACK,,,,,,,,RESEARCH_ONLY_NEEDS_AUTHORITATIVE_REVIEW
88,88,94,think,think,TARGET,think,,UNRESOLVED_OR_LEMMA,,GENERAL,DIRECT_FALLBACK,,,,,,,,RESEARCH_ONLY_NEEDS_AUTHORITATIVE_REVIEW
89,89,95,go,go,TARGET,go,,UNRESOLVED_OR_LEMMA,,GENERAL,MATRYOSHKA_CORE,19,17,,,ago,got;god,,RESEARCH_ONLY_NEEDS_AUTHORITATIVE_REVIEW
90,90,96,make,make,TARGET,make,,UNRESOLVED_OR_LEMMA,,GENERAL,MATRYOSHKA_EXTENSION,20,,,,,makes,,RESEARCH_ONLY_NEEDS_AUTHORITATIVE_REVIEW
91,91,97,any,any,TARGET,any,,UNRESOLVED_OR_LEMMA,DETERMINER|PRONOUN,GENERAL,MATRYOSHKA_CORE,4,4,,an,many,,,RESEARCH_ONLY_NEEDS_AUTHORITATIVE_REVIEW
92,92,98,well,well,TARGET,well,,UNRESOLVED_OR_LEMMA,,GENERAL,DIRECT_FALLBACK,,,,,,,,RESEARCH_ONLY_NEEDS_AUTHORITATIVE_REVIEW
93,93,99,back,back,TARGET,back,,UNRESOLVED_OR_LEMMA,,GENERAL,DIRECT_FALLBACK,,,,,,,,RESEARCH_ONLY_NEEDS_AUTHORITATIVE_REVIEW
94,94,100,want,want,TARGET,want,,UNRESOLVED_OR_LEMMA,,GENERAL,DIRECT_FALLBACK,,,,,,,,RESEARCH_ONLY_NEEDS_AUTHORITATIVE_REVIEW
95,95,102,should,should,TARGET,should,,UNRESOLVED_OR_LEMMA,MODAL,GENERAL,DIRECT_FALLBACK,,,,,,,,RESEARCH_ONLY_NEEDS_AUTHORITATIVE_REVIEW
96,96,103,because,because,TARGET,because,,UNRESOLVED_OR_LEMMA,CONJUNCTION,GENERAL,DIRECT_FALLBACK,,,,,,,,RESEARCH_ONLY_NEEDS_AUTHORITATIVE_REVIEW
97,97,104,may,may,TARGET,may,,UNRESOLVED_OR_LEMMA,MODAL,GENERAL,DIRECT_FALLBACK,,,,,,,,RESEARCH_ONLY_NEEDS_AUTHORITATIVE_REVIEW
98,98,105,us,us,TARGET,us,,UNRESOLVED_OR_LEMMA,PRONOUN,GENERAL,MATRYOSHKA_CORE,21,18,,,,use,,RESEARCH_ONLY_NEEDS_AUTHORITATIVE_REVIEW
99,99,106,where,where,TARGET,where,,UNRESOLVED_OR_LEMMA,,GENERAL,MATRYOSHKA_CORE,1,1,here,,,,,RESEARCH_ONLY_NEEDS_AUTHORITATIVE_REVIEW
100,100,107,most,most,TARGET,most,,UNRESOLVED_OR_LEMMA,DETERMINER|PRONOUN,GENERAL,DIRECT_FALLBACK,,,,,,,,RESEARCH_ONLY_NEEDS_AUTHORITATIVE_REVIEW
101,101,108,much,much,TARGET,much,,UNRESOLVED_OR_LEMMA,DETERMINER|PRONOUN,GENERAL,DIRECT_FALLBACK,,,,,,,,RESEARCH_ONLY_NEEDS_AUTHORITATIVE_REVIEW
102,102,109,way,way,TARGET,way,,UNRESOLVED_OR_LEMMA,,GENERAL,MATRYOSHKA_CORE,22,19,,,away,,,RESEARCH_ONLY_NEEDS_AUTHORITATIVE_REVIEW
103,103,110,even,even,TARGET,even,,UNRESOLVED_OR_LEMMA,,GENERAL,DIRECT_FALLBACK,,,,,,,,RESEARCH_ONLY_NEEDS_AUTHORITATIVE_REVIEW
104,104,111,very,very,TARGET,very,,UNRESOLVED_OR_LEMMA,,GENERAL,MATRYOSHKA_CORE,23,20,,,every,,,RESEARCH_ONLY_NEEDS_AUTHORITATIVE_REVIEW
105,105,113,did,did,TARGET,do,,IRREGULAR_FORM,AUXILIARY,GENERAL,DIRECT_FALLBACK,,,,,,,,RESEARCH_ONLY_NEEDS_AUTHORITATIVE_REVIEW
106,106,114,need,need,TARGET,need,,UNRESOLVED_OR_LEMMA,,GENERAL,MATRYOSHKA_EXTENSION,24,,,,,needs,,RESEARCH_ONLY_NEEDS_AUTHORITATIVE_REVIEW
107,107,115,right,right,TARGET,right,,UNRESOLVED_OR_LEMMA,,GENERAL,DIRECT_FALLBACK,,,,,,,,RESEARCH_ONLY_NEEDS_AUTHORITATIVE_REVIEW
108,108,116,said,said,TARGET,say,,IRREGULAR_FORM,,GENERAL,DIRECT_FALLBACK,,,,,,,,RESEARCH_ONLY_NEEDS_AUTHORITATIVE_REVIEW
109,109,117,too,too,TARGET,too,,UNRESOLVED_OR_LEMMA,,GENERAL,MATRYOSHKA_CORE,3,3,,to,,took,,RESEARCH_ONLY_NEEDS_AUTHORITATIVE_REVIEW
110,110,118,years,years,TARGET,year,,REGULAR_S_FORM,,GENERAL,MATRYOSHKA_EXTENSION,25,,,year,,,,RESEARCH_ONLY_NEEDS_AUTHORITATIVE_REVIEW
111,111,119,work,work,TARGET,work,,UNRESOLVED_OR_LEMMA,,GENERAL,MATRYOSHKA_EXTENSION,26,,,,,works,,RESEARCH_ONLY_NEEDS_AUTHORITATIVE_REVIEW
112,112,120,being,being,TARGET,be,,INFLECTED_FORM,AUXILIARY,GENERAL,DIRECT_FALLBACK,,,,,,,,RESEARCH_ONLY_NEEDS_AUTHORITATIVE_REVIEW
113,113,121,here,here,TARGET,here,,UNRESOLVED_OR_LEMMA,,GENERAL,MATRYOSHKA_CORE,1,1,,her,there;where,,,RESEARCH_ONLY_NEEDS_AUTHORITATIVE_REVIEW
114,114,122,before,before,TARGET,before,,UNRESOLVED_OR_LEMMA,PREPOSITION,GENERAL,DIRECT_FALLBACK,,,,,,,,RESEARCH_ONLY_NEEDS_AUTHORITATIVE_REVIEW
115,115,123,day,day,TARGET,day,,UNRESOLVED_OR_LEMMA,,GENERAL,MATRYOSHKA_EXTENSION,27,,,,,days,,RESEARCH_ONLY_NEEDS_AUTHORITATIVE_REVIEW
116,116,124,really,really,TARGET,really,,UNRESOLVED_OR_LEMMA,,GENERAL,DIRECT_FALLBACK,,,,,,,,RESEARCH_ONLY_NEEDS_AUTHORITATIVE_REVIEW
117,117,125,made,made,TARGET,make,,IRREGULAR_FORM,,GENERAL,MATRYOSHKA_EXTENSION,4,,,mad,,,,RESEARCH_ONLY_NEEDS_AUTHORITATIVE_REVIEW
118,118,126,many,many,TARGET,many,,UNRESOLVED_OR_LEMMA,DETERMINER|PRONOUN,GENERAL,MATRYOSHKA_CORE,4,4,any,man,,,,RESEARCH_ONLY_NEEDS_AUTHORITATIVE_REVIEW
119,119,127,world,world,TARGET,world,,UNRESOLVED_OR_LEMMA,,GENERAL,DIRECT_FALLBACK,,,,,,,,RESEARCH_ONLY_NEEDS_AUTHORITATIVE_REVIEW
120,120,128,year,year,TARGET,year,,UNRESOLVED_OR_LEMMA,,GENERAL,MATRYOSHKA_EXTENSION,25,,,,,years,,RESEARCH_ONLY_NEEDS_AUTHORITATIVE_REVIEW
121,121,129,going,going,TARGET,go,,INFLECTED_FORM,,GENERAL,DIRECT_FALLBACK,,,,,,,,RESEARCH_ONLY_NEEDS_AUTHORITATIVE_REVIEW
122,122,130,off,off,TARGET,off,,UNRESOLVED_OR_LEMMA,PARTICLE,GENERAL,MATRYOSHKA_CORE,2,2,,of,,,,RESEARCH_ONLY_NEEDS_AUTHORITATIVE_REVIEW
123,123,131,still,still,TARGET,still,,UNRESOLVED_OR_LEMMA,,GENERAL,DIRECT_FALLBACK,,,,,,,,RESEARCH_ONLY_NEEDS_AUTHORITATIVE_REVIEW
124,124,132,take,take,TARGET,take,,UNRESOLVED_OR_LEMMA,,GENERAL,MATRYOSHKA_EXTENSION,28,,,,,taken,,RESEARCH_ONLY_NEEDS_AUTHORITATIVE_REVIEW
125,125,133,those,those,TARGET,those,,UNRESOLVED_OR_LEMMA,DETERMINER,GENERAL,DIRECT_FALLBACK,,,,,,,,RESEARCH_ONLY_NEEDS_AUTHORITATIVE_REVIEW
126,126,134,why,why,TARGET,why,,UNRESOLVED_OR_LEMMA,,GENERAL,DIRECT_FALLBACK,,,,,,,,RESEARCH_ONLY_NEEDS_AUTHORITATIVE_REVIEW
127,127,135,never,never,TARGET,never,,UNRESOLVED_OR_LEMMA,,GENERAL,MATRYOSHKA_CORE,23,20,ever,,,,,RESEARCH_ONLY_NEEDS_AUTHORITATIVE_REVIEW
128,128,136,got,got,TARGET,get,,IRREGULAR_FORM,,GENERAL,MATRYOSHKA_CORE,19,17,,go,,,,RESEARCH_ONLY_NEEDS_AUTHORITATIVE_REVIEW
129,129,137,life,life,TARGET,life,,UNRESOLVED_OR_LEMMA,,GENERAL,DIRECT_FALLBACK,,,,,,,,RESEARCH_ONLY_NEEDS_AUTHORITATIVE_REVIEW
130,130,138,say,say,TARGET,say,,UNRESOLVED_OR_LEMMA,,GENERAL,MATRYOSHKA_EXTENSION,29,,,,,says,,RESEARCH_ONLY_NEEDS_AUTHORITATIVE_REVIEW
131,131,139,such,such,TARGET,such,,UNRESOLVED_OR_LEMMA,,GENERAL,DIRECT_FALLBACK,,,,,,,,RESEARCH_ONLY_NEEDS_AUTHORITATIVE_REVIEW
132,132,140,through,through,TARGET,through,,UNRESOLVED_OR_LEMMA,PREPOSITION,GENERAL,DIRECT_FALLBACK,,,,,,,,RESEARCH_ONLY_NEEDS_AUTHORITATIVE_REVIEW
133,133,142,down,down,TARGET,down,,UNRESOLVED_OR_LEMMA,,GENERAL,MATRYOSHKA_CORE,30,21,own,,,,,RESEARCH_ONLY_NEEDS_AUTHORITATIVE_REVIEW
134,134,144,great,great,TARGET,great,,UNRESOLVED_OR_LEMMA,,GENERAL,DIRECT_FALLBACK,,,,,,,,RESEARCH_ONLY_NEEDS_AUTHORITATIVE_REVIEW
135,135,145,last,last,TARGET,last,,UNRESOLVED_OR_LEMMA,,GENERAL,DIRECT_FALLBACK,,,,,,,,RESEARCH_ONLY_NEEDS_AUTHORITATIVE_REVIEW
136,136,146,man,man,TARGET,man,,UNRESOLVED_OR_LEMMA,,GENERAL,MATRYOSHKA_CORE,4,4,an,,,many,,RESEARCH_ONLY_NEEDS_AUTHORITATIVE_REVIEW
137,137,147,while,while,TARGET,while,,UNRESOLVED_OR_LEMMA,CONJUNCTION,GENERAL,DIRECT_FALLBACK,,,,,,,,RESEARCH_ONLY_NEEDS_AUTHORITATIVE_REVIEW
138,138,148,use,use,TARGET,use,,UNRESOLVED_OR_LEMMA,,GENERAL,MATRYOSHKA_CORE,21,18,,us,,used,,RESEARCH_ONLY_NEEDS_AUTHORITATIVE_REVIEW
139,139,149,between,between,TARGET,between,,UNRESOLVED_OR_LEMMA,PREPOSITION,GENERAL,DIRECT_FALLBACK,,,,,,,,RESEARCH_ONLY_NEEDS_AUTHORITATIVE_REVIEW
140,140,150,used,used,TARGET,use,used,FORM_AND_LEMMA,,GENERAL,MATRYOSHKA_EXTENSION,21,,,use,,,,RESEARCH_ONLY_NEEDS_AUTHORITATIVE_REVIEW
141,141,151,long,long,TARGET,long,,UNRESOLVED_OR_LEMMA,,GENERAL,MATRYOSHKA_CORE,31,22,,,along,,,RESEARCH_ONLY_NEEDS_AUTHORITATIVE_REVIEW
142,142,152,same,same,TARGET,same,,UNRESOLVED_OR_LEMMA,,GENERAL,DIRECT_FALLBACK,,,,,,,,RESEARCH_ONLY_NEEDS_AUTHORITATIVE_REVIEW
143,143,154,three,three,TARGET,three,,UNRESOLVED_OR_LEMMA,,GENERAL,DIRECT_FALLBACK,,,,,,,,RESEARCH_ONLY_NEEDS_AUTHORITATIVE_REVIEW
144,144,155,both,both,TARGET,both,,UNRESOLVED_OR_LEMMA,DETERMINER|PRONOUN,GENERAL,DIRECT_FALLBACK,,,,,,,,RESEARCH_ONLY_NEEDS_AUTHORITATIVE_REVIEW
145,145,157,part,part,TARGET,part,,UNRESOLVED_OR_LEMMA,,GENERAL,MATRYOSHKA_CORE,32,23,art,,,party,,RESEARCH_ONLY_NEEDS_AUTHORITATIVE_REVIEW
146,146,158,something,something,TARGET,something,,UNRESOLVED_OR_LEMMA,PRONOUN,GENERAL,DIRECT_FALLBACK,,,,,,,,RESEARCH_ONLY_NEEDS_AUTHORITATIVE_REVIEW
147,147,159,am,am,TARGET,be,,IRREGULAR_FORM,AUXILIARY,GENERAL,MATRYOSHKA_CORE,4,4,,a,,,,RESEARCH_ONLY_NEEDS_AUTHORITATIVE_REVIEW
148,148,160,best,best,TARGET,good,,SUPPLETIVE_DEGREE,,GENERAL,DIRECT_FALLBACK,,,,,,,,RESEARCH_ONLY_NEEDS_AUTHORITATIVE_REVIEW
149,149,161,come,come,TARGET,come,,UNRESOLVED_OR_LEMMA,,GENERAL,MATRYOSHKA_EXTENSION,33,,,,,comes,,RESEARCH_ONLY_NEEDS_AUTHORITATIVE_REVIEW
150,150,162,love,love,TARGET,love,,UNRESOLVED_OR_LEMMA,,GENERAL,DIRECT_FALLBACK,,,,,,,,RESEARCH_ONLY_NEEDS_AUTHORITATIVE_REVIEW
151,151,163,under,under,TARGET,under,,UNRESOLVED_OR_LEMMA,PREPOSITION,GENERAL,DIRECT_FALLBACK,,,,,,,,RESEARCH_ONLY_NEEDS_AUTHORITATIVE_REVIEW
152,152,164,look,look,TARGET,look,,UNRESOLVED_OR_LEMMA,,GENERAL,MATRYOSHKA_EXTENSION,34,,,,,looks,,RESEARCH_ONLY_NEEDS_AUTHORITATIVE_REVIEW
153,153,165,since,since,TARGET,since,,UNRESOLVED_OR_LEMMA,CONJUNCTION,GENERAL,DIRECT_FALLBACK,,,,,,,,RESEARCH_ONLY_NEEDS_AUTHORITATIVE_REVIEW
154,154,167,does,does,TARGET,do,,IRREGULAR_FORM,AUXILIARY,GENERAL,DIRECT_FALLBACK,,,,,,,,RESEARCH_ONLY_NEEDS_AUTHORITATIVE_REVIEW
155,155,168,every,every,TARGET,every,,UNRESOLVED_OR_LEMMA,DETERMINER,GENERAL,MATRYOSHKA_CORE,23,20,very,ever,,,,RESEARCH_ONLY_NEEDS_AUTHORITATIVE_REVIEW
156,156,169,must,must,TARGET,must,,UNRESOLVED_OR_LEMMA,MODAL,GENERAL,DIRECT_FALLBACK,,,,,,,,RESEARCH_ONLY_NEEDS_AUTHORITATIVE_REVIEW
157,157,170,always,always,TARGET,always,,UNRESOLVED_OR_LEMMA,,GENERAL,DIRECT_FALLBACK,,,,,,,,RESEARCH_ONLY_NEEDS_AUTHORITATIVE_REVIEW
158,158,171,better,better,TARGET,good,,SUPPLETIVE_DEGREE,,GENERAL,DIRECT_FALLBACK,,,,,,,,RESEARCH_ONLY_NEEDS_AUTHORITATIVE_REVIEW
159,159,172,little,little,TARGET,little,,UNRESOLVED_OR_LEMMA,,GENERAL,DIRECT_FALLBACK,,,,,,,,RESEARCH_ONLY_NEEDS_AUTHORITATIVE_REVIEW
160,160,173,old,old,TARGET,old,,UNRESOLVED_OR_LEMMA,,GENERAL,MATRYOSHKA_CORE,35,24,,,told,,,RESEARCH_ONLY_NEEDS_AUTHORITATIVE_REVIEW
161,161,174,another,another,TARGET,another,,UNRESOLVED_OR_LEMMA,DETERMINER|PRONOUN,GENERAL,DIRECT_FALLBACK,,,,,,,,RESEARCH_ONLY_NEEDS_AUTHORITATIVE_REVIEW
162,162,175,during,during,TARGET,during,,UNRESOLVED_OR_LEMMA,PREPOSITION,GENERAL,DIRECT_FALLBACK,,,,,,,,RESEARCH_ONLY_NEEDS_AUTHORITATIVE_REVIEW
163,163,176,find,find,TARGET,find,,UNRESOLVED_OR_LEMMA,,GENERAL,DIRECT_FALLBACK,,,,,,,,RESEARCH_ONLY_NEEDS_AUTHORITATIVE_REVIEW
164,164,177,high,high,TARGET,high,,UNRESOLVED_OR_LEMMA,,GENERAL,DIRECT_FALLBACK,,,,,,,,RESEARCH_ONLY_NEEDS_AUTHORITATIVE_REVIEW
165,165,178,home,home,TARGET,home,,UNRESOLVED_OR_LEMMA,,GENERAL,DIRECT_FALLBACK,,,,,,,,RESEARCH_ONLY_NEEDS_AUTHORITATIVE_REVIEW
166,166,179,place,place,TARGET,place,,UNRESOLVED_OR_LEMMA,,GENERAL,DIRECT_FALLBACK,,,,,,,,RESEARCH_ONLY_NEEDS_AUTHORITATIVE_REVIEW
167,167,181,around,around,TARGET,around,,UNRESOLVED_OR_LEMMA,PREPOSITION,GENERAL,DIRECT_FALLBACK,,,,,,,,RESEARCH_ONLY_NEEDS_AUTHORITATIVE_REVIEW
168,168,182,own,own,TARGET,own,,UNRESOLVED_OR_LEMMA,,GENERAL,MATRYOSHKA_CORE,30,21,,,down,,,RESEARCH_ONLY_NEEDS_AUTHORITATIVE_REVIEW
169,169,183,state,state,TARGET,state,,UNRESOLVED_OR_LEMMA,,GENERAL,MATRYOSHKA_EXTENSION,36,,,,,states,,RESEARCH_ONLY_NEEDS_AUTHORITATIVE_REVIEW
170,170,184,each,each,TARGET,each,,UNRESOLVED_OR_LEMMA,DETERMINER|PRONOUN,GENERAL,DIRECT_FALLBACK,,,,,,,,RESEARCH_ONLY_NEEDS_AUTHORITATIVE_REVIEW
171,171,185,give,give,TARGET,give,,UNRESOLVED_OR_LEMMA,,GENERAL,MATRYOSHKA_EXTENSION,37,,,,,given,,RESEARCH_ONLY_NEEDS_AUTHORITATIVE_REVIEW
172,172,186,help,help,TARGET,help,,UNRESOLVED_OR_LEMMA,,GENERAL,DIRECT_FALLBACK,,,,,,,,RESEARCH_ONLY_NEEDS_AUTHORITATIVE_REVIEW
173,174,188,things,things,TARGET,thing,,REGULAR_S_FORM,,GENERAL,MATRYOSHKA_EXTENSION,38,,,thing,,,,RESEARCH_ONLY_NEEDS_AUTHORITATIVE_REVIEW
174,175,189,again,again,TARGET,again,,UNRESOLVED_OR_LEMMA,,GENERAL,DIRECT_FALLBACK,,,,,,,,RESEARCH_ONLY_NEEDS_AUTHORITATIVE_REVIEW
175,176,190,against,against,TARGET,against,,UNRESOLVED_OR_LEMMA,PREPOSITION,GENERAL,DIRECT_FALLBACK,,,,,,,,RESEARCH_ONLY_NEEDS_AUTHORITATIVE_REVIEW
176,177,191,found,found,TARGET,find,found,FORM_AND_LEMMA,,GENERAL,DIRECT_FALLBACK,,,,,,,,RESEARCH_ONLY_NEEDS_AUTHORITATIVE_REVIEW
177,178,192,game,game,TARGET,game,,UNRESOLVED_OR_LEMMA,,GENERAL,MATRYOSHKA_EXTENSION,39,,,,,games,,RESEARCH_ONLY_NEEDS_AUTHORITATIVE_REVIEW
178,179,194,school,school,TARGET,school,,UNRESOLVED_OR_LEMMA,,GENERAL,DIRECT_FALLBACK,,,,,,,,RESEARCH_ONLY_NEEDS_AUTHORITATIVE_REVIEW
179,180,195,without,without,TARGET,without,,UNRESOLVED_OR_LEMMA,PREPOSITION,GENERAL,DIRECT_FALLBACK,,,,,,,,RESEARCH_ONLY_NEEDS_AUTHORITATIVE_REVIEW
180,181,196,end,end,TARGET,end,,UNRESOLVED_OR_LEMMA,,GENERAL,DIRECT_FALLBACK,,,,,,,,RESEARCH_ONLY_NEEDS_AUTHORITATIVE_REVIEW
181,182,197,thing,thing,TARGET,thing,,UNRESOLVED_OR_LEMMA,,GENERAL,MATRYOSHKA_EXTENSION,38,,,,,things,,RESEARCH_ONLY_NEEDS_AUTHORITATIVE_REVIEW
182,183,198,government,government,TARGET,government,,UNRESOLVED_OR_LEMMA,,GENERAL,DIRECT_FALLBACK,,,,,,,,RESEARCH_ONLY_NEEDS_AUTHORITATIVE_REVIEW
183,184,199,house,house,TARGET,house,,UNRESOLVED_OR_LEMMA,,GENERAL,DIRECT_FALLBACK,,,,,,,,RESEARCH_ONLY_NEEDS_AUTHORITATIVE_REVIEW
184,185,200,next,next,TARGET,next,,UNRESOLVED_OR_LEMMA,,GENERAL,DIRECT_FALLBACK,,,,,,,,RESEARCH_ONLY_NEEDS_AUTHORITATIVE_REVIEW
185,186,201,please,please,TARGET,please,,UNRESOLVED_OR_LEMMA,,GENERAL,DIRECT_FALLBACK,,,,,,,,RESEARCH_ONLY_NEEDS_AUTHORITATIVE_REVIEW
186,187,202,god,god,TARGET,god,,UNRESOLVED_OR_LEMMA,,GENERAL_RELIGIOUS_SENSE,MATRYOSHKA_CORE,19,17,,go,,,,RESEARCH_ONLY_NEEDS_AUTHORITATIVE_REVIEW
187,188,203,ever,ever,TARGET,ever,,UNRESOLVED_OR_LEMMA,,GENERAL,MATRYOSHKA_CORE,23,20,,,never,every,,RESEARCH_ONLY_NEEDS_AUTHORITATIVE_REVIEW
188,189,204,family,family,TARGET,family,,UNRESOLVED_OR_LEMMA,,GENERAL,DIRECT_FALLBACK,,,,,,,,RESEARCH_ONLY_NEEDS_AUTHORITATIVE_REVIEW
189,190,205,feel,feel,TARGET,feel,,UNRESOLVED_OR_LEMMA,,GENERAL,DIRECT_FALLBACK,,,,,,,,RESEARCH_ONLY_NEEDS_AUTHORITATIVE_REVIEW
190,191,206,might,might,TARGET,might,,UNRESOLVED_OR_LEMMA,MODAL,GENERAL,DIRECT_FALLBACK,,,,,,,,RESEARCH_ONLY_NEEDS_AUTHORITATIVE_REVIEW
191,192,207,put,put,TARGET,put,,UNRESOLVED_OR_LEMMA,,GENERAL,DIRECT_FALLBACK,,,,,,,,RESEARCH_ONLY_NEEDS_AUTHORITATIVE_REVIEW
192,193,208,however,however,TARGET,however,,UNRESOLVED_OR_LEMMA,,GENERAL,DIRECT_FALLBACK,,,,,,,,RESEARCH_ONLY_NEEDS_AUTHORITATIVE_REVIEW
193,194,209,name,name,TARGET,name,,UNRESOLVED_OR_LEMMA,,GENERAL,DIRECT_FALLBACK,,,,,,,,RESEARCH_ONLY_NEEDS_AUTHORITATIVE_REVIEW
194,195,210,number,number,TARGET,number,,UNRESOLVED_OR_LEMMA,,GENERAL,DIRECT_FALLBACK,,,,,,,,RESEARCH_ONLY_NEEDS_AUTHORITATIVE_REVIEW
195,196,211,second,second,TARGET,second,,UNRESOLVED_OR_LEMMA,,GENERAL,DIRECT_FALLBACK,,,,,,,,RESEARCH_ONLY_NEEDS_AUTHORITATIVE_REVIEW
196,197,212,show,show,TARGET,show,,UNRESOLVED_OR_LEMMA,,GENERAL,MATRYOSHKA_CORE,15,14,how,,,,,RESEARCH_ONLY_NEEDS_AUTHORITATIVE_REVIEW
197,198,214,left,left,TARGET,leave,left,FORM_AND_LEMMA,,GENERAL,DIRECT_FALLBACK,,,,,,,,RESEARCH_ONLY_NEEDS_AUTHORITATIVE_REVIEW
198,199,215,big,big,TARGET,big,,UNRESOLVED_OR_LEMMA,,GENERAL,DIRECT_FALLBACK,,,,,,,,RESEARCH_ONLY_NEEDS_AUTHORITATIVE_REVIEW
199,200,217,keep,keep,TARGET,keep,,UNRESOLVED_OR_LEMMA,,GENERAL,DIRECT_FALLBACK,,,,,,,,RESEARCH_ONLY_NEEDS_AUTHORITATIVE_REVIEW
200,201,218,night,night,TARGET,night,,UNRESOLVED_OR_LEMMA,,GENERAL,DIRECT_FALLBACK,,,,,,,,RESEARCH_ONLY_NEEDS_AUTHORITATIVE_REVIEW
201,202,219,sure,sure,TARGET,sure,,UNRESOLVED_OR_LEMMA,,GENERAL,DIRECT_FALLBACK,,,,,,,,RESEARCH_ONLY_NEEDS_AUTHORITATIVE_REVIEW
202,203,221,set,set,TARGET,set,,UNRESOLVED_OR_LEMMA,,GENERAL,DIRECT_FALLBACK,,,,,,,,RESEARCH_ONLY_NEEDS_AUTHORITATIVE_REVIEW
203,204,222,team,team,TARGET,team,,UNRESOLVED_OR_LEMMA,,GENERAL,DIRECT_FALLBACK,,,,,,,,RESEARCH_ONLY_NEEDS_AUTHORITATIVE_REVIEW
204,205,223,until,until,TARGET,until,,UNRESOLVED_OR_LEMMA,PREPOSITION,GENERAL,DIRECT_FALLBACK,,,,,,,,RESEARCH_ONLY_NEEDS_AUTHORITATIVE_REVIEW
205,206,224,away,away,TARGET,away,,UNRESOLVED_OR_LEMMA,,GENERAL,MATRYOSHKA_CORE,22,19,way,,,,,RESEARCH_ONLY_NEEDS_AUTHORITATIVE_REVIEW
206,207,225,called,called,TARGET,call,,INFLECTED_FORM,,GENERAL,DIRECT_FALLBACK,,,,,,,,RESEARCH_ONLY_NEEDS_AUTHORITATIVE_REVIEW
207,208,226,case,case,TARGET,case,,UNRESOLVED_OR_LEMMA,,GENERAL,DIRECT_FALLBACK,,,,,,,,RESEARCH_ONLY_NEEDS_AUTHORITATIVE_REVIEW
208,209,227,days,days,TARGET,day,,REGULAR_S_FORM,,GENERAL,MATRYOSHKA_EXTENSION,27,,,day,,,,RESEARCH_ONLY_NEEDS_AUTHORITATIVE_REVIEW
209,210,228,different,different,TARGET,different,,UNRESOLVED_OR_LEMMA,,GENERAL,DIRECT_FALLBACK,,,,,,,,RESEARCH_ONLY_NEEDS_AUTHORITATIVE_REVIEW
210,211,229,group,group,TARGET,group,,UNRESOLVED_OR_LEMMA,,GENERAL,DIRECT_FALLBACK,,,,,,,,RESEARCH_ONLY_NEEDS_AUTHORITATIVE_REVIEW
211,212,230,money,money,TARGET,money,,UNRESOLVED_OR_LEMMA,,GENERAL,DIRECT_FALLBACK,,,,,,,,RESEARCH_ONLY_NEEDS_AUTHORITATIVE_REVIEW
212,213,231,let,let,TARGET,let,,UNRESOLVED_OR_LEMMA,,GENERAL,DIRECT_FALLBACK,,,,,,,,RESEARCH_ONLY_NEEDS_AUTHORITATIVE_REVIEW
213,214,232,someone,someone,TARGET,someone,,UNRESOLVED_OR_LEMMA,PRONOUN,GENERAL,DIRECT_FALLBACK,,,,,,,,RESEARCH_ONLY_NEEDS_AUTHORITATIVE_REVIEW
214,215,233,thought,thought,TARGET,think,thought,FORM_AND_LEMMA,,GENERAL,MATRYOSHKA_CORE,40,25,,though,,,,RESEARCH_ONLY_NEEDS_AUTHORITATIVE_REVIEW
215,216,234,already,already,TARGET,already,,UNRESOLVED_OR_LEMMA,,GENERAL,DIRECT_FALLBACK,,,,,,,,RESEARCH_ONLY_NEEDS_AUTHORITATIVE_REVIEW
216,217,235,city,city,TARGET,city,,UNRESOLVED_OR_LEMMA,,GENERAL,DIRECT_FALLBACK,,,,,,,,RESEARCH_ONLY_NEEDS_AUTHORITATIVE_REVIEW
217,219,237,play,play,TARGET,play,,UNRESOLVED_OR_LEMMA,,GENERAL,DIRECT_FALLBACK,,,,,,,,RESEARCH_ONLY_NEEDS_AUTHORITATIVE_REVIEW
218,220,238,public,public,TARGET,public,,UNRESOLVED_OR_LEMMA,,GENERAL,DIRECT_FALLBACK,,,,,,,,RESEARCH_ONLY_NEEDS_AUTHORITATIVE_REVIEW
219,221,239,system,system,TARGET,system,,UNRESOLVED_OR_LEMMA,,GENERAL,DIRECT_FALLBACK,,,,,,,,RESEARCH_ONLY_NEEDS_AUTHORITATIVE_REVIEW
220,222,240,doing,doing,TARGET,do,,INFLECTED_FORM,AUXILIARY,GENERAL,DIRECT_FALLBACK,,,,,,,,RESEARCH_ONLY_NEEDS_AUTHORITATIVE_REVIEW
221,223,241,done,done,TARGET,do,,IRREGULAR_FORM,AUXILIARY,GENERAL,MATRYOSHKA_CORE,8,8,one,don,,,,RESEARCH_ONLY_NEEDS_AUTHORITATIVE_REVIEW
222,224,242,few,few,TARGET,few,,UNRESOLVED_OR_LEMMA,DETERMINER|PRONOUN,GENERAL,DIRECT_FALLBACK,,,,,,,,RESEARCH_ONLY_NEEDS_AUTHORITATIVE_REVIEW
223,225,243,national,national,TARGET,national,,UNRESOLVED_OR_LEMMA,,GENERAL,DIRECT_FALLBACK,,,,,,,,RESEARCH_ONLY_NEEDS_AUTHORITATIVE_REVIEW
224,226,244,real,real,TARGET,real,,UNRESOLVED_OR_LEMMA,,GENERAL,DIRECT_FALLBACK,,,,,,,,RESEARCH_ONLY_NEEDS_AUTHORITATIVE_REVIEW
225,227,245,free,free,TARGET,free,,UNRESOLVED_OR_LEMMA,,GENERAL,DIRECT_FALLBACK,,,,,,,,RESEARCH_ONLY_NEEDS_AUTHORITATIVE_REVIEW
226,228,246,having,having,TARGET,have,,INFLECTED_FORM,AUXILIARY,GENERAL,DIRECT_FALLBACK,,,,,,,,RESEARCH_ONLY_NEEDS_AUTHORITATIVE_REVIEW
227,229,247,person,person,TARGET,person,,UNRESOLVED_OR_LEMMA,,GENERAL,DIRECT_FALLBACK,,,,,,,,RESEARCH_ONLY_NEEDS_AUTHORITATIVE_REVIEW
228,230,248,change,change,TARGET,change,,UNRESOLVED_OR_LEMMA,,GENERAL,DIRECT_FALLBACK,,,,,,,,RESEARCH_ONLY_NEEDS_AUTHORITATIVE_REVIEW
229,232,250,general,general,TARGET,general,,UNRESOLVED_OR_LEMMA,,GENERAL,DIRECT_FALLBACK,,,,,,,,RESEARCH_ONLY_NEEDS_AUTHORITATIVE_REVIEW
230,233,251,lot,lot,TARGET,lot,,UNRESOLVED_OR_LEMMA,,GENERAL,DIRECT_FALLBACK,,,,,,,,RESEARCH_ONLY_NEEDS_AUTHORITATIVE_REVIEW
231,234,252,point,point,TARGET,point,,UNRESOLVED_OR_LEMMA,,GENERAL,DIRECT_FALLBACK,,,,,,,,RESEARCH_ONLY_NEEDS_AUTHORITATIVE_REVIEW
232,235,253,times,times,TARGET,time,,REGULAR_S_FORM,,GENERAL,MATRYOSHKA_EXTENSION,13,,,time,,,,RESEARCH_ONLY_NEEDS_AUTHORITATIVE_REVIEW
233,236,254,women,women,TARGET,woman,,IRREGULAR_PLURAL,,GENERAL,DIRECT_FALLBACK,,,,,,,,RESEARCH_ONLY_NEEDS_AUTHORITATIVE_REVIEW
234,237,255,yet,yet,TARGET,yet,,UNRESOLVED_OR_LEMMA,,GENERAL,DIRECT_FALLBACK,,,,,,,,RESEARCH_ONLY_NEEDS_AUTHORITATIVE_REVIEW
235,238,257,anything,anything,TARGET,anything,,UNRESOLVED_OR_LEMMA,PRONOUN,GENERAL,DIRECT_FALLBACK,,,,,,,,RESEARCH_ONLY_NEEDS_AUTHORITATIVE_REVIEW
236,239,258,care,care,TARGET,care,,UNRESOLVED_OR_LEMMA,,GENERAL,MATRYOSHKA_CORE,9,9,are,car,,,,RESEARCH_ONLY_NEEDS_AUTHORITATIVE_REVIEW
237,241,260,four,four,TARGET,four,,UNRESOLVED_OR_LEMMA,,GENERAL,MATRYOSHKA_CORE,7,7,our,,,,,RESEARCH_ONLY_NEEDS_AUTHORITATIVE_REVIEW
238,242,261,including,including,TARGET,include,,INFLECTED_FORM,,GENERAL,DIRECT_FALLBACK,,,,,,,,RESEARCH_ONLY_NEEDS_AUTHORITATIVE_REVIEW
239,243,262,nothing,nothing,TARGET,nothing,,UNRESOLVED_OR_LEMMA,PRONOUN,GENERAL,DIRECT_FALLBACK,,,,,,,,RESEARCH_ONLY_NEEDS_AUTHORITATIVE_REVIEW
240,244,263,today,today,TARGET,today,,UNRESOLVED_OR_LEMMA,,GENERAL,DIRECT_FALLBACK,,,,,,,,RESEARCH_ONLY_NEEDS_AUTHORITATIVE_REVIEW
241,245,264,water,water,TARGET,water,,UNRESOLVED_OR_LEMMA,,GENERAL,DIRECT_FALLBACK,,,,,,,,RESEARCH_ONLY_NEEDS_AUTHORITATIVE_REVIEW
242,246,265,bad,bad,TARGET,bad,,UNRESOLVED_OR_LEMMA,,GENERAL,MATRYOSHKA_CORE,4,4,ad,,,,,RESEARCH_ONLY_NEEDS_AUTHORITATIVE_REVIEW
243,247,266,business,business,TARGET,business,,UNRESOLVED_OR_LEMMA,,GENERAL,DIRECT_FALLBACK,,,,,,,,RESEARCH_ONLY_NEEDS_AUTHORITATIVE_REVIEW
244,248,267,children,children,TARGET,child,,IRREGULAR_PLURAL,,GENERAL,DIRECT_FALLBACK,,,,,,,,RESEARCH_ONLY_NEEDS_AUTHORITATIVE_REVIEW
245,249,268,company,company,TARGET,company,,UNRESOLVED_OR_LEMMA,,GENERAL,DIRECT_FALLBACK,,,,,,,,RESEARCH_ONLY_NEEDS_AUTHORITATIVE_REVIEW
246,250,269,everything,everything,TARGET,everything,,UNRESOLVED_OR_LEMMA,PRONOUN,GENERAL,DIRECT_FALLBACK,,,,,,,,RESEARCH_ONLY_NEEDS_AUTHORITATIVE_REVIEW
247,251,270,live,live,TARGET,live,,UNRESOLVED_OR_LEMMA,,GENERAL,DIRECT_FALLBACK,,,,,,,,RESEARCH_ONLY_NEEDS_AUTHORITATIVE_REVIEW
248,252,271,mean,mean,TARGET,mean,,UNRESOLVED_OR_LEMMA,,GENERAL,MATRYOSHKA_EXTENSION,41,,,,,means,,RESEARCH_ONLY_NEEDS_AUTHORITATIVE_REVIEW
249,253,272,once,once,TARGET,once,,UNRESOLVED_OR_LEMMA,,GENERAL,DIRECT_FALLBACK,,,,,,,,RESEARCH_ONLY_NEEDS_AUTHORITATIVE_REVIEW
250,254,273,power,power,TARGET,power,,UNRESOLVED_OR_LEMMA,,GENERAL,DIRECT_FALLBACK,,,,,,,,RESEARCH_ONLY_NEEDS_AUTHORITATIVE_REVIEW
251,255,274,thanks,thanks,TARGET,thank,thanks,FORM_AND_LEMMA,,GENERAL,MATRYOSHKA_EXTENSION,17,,,thank,,,,RESEARCH_ONLY_NEEDS_AUTHORITATIVE_REVIEW
252,256,275,told,told,TARGET,tell,,IRREGULAR_FORM,,GENERAL,MATRYOSHKA_CORE,35,24,old,,,,,RESEARCH_ONLY_NEEDS_AUTHORITATIVE_REVIEW
253,257,276,came,came,TARGET,come,,IRREGULAR_FORM,,GENERAL,DIRECT_FALLBACK,,,,,,,,RESEARCH_ONLY_NEEDS_AUTHORITATIVE_REVIEW
254,258,277,country,country,TARGET,country,,UNRESOLVED_OR_LEMMA,,GENERAL,DIRECT_FALLBACK,,,,,,,,RESEARCH_ONLY_NEEDS_AUTHORITATIVE_REVIEW
255,259,278,enough,enough,TARGET,enough,,UNRESOLVED_OR_LEMMA,,GENERAL,DIRECT_FALLBACK,,,,,,,,RESEARCH_ONLY_NEEDS_AUTHORITATIVE_REVIEW
256,260,279,following,following,TARGET,follow,following,FORM_AND_LEMMA,,GENERAL,DIRECT_FALLBACK,,,,,,,,RESEARCH_ONLY_NEEDS_AUTHORITATIVE_REVIEW
257,261,280,getting,getting,TARGET,get,,INFLECTED_FORM,,GENERAL,DIRECT_FALLBACK,,,,,,,,RESEARCH_ONLY_NEEDS_AUTHORITATIVE_REVIEW
258,262,281,head,head,TARGET,head,,UNRESOLVED_OR_LEMMA,,GENERAL,DIRECT_FALLBACK,,,,,,,,RESEARCH_ONLY_NEEDS_AUTHORITATIVE_REVIEW
259,263,282,later,later,TARGET,late,later,FORM_AND_LEMMA,,GENERAL,MATRYOSHKA_EXTENSION,42,,,late,,,,RESEARCH_ONLY_NEEDS_AUTHORITATIVE_REVIEW
260,264,283,looking,looking,TARGET,look,,INFLECTED_FORM,,GENERAL,DIRECT_FALLBACK,,,,,,,,RESEARCH_ONLY_NEEDS_AUTHORITATIVE_REVIEW
261,265,284,seen,seen,TARGET,see,,IRREGULAR_FORM,,GENERAL,MATRYOSHKA_EXTENSION,18,,,see,,,,RESEARCH_ONLY_NEEDS_AUTHORITATIVE_REVIEW
262,266,285,small,small,TARGET,small,,UNRESOLVED_OR_LEMMA,,GENERAL,MATRYOSHKA_CORE,11,11,mall,,,,,RESEARCH_ONLY_NEEDS_AUTHORITATIVE_REVIEW
263,267,286,start,start,TARGET,start,,UNRESOLVED_OR_LEMMA,,GENERAL,DIRECT_FALLBACK,,,,,,,,RESEARCH_ONLY_NEEDS_AUTHORITATIVE_REVIEW
264,268,287,tell,tell,TARGET,tell,,UNRESOLVED_OR_LEMMA,,GENERAL,DIRECT_FALLBACK,,,,,,,,RESEARCH_ONLY_NEEDS_AUTHORITATIVE_REVIEW
265,269,288,took,took,TARGET,take,,IRREGULAR_FORM,,GENERAL,MATRYOSHKA_CORE,3,3,,too,,,,RESEARCH_ONLY_NEEDS_AUTHORITATIVE_REVIEW
266,270,289,top,top,TARGET,top,,UNRESOLVED_OR_LEMMA,,GENERAL,MATRYOSHKA_CORE,3,3,,to,stop,,,RESEARCH_ONLY_NEEDS_AUTHORITATIVE_REVIEW
267,271,290,went,went,TARGET,go,,IRREGULAR_FORM,,GENERAL,DIRECT_FALLBACK,,,,,,,,RESEARCH_ONLY_NEEDS_AUTHORITATIVE_REVIEW
268,272,291,based,based,TARGET,base,based,FORM_AND_LEMMA,,GENERAL,DIRECT_FALLBACK,,,,,,,,RESEARCH_ONLY_NEEDS_AUTHORITATIVE_REVIEW
269,273,292,far,far,TARGET,far,,UNRESOLVED_OR_LEMMA,,GENERAL,DIRECT_FALLBACK,,,,,,,,RESEARCH_ONLY_NEEDS_AUTHORITATIVE_REVIEW
270,274,293,law,law,TARGET,law,,UNRESOLVED_OR_LEMMA,,GENERAL,DIRECT_FALLBACK,,,,,,,,RESEARCH_ONLY_NEEDS_AUTHORITATIVE_REVIEW
271,275,294,less,less,TARGET,less,,UNRESOLVED_OR_LEMMA,,GENERAL,DIRECT_FALLBACK,,,,,,,,RESEARCH_ONLY_NEEDS_AUTHORITATIVE_REVIEW
272,276,295,making,making,TARGET,make,,INFLECTED_FORM,,GENERAL,DIRECT_FALLBACK,,,,,,,,RESEARCH_ONLY_NEEDS_AUTHORITATIVE_REVIEW
273,277,296,music,music,TARGET,music,,UNRESOLVED_OR_LEMMA,,GENERAL,DIRECT_FALLBACK,,,,,,,,RESEARCH_ONLY_NEEDS_AUTHORITATIVE_REVIEW
274,278,297,order,order,TARGET,order,,UNRESOLVED_OR_LEMMA,,GENERAL,DIRECT_FALLBACK,,,,,,,,RESEARCH_ONLY_NEEDS_AUTHORITATIVE_REVIEW
275,279,298,party,party,TARGET,party,,UNRESOLVED_OR_LEMMA,,GENERAL,MATRYOSHKA_CORE,32,23,,part,,,,RESEARCH_ONLY_NEEDS_AUTHORITATIVE_REVIEW
276,280,299,states,states,TARGET,state,,REGULAR_S_FORM,,GENERAL,MATRYOSHKA_EXTENSION,36,,,state,,,,RESEARCH_ONLY_NEEDS_AUTHORITATIVE_REVIEW
277,281,300,though,though,TARGET,though,,UNRESOLVED_OR_LEMMA,CONJUNCTION,GENERAL,MATRYOSHKA_CORE,40,25,,,,thought,,RESEARCH_ONLY_NEEDS_AUTHORITATIVE_REVIEW
278,282,301,week,week,TARGET,week,,UNRESOLVED_OR_LEMMA,,GENERAL,DIRECT_FALLBACK,,,,,,,,RESEARCH_ONLY_NEEDS_AUTHORITATIVE_REVIEW
279,283,302,call,call,TARGET,call,,UNRESOLVED_OR_LEMMA,,GENERAL,MATRYOSHKA_CORE,11,11,all,,,,,RESEARCH_ONLY_NEEDS_AUTHORITATIVE_REVIEW
280,284,303,full,full,TARGET,full,,UNRESOLVED_OR_LEMMA,,GENERAL,DIRECT_FALLBACK,,,,,,,,RESEARCH_ONLY_NEEDS_AUTHORITATIVE_REVIEW
281,285,304,hard,hard,TARGET,hard,,UNRESOLVED_OR_LEMMA,,GENERAL,DIRECT_FALLBACK,,,,,,,,RESEARCH_ONLY_NEEDS_AUTHORITATIVE_REVIEW
282,286,305,men,men,TARGET,man,,IRREGULAR_PLURAL,,GENERAL,MATRYOSHKA_CORE,12,12,,me,,,,RESEARCH_ONLY_NEEDS_AUTHORITATIVE_REVIEW
283,287,306,war,war,TARGET,war,,UNRESOLVED_OR_LEMMA,,GENERAL,DIRECT_FALLBACK,,,,,,,,RESEARCH_ONLY_NEEDS_AUTHORITATIVE_REVIEW
284,288,307,yes,yes,TARGET,yes,,UNRESOLVED_OR_LEMMA,,GENERAL,DIRECT_FALLBACK,,,,,,,,RESEARCH_ONLY_NEEDS_AUTHORITATIVE_REVIEW
285,289,310,read,read,TARGET,read,,UNRESOLVED_OR_LEMMA,,GENERAL,DIRECT_FALLBACK,,,,,,,,RESEARCH_ONLY_NEEDS_AUTHORITATIVE_REVIEW
286,290,311,side,side,TARGET,side,,UNRESOLVED_OR_LEMMA,,GENERAL,DIRECT_FALLBACK,,,,,,,,RESEARCH_ONLY_NEEDS_AUTHORITATIVE_REVIEW
287,291,312,stop,stop,TARGET,stop,,UNRESOLVED_OR_LEMMA,,GENERAL,MATRYOSHKA_CORE,3,3,top,,,,,RESEARCH_ONLY_NEEDS_AUTHORITATIVE_REVIEW
288,292,313,support,support,TARGET,support,,UNRESOLVED_OR_LEMMA,,GENERAL,DIRECT_FALLBACK,,,,,,,,RESEARCH_ONLY_NEEDS_AUTHORITATIVE_REVIEW
289,293,314,thank,thank,TARGET,thank,,UNRESOLVED_OR_LEMMA,,GENERAL,MATRYOSHKA_CORE,17,16,,than,,thanks,,RESEARCH_ONLY_NEEDS_AUTHORITATIVE_REVIEW
290,294,315,believe,believe,TARGET,believe,,UNRESOLVED_OR_LEMMA,,GENERAL,DIRECT_FALLBACK,,,,,,,,RESEARCH_ONLY_NEEDS_AUTHORITATIVE_REVIEW
291,295,316,line,line,TARGET,line,,UNRESOLVED_OR_LEMMA,,GENERAL,DIRECT_FALLBACK,,,,,,,,RESEARCH_ONLY_NEEDS_AUTHORITATIVE_REVIEW
292,296,317,oh,oh,TARGET,oh,,UNRESOLVED_OR_LEMMA,INTERJECTION,INTERJECTION,DIRECT_FALLBACK,,,,,,,,RESEARCH_ONLY_NEEDS_AUTHORITATIVE_REVIEW
293,297,318,open,open,TARGET,open,,UNRESOLVED_OR_LEMMA,,GENERAL,DIRECT_FALLBACK,,,,,,,,RESEARCH_ONLY_NEEDS_AUTHORITATIVE_REVIEW
294,298,319,area,area,TARGET,area,,UNRESOLVED_OR_LEMMA,,GENERAL,MATRYOSHKA_CORE,9,9,,are,,,,RESEARCH_ONLY_NEEDS_AUTHORITATIVE_REVIEW
295,299,322,important,important,TARGET,important,,UNRESOLVED_OR_LEMMA,,GENERAL,DIRECT_FALLBACK,,,,,,,,RESEARCH_ONLY_NEEDS_AUTHORITATIVE_REVIEW
296,300,323,run,run,TARGET,run,,UNRESOLVED_OR_LEMMA,,GENERAL,DIRECT_FALLBACK,,,,,,,,RESEARCH_ONLY_NEEDS_AUTHORITATIVE_REVIEW
297,301,324,using,using,TARGET,use,,INFLECTED_FORM,,GENERAL,MATRYOSHKA_EXTENSION,5,,sing,,,,,RESEARCH_ONLY_NEEDS_AUTHORITATIVE_REVIEW
298,302,325,whole,whole,TARGET,whole,,UNRESOLVED_OR_LEMMA,,GENERAL,DIRECT_FALLBACK,,,,,,,,RESEARCH_ONLY_NEEDS_AUTHORITATIVE_REVIEW
299,303,326,five,five,TARGET,five,,UNRESOLVED_OR_LEMMA,,GENERAL,DIRECT_FALLBACK,,,,,,,,RESEARCH_ONLY_NEEDS_AUTHORITATIVE_REVIEW
300,304,327,international,international,TARGET,international,,UNRESOLVED_OR_LEMMA,,GENERAL,DIRECT_FALLBACK,,,,,,,,RESEARCH_ONLY_NEEDS_AUTHORITATIVE_REVIEW
301,305,328,try,try,TARGET,try,,UNRESOLVED_OR_LEMMA,,GENERAL,DIRECT_FALLBACK,,,,,,,,RESEARCH_ONLY_NEEDS_AUTHORITATIVE_REVIEW
302,306,329,white,white,TARGET,white,,UNRESOLVED_OR_LEMMA,,GENERAL,DIRECT_FALLBACK,,,,,,,,RESEARCH_ONLY_NEEDS_AUTHORITATIVE_REVIEW
303,307,330,course,course,TARGET,course,,UNRESOLVED_OR_LEMMA,,GENERAL,DIRECT_FALLBACK,,,,,,,,RESEARCH_ONLY_NEEDS_AUTHORITATIVE_REVIEW
304,308,331,early,early,TARGET,early,,UNRESOLVED_OR_LEMMA,,GENERAL,DIRECT_FALLBACK,,,,,,,,RESEARCH_ONLY_NEEDS_AUTHORITATIVE_REVIEW
305,309,332,face,face,TARGET,face,,UNRESOLVED_OR_LEMMA,,GENERAL,DIRECT_FALLBACK,,,,,,,,RESEARCH_ONLY_NEEDS_AUTHORITATIVE_REVIEW
306,310,333,given,given,TARGET,give,given,FORM_AND_LEMMA,,GENERAL,MATRYOSHKA_EXTENSION,37,,,give,,,,RESEARCH_ONLY_NEEDS_AUTHORITATIVE_REVIEW
307,311,334,job,job,TARGET,job,,UNRESOLVED_OR_LEMMA,,GENERAL,DIRECT_FALLBACK,,,,,,,,RESEARCH_ONLY_NEEDS_AUTHORITATIVE_REVIEW
308,312,335,means,means,TARGET,mean,means,FORM_AND_LEMMA,,GENERAL,MATRYOSHKA_EXTENSION,41,,,mean,,,,RESEARCH_ONLY_NEEDS_AUTHORITATIVE_REVIEW
309,313,336,says,says,TARGET,say,,INFLECTED_FORM,,GENERAL,MATRYOSHKA_EXTENSION,29,,,say,,,,RESEARCH_ONLY_NEEDS_AUTHORITATIVE_REVIEW
310,314,337,social,social,TARGET,social,,UNRESOLVED_OR_LEMMA,,GENERAL,DIRECT_FALLBACK,,,,,,,,RESEARCH_ONLY_NEEDS_AUTHORITATIVE_REVIEW
311,315,339,together,together,TARGET,together,,UNRESOLVED_OR_LEMMA,,GENERAL,DIRECT_FALLBACK,,,,,,,,RESEARCH_ONLY_NEEDS_AUTHORITATIVE_REVIEW
312,316,340,united,united,TARGET,unite,united,FORM_AND_LEMMA,,GENERAL,DIRECT_FALLBACK,,,,,,,,RESEARCH_ONLY_NEEDS_AUTHORITATIVE_REVIEW
313,317,341,within,within,TARGET,within,,UNRESOLVED_OR_LEMMA,PREPOSITION,GENERAL,DIRECT_FALLBACK,,,,,,,,RESEARCH_ONLY_NEEDS_AUTHORITATIVE_REVIEW
314,318,342,working,working,TARGET,work,,INFLECTED_FORM,,GENERAL,DIRECT_FALLBACK,,,,,,,,RESEARCH_ONLY_NEEDS_AUTHORITATIVE_REVIEW
315,319,343,young,young,TARGET,young,,UNRESOLVED_OR_LEMMA,,GENERAL,DIRECT_FALLBACK,,,,,,,,RESEARCH_ONLY_NEEDS_AUTHORITATIVE_REVIEW
316,320,344,actually,actually,TARGET,actually,,UNRESOLVED_OR_LEMMA,,GENERAL,DIRECT_FALLBACK,,,,,,,,RESEARCH_ONLY_NEEDS_AUTHORITATIVE_REVIEW
317,322,346,black,black,TARGET,black,,UNRESOLVED_OR_LEMMA,,GENERAL,DIRECT_FALLBACK,,,,,,,,RESEARCH_ONLY_NEEDS_AUTHORITATIVE_REVIEW
318,323,347,kind,kind,TARGET,kind,,UNRESOLVED_OR_LEMMA,,GENERAL,DIRECT_FALLBACK,,,,,,,,RESEARCH_ONLY_NEEDS_AUTHORITATIVE_REVIEW
319,324,348,mind,mind,TARGET,mind,,UNRESOLVED_OR_LEMMA,,GENERAL,DIRECT_FALLBACK,,,,,,,,RESEARCH_ONLY_NEEDS_AUTHORITATIVE_REVIEW
320,325,349,fact,fact,TARGET,fact,,UNRESOLVED_OR_LEMMA,,GENERAL,MATRYOSHKA_CORE,43,26,act,,,,,RESEARCH_ONLY_NEEDS_AUTHORITATIVE_REVIEW
321,326,350,least,least,TARGET,least,,UNRESOLVED_OR_LEMMA,,GENERAL,DIRECT_FALLBACK,,,,,,,,RESEARCH_ONLY_NEEDS_AUTHORITATIVE_REVIEW
322,327,351,makes,makes,TARGET,make,,INFLECTED_FORM,,GENERAL,MATRYOSHKA_EXTENSION,20,,,make,,,,RESEARCH_ONLY_NEEDS_AUTHORITATIVE_REVIEW
323,328,352,per,per,TARGET,per,,UNRESOLVED_OR_LEMMA,PREPOSITION,GENERAL,DIRECT_FALLBACK,,,,,,,,RESEARCH_ONLY_NEEDS_AUTHORITATIVE_REVIEW
324,329,353,service,service,TARGET,service,,UNRESOLVED_OR_LEMMA,,GENERAL,DIRECT_FALLBACK,,,,,,,,RESEARCH_ONLY_NEEDS_AUTHORITATIVE_REVIEW
325,331,355,trying,trying,TARGET,try,,INFLECTED_FORM,,GENERAL,DIRECT_FALLBACK,,,,,,,,RESEARCH_ONLY_NEEDS_AUTHORITATIVE_REVIEW
326,332,357,able,able,TARGET,able,,UNRESOLVED_OR_LEMMA,,GENERAL,DIRECT_FALLBACK,,,,,,,,RESEARCH_ONLY_NEEDS_AUTHORITATIVE_REVIEW
327,333,358,become,become,TARGET,become,,UNRESOLVED_OR_LEMMA,,GENERAL,DIRECT_FALLBACK,,,,,,,,RESEARCH_ONLY_NEEDS_AUTHORITATIVE_REVIEW
328,334,359,car,car,TARGET,car,,UNRESOLVED_OR_LEMMA,,GENERAL,MATRYOSHKA_CORE,9,9,,,,care,,RESEARCH_ONLY_NEEDS_AUTHORITATIVE_REVIEW
329,335,360,death,death,TARGET,death,,UNRESOLVED_OR_LEMMA,,GENERAL,DIRECT_FALLBACK,,,,,,,,RESEARCH_ONLY_NEEDS_AUTHORITATIVE_REVIEW
330,336,361,everyone,everyone,TARGET,everyone,,UNRESOLVED_OR_LEMMA,PRONOUN,GENERAL,DIRECT_FALLBACK,,,,,,,,RESEARCH_ONLY_NEEDS_AUTHORITATIVE_REVIEW
331,337,362,food,food,TARGET,food,,UNRESOLVED_OR_LEMMA,,GENERAL,DIRECT_FALLBACK,,,,,,,,RESEARCH_ONLY_NEEDS_AUTHORITATIVE_REVIEW
332,338,363,information,information,TARGET,information,,UNRESOLVED_OR_LEMMA,,GENERAL,DIRECT_FALLBACK,,,,,,,,RESEARCH_ONLY_NEEDS_AUTHORITATIVE_REVIEW
333,339,364,level,level,TARGET,level,,UNRESOLVED_OR_LEMMA,,GENERAL,DIRECT_FALLBACK,,,,,,,,RESEARCH_ONLY_NEEDS_AUTHORITATIVE_REVIEW
334,340,365,local,local,TARGET,local,,UNRESOLVED_OR_LEMMA,,GENERAL,DIRECT_FALLBACK,,,,,,,,RESEARCH_ONLY_NEEDS_AUTHORITATIVE_REVIEW
335,341,366,often,often,TARGET,often,,UNRESOLVED_OR_LEMMA,,GENERAL,DIRECT_FALLBACK,,,,,,,,RESEARCH_ONLY_NEEDS_AUTHORITATIVE_REVIEW
336,342,367,others,others,TARGET,other,,REGULAR_S_FORM,,GENERAL,MATRYOSHKA_EXTENSION,16,,,other,,,,RESEARCH_ONLY_NEEDS_AUTHORITATIVE_REVIEW
337,343,368,several,several,TARGET,several,,UNRESOLVED_OR_LEMMA,,GENERAL,DIRECT_FALLBACK,,,,,,,,RESEARCH_ONLY_NEEDS_AUTHORITATIVE_REVIEW
338,344,369,true,true,TARGET,true,,UNRESOLVED_OR_LEMMA,,GENERAL,DIRECT_FALLBACK,,,,,,,,RESEARCH_ONLY_NEEDS_AUTHORITATIVE_REVIEW
339,345,370,control,control,TARGET,control,,UNRESOLVED_OR_LEMMA,,GENERAL,DIRECT_FALLBACK,,,,,,,,RESEARCH_ONLY_NEEDS_AUTHORITATIVE_REVIEW
340,346,371,friends,friends,TARGET,friend,,REGULAR_S_FORM,,GENERAL,MATRYOSHKA_EXTENSION,44,,,friend,,,,RESEARCH_ONLY_NEEDS_AUTHORITATIVE_REVIEW
341,347,372,games,games,TARGET,game,,REGULAR_S_FORM,,GENERAL,MATRYOSHKA_EXTENSION,39,,,game,,,,RESEARCH_ONLY_NEEDS_AUTHORITATIVE_REVIEW
342,348,373,half,half,TARGET,half,,UNRESOLVED_OR_LEMMA,,GENERAL,DIRECT_FALLBACK,,,,,,,,RESEARCH_ONLY_NEEDS_AUTHORITATIVE_REVIEW
343,349,374,maybe,maybe,TARGET,maybe,,UNRESOLVED_OR_LEMMA,,GENERAL,DIRECT_FALLBACK,,,,,,,,RESEARCH_ONLY_NEEDS_AUTHORITATIVE_REVIEW
344,350,375,news,news,TARGET,news,,UNRESOLVED_OR_LEMMA,,GENERAL,MATRYOSHKA_CORE,14,13,,new,,,,RESEARCH_ONLY_NEEDS_AUTHORITATIVE_REVIEW
345,351,376,problem,problem,TARGET,problem,,UNRESOLVED_OR_LEMMA,,GENERAL,DIRECT_FALLBACK,,,,,,,,RESEARCH_ONLY_NEEDS_AUTHORITATIVE_REVIEW
346,352,377,air,air,TARGET,air,,UNRESOLVED_OR_LEMMA,,GENERAL,DIRECT_FALLBACK,,,,,,,,RESEARCH_ONLY_NEEDS_AUTHORITATIVE_REVIEW
347,354,379,body,body,TARGET,body,,UNRESOLVED_OR_LEMMA,,GENERAL,DIRECT_FALLBACK,,,,,,,,RESEARCH_ONLY_NEEDS_AUTHORITATIVE_REVIEW
348,355,380,book,book,TARGET,book,,UNRESOLVED_OR_LEMMA,,GENERAL,DIRECT_FALLBACK,,,,,,,,RESEARCH_ONLY_NEEDS_AUTHORITATIVE_REVIEW
349,356,381,guys,guys,TARGET,guy,,REGULAR_S_FORM,,INFORMAL,MATRYOSHKA_EXTENSION,45,,,guy,,,,RESEARCH_ONLY_NEEDS_AUTHORITATIVE_REVIEW
350,357,382,hand,hand,TARGET,hand,,UNRESOLVED_OR_LEMMA,,GENERAL,MATRYOSHKA_CORE,4,4,and,,,,,RESEARCH_ONLY_NEEDS_AUTHORITATIVE_REVIEW
351,358,383,health,health,TARGET,health,,UNRESOLVED_OR_LEMMA,,GENERAL,DIRECT_FALLBACK,,,,,,,,RESEARCH_ONLY_NEEDS_AUTHORITATIVE_REVIEW
352,359,384,hope,hope,TARGET,hope,,UNRESOLVED_OR_LEMMA,,GENERAL,DIRECT_FALLBACK,,,,,,,,RESEARCH_ONLY_NEEDS_AUTHORITATIVE_REVIEW
353,360,385,human,human,TARGET,human,,UNRESOLVED_OR_LEMMA,,GENERAL,DIRECT_FALLBACK,,,,,,,,RESEARCH_ONLY_NEEDS_AUTHORITATIVE_REVIEW
354,361,386,known,known,TARGET,know,,IRREGULAR_FORM,,GENERAL,MATRYOSHKA_EXTENSION,10,,,know,,,,RESEARCH_ONLY_NEEDS_AUTHORITATIVE_REVIEW
355,362,387,large,large,TARGET,large,,UNRESOLVED_OR_LEMMA,,GENERAL,DIRECT_FALLBACK,,,,,,,,RESEARCH_ONLY_NEEDS_AUTHORITATIVE_REVIEW
356,364,389,president,president,TARGET,president,,UNRESOLVED_OR_LEMMA,,GENERAL,DIRECT_FALLBACK,,,,,,,,RESEARCH_ONLY_NEEDS_AUTHORITATIVE_REVIEW
357,365,390,talk,talk,TARGET,talk,,UNRESOLVED_OR_LEMMA,,GENERAL,DIRECT_FALLBACK,,,,,,,,RESEARCH_ONLY_NEEDS_AUTHORITATIVE_REVIEW
358,366,391,almost,almost,TARGET,almost,,UNRESOLVED_OR_LEMMA,,GENERAL,DIRECT_FALLBACK,,,,,,,,RESEARCH_ONLY_NEEDS_AUTHORITATIVE_REVIEW
359,367,392,court,court,TARGET,court,,UNRESOLVED_OR_LEMMA,,GENERAL,DIRECT_FALLBACK,,,,,,,,RESEARCH_ONLY_NEEDS_AUTHORITATIVE_REVIEW
360,368,393,friend,friend,TARGET,friend,,UNRESOLVED_OR_LEMMA,,GENERAL,MATRYOSHKA_EXTENSION,44,,,,,friends,,RESEARCH_ONLY_NEEDS_AUTHORITATIVE_REVIEW
361,369,394,history,history,TARGET,history,,UNRESOLVED_OR_LEMMA,,GENERAL,DIRECT_FALLBACK,,,,,,,,RESEARCH_ONLY_NEEDS_AUTHORITATIVE_REVIEW
362,370,395,hours,hours,TARGET,hour,,REGULAR_S_FORM,,GENERAL,MATRYOSHKA_EXTENSION,7,,,hour,,,,RESEARCH_ONLY_NEEDS_AUTHORITATIVE_REVIEW
363,371,396,lost,lost,TARGET,lose,lost,FORM_AND_LEMMA,,GENERAL,DIRECT_FALLBACK,,,,,,,,RESEARCH_ONLY_NEEDS_AUTHORITATIVE_REVIEW
364,372,397,members,members,TARGET,member,,REGULAR_S_FORM,,GENERAL,DIRECT_FALLBACK,,,,,,,,RESEARCH_ONLY_NEEDS_AUTHORITATIVE_REVIEW
365,373,398,possible,possible,TARGET,possible,,UNRESOLVED_OR_LEMMA,,GENERAL,DIRECT_FALLBACK,,,,,,,,RESEARCH_ONLY_NEEDS_AUTHORITATIVE_REVIEW
366,374,399,season,season,TARGET,season,,UNRESOLVED_OR_LEMMA,,GENERAL,DIRECT_FALLBACK,,,,,,,,RESEARCH_ONLY_NEEDS_AUTHORITATIVE_REVIEW
367,375,400,south,south,TARGET,south,,UNRESOLVED_OR_LEMMA,,GENERAL,DIRECT_FALLBACK,,,,,,,,RESEARCH_ONLY_NEEDS_AUTHORITATIVE_REVIEW
368,376,401,story,story,TARGET,story,,UNRESOLVED_OR_LEMMA,,GENERAL,DIRECT_FALLBACK,,,,,,,,RESEARCH_ONLY_NEEDS_AUTHORITATIVE_REVIEW
369,377,402,video,video,TARGET,video,,UNRESOLVED_OR_LEMMA,,GENERAL,DIRECT_FALLBACK,,,,,,,,RESEARCH_ONLY_NEEDS_AUTHORITATIVE_REVIEW
370,378,403,yeah,yeah,TARGET,yeah,,UNRESOLVED_OR_LEMMA,INTERJECTION,INFORMAL,DIRECT_FALLBACK,,,,,,,,RESEARCH_ONLY_NEEDS_AUTHORITATIVE_REVIEW
371,379,404,among,among,TARGET,among,,UNRESOLVED_OR_LEMMA,PREPOSITION,GENERAL,DIRECT_FALLBACK,,,,,,,,RESEARCH_ONLY_NEEDS_AUTHORITATIVE_REVIEW
372,380,405,class,class,TARGET,class,,UNRESOLVED_OR_LEMMA,,GENERAL,DIRECT_FALLBACK,,,,,,,,RESEARCH_ONLY_NEEDS_AUTHORITATIVE_REVIEW
373,381,406,else,else,TARGET,else,,UNRESOLVED_OR_LEMMA,,GENERAL,DIRECT_FALLBACK,,,,,,,,RESEARCH_ONLY_NEEDS_AUTHORITATIVE_REVIEW
374,382,407,girl,girl,TARGET,girl,,UNRESOLVED_OR_LEMMA,,GENERAL,DIRECT_FALLBACK,,,,,,,,RESEARCH_ONLY_NEEDS_AUTHORITATIVE_REVIEW
375,383,408,nice,nice,TARGET,nice,,UNRESOLVED_OR_LEMMA,,GENERAL,DIRECT_FALLBACK,,,,,,,,RESEARCH_ONLY_NEEDS_AUTHORITATIVE_REVIEW
376,385,410,taking,taking,TARGET,take,,INFLECTED_FORM,,GENERAL,DIRECT_FALLBACK,,,,,,,,RESEARCH_ONLY_NEEDS_AUTHORITATIVE_REVIEW
377,386,411,wrong,wrong,TARGET,wrong,,UNRESOLVED_OR_LEMMA,,GENERAL,DIRECT_FALLBACK,,,,,,,,RESEARCH_ONLY_NEEDS_AUTHORITATIVE_REVIEW
378,387,414,act,act,TARGET,act,,UNRESOLVED_OR_LEMMA,,GENERAL,MATRYOSHKA_CORE,43,26,,,fact,,,RESEARCH_ONLY_NEEDS_AUTHORITATIVE_REVIEW
379,388,415,ago,ago,TARGET,ago,,UNRESOLVED_OR_LEMMA,,GENERAL,MATRYOSHKA_CORE,19,17,go,,,,,RESEARCH_ONLY_NEEDS_AUTHORITATIVE_REVIEW
380,390,417,close,close,TARGET,close,,UNRESOLVED_OR_LEMMA,,GENERAL,DIRECT_FALLBACK,,,,,,,,RESEARCH_ONLY_NEEDS_AUTHORITATIVE_REVIEW
381,391,418,coming,coming,TARGET,come,,INFLECTED_FORM,,GENERAL,DIRECT_FALLBACK,,,,,,,,RESEARCH_ONLY_NEEDS_AUTHORITATIVE_REVIEW
382,392,419,guy,guy,TARGET,guy,,UNRESOLVED_OR_LEMMA,,INFORMAL,MATRYOSHKA_EXTENSION,45,,,,,guys,,RESEARCH_ONLY_NEEDS_AUTHORITATIVE_REVIEW
383,393,420,matter,matter,TARGET,matter,,UNRESOLVED_OR_LEMMA,,GENERAL,DIRECT_FALLBACK,,,,,,,,RESEARCH_ONLY_NEEDS_AUTHORITATIVE_REVIEW
384,394,421,office,office,TARGET,office,,UNRESOLVED_OR_LEMMA,,GENERAL,DIRECT_FALLBACK,,,,,,,,RESEARCH_ONLY_NEEDS_AUTHORITATIVE_REVIEW
385,395,422,political,political,TARGET,political,,UNRESOLVED_OR_LEMMA,,GENERAL,DIRECT_FALLBACK,,,,,,,,RESEARCH_ONLY_NEEDS_AUTHORITATIVE_REVIEW
386,396,423,question,question,TARGET,question,,UNRESOLVED_OR_LEMMA,,GENERAL,DIRECT_FALLBACK,,,,,,,,RESEARCH_ONLY_NEEDS_AUTHORITATIVE_REVIEW
387,397,424,room,room,TARGET,room,,UNRESOLVED_OR_LEMMA,,GENERAL,DIRECT_FALLBACK,,,,,,,,RESEARCH_ONLY_NEEDS_AUTHORITATIVE_REVIEW
388,398,425,single,single,TARGET,single,,UNRESOLVED_OR_LEMMA,,GENERAL,DIRECT_FALLBACK,,,,,,,,RESEARCH_ONLY_NEEDS_AUTHORITATIVE_REVIEW
389,399,426,taken,taken,TARGET,take,,IRREGULAR_FORM,,GENERAL,MATRYOSHKA_EXTENSION,28,,,take,,,,RESEARCH_ONLY_NEEDS_AUTHORITATIVE_REVIEW
390,400,427,wait,wait,TARGET,wait,,UNRESOLVED_OR_LEMMA,,GENERAL,DIRECT_FALLBACK,,,,,,,,RESEARCH_ONLY_NEEDS_AUTHORITATIVE_REVIEW
391,401,429,along,along,TARGET,along,,UNRESOLVED_OR_LEMMA,,GENERAL,MATRYOSHKA_CORE,31,22,long,,,,,RESEARCH_ONLY_NEEDS_AUTHORITATIVE_REVIEW
392,402,430,although,although,TARGET,although,,UNRESOLVED_OR_LEMMA,CONJUNCTION,GENERAL,DIRECT_FALLBACK,,,,,,,,RESEARCH_ONLY_NEEDS_AUTHORITATIVE_REVIEW
393,403,431,cause,cause,TARGET,cause,,UNRESOLVED_OR_LEMMA,,GENERAL,DIRECT_FALLBACK,,,,,,,,RESEARCH_ONLY_NEEDS_AUTHORITATIVE_REVIEW
394,404,432,late,late,TARGET,late,,UNRESOLVED_OR_LEMMA,,GENERAL,MATRYOSHKA_EXTENSION,42,,,,,later,,RESEARCH_ONLY_NEEDS_AUTHORITATIVE_REVIEW
395,405,433,remember,remember,TARGET,remember,,UNRESOLVED_OR_LEMMA,,GENERAL,DIRECT_FALLBACK,,,,,,,,RESEARCH_ONLY_NEEDS_AUTHORITATIVE_REVIEW
396,406,434,saw,saw,TARGET,saw,,UNRESOLVED_OR_LEMMA,,GENERAL,DIRECT_FALLBACK,,,,,,,,RESEARCH_ONLY_NEEDS_AUTHORITATIVE_REVIEW
397,407,437,ask,ask,TARGET,ask,,UNRESOLVED_OR_LEMMA,,GENERAL,MATRYOSHKA_CORE,4,4,,as,,,,RESEARCH_ONLY_NEEDS_AUTHORITATIVE_REVIEW
398,408,438,example,example,TARGET,example,,UNRESOLVED_OR_LEMMA,,GENERAL,DIRECT_FALLBACK,,,,,,,,RESEARCH_ONLY_NEEDS_AUTHORITATIVE_REVIEW
399,409,439,form,form,TARGET,form,,UNRESOLVED_OR_LEMMA,,GENERAL,MATRYOSHKA_CORE,6,6,,for,,,,RESEARCH_ONLY_NEEDS_AUTHORITATIVE_REVIEW
400,411,442,pay,pay,TARGET,pay,,UNRESOLVED_OR_LEMMA,,GENERAL,DIRECT_FALLBACK,,,,,,,,RESEARCH_ONLY_NEEDS_AUTHORITATIVE_REVIEW
401,412,443,post,post,TARGET,post,,UNRESOLVED_OR_LEMMA,,GENERAL,DIRECT_FALLBACK,,,,,,,,RESEARCH_ONLY_NEEDS_AUTHORITATIVE_REVIEW
402,413,444,research,research,TARGET,research,,UNRESOLVED_OR_LEMMA,,GENERAL,DIRECT_FALLBACK,,,,,,,,RESEARCH_ONLY_NEEDS_AUTHORITATIVE_REVIEW
403,414,445,saying,saying,TARGET,say,,INFLECTED_FORM,,GENERAL,DIRECT_FALLBACK,,,,,,,,RESEARCH_ONLY_NEEDS_AUTHORITATIVE_REVIEW
404,415,446,understand,understand,TARGET,understand,,UNRESOLVED_OR_LEMMA,,GENERAL,DIRECT_FALLBACK,,,,,,,,RESEARCH_ONLY_NEEDS_AUTHORITATIVE_REVIEW
405,416,447,university,university,TARGET,university,,UNRESOLVED_OR_LEMMA,,GENERAL,DIRECT_FALLBACK,,,,,,,,RESEARCH_ONLY_NEEDS_AUTHORITATIVE_REVIEW
406,417,448,according,according,TARGET,according,,UNRESOLVED_OR_LEMMA,,GENERAL,DIRECT_FALLBACK,,,,,,,,RESEARCH_ONLY_NEEDS_AUTHORITATIVE_REVIEW
407,418,449,due,due,TARGET,due,,UNRESOLVED_OR_LEMMA,,GENERAL,DIRECT_FALLBACK,,,,,,,,RESEARCH_ONLY_NEEDS_AUTHORITATIVE_REVIEW
408,419,450,either,either,TARGET,either,,UNRESOLVED_OR_LEMMA,DETERMINER|PRONOUN|CONJUNCTION,GENERAL,DIRECT_FALLBACK,,,,,,,,RESEARCH_ONLY_NEEDS_AUTHORITATIVE_REVIEW
409,421,452,hit,hit,TARGET,hit,,UNRESOLVED_OR_LEMMA,,GENERAL,MATRYOSHKA_CORE,5,5,it,hi,,,,RESEARCH_ONLY_NEEDS_AUTHORITATIVE_REVIEW
410,422,453,idea,idea,TARGET,idea,,UNRESOLVED_OR_LEMMA,,GENERAL,DIRECT_FALLBACK,,,,,,,,RESEARCH_ONLY_NEEDS_AUTHORITATIVE_REVIEW
411,423,454,million,million,TARGET,million,,UNRESOLVED_OR_LEMMA,,GENERAL,DIRECT_FALLBACK,,,,,,,,RESEARCH_ONLY_NEEDS_AUTHORITATIVE_REVIEW
412,424,455,months,months,TARGET,month,,REGULAR_S_FORM,,GENERAL,DIRECT_FALLBACK,,,,,,,,RESEARCH_ONLY_NEEDS_AUTHORITATIVE_REVIEW
413,425,456,needs,needs,TARGET,need,,REGULAR_S_FORM,,GENERAL,MATRYOSHKA_EXTENSION,24,,,need,,,,RESEARCH_ONLY_NEEDS_AUTHORITATIVE_REVIEW
414,426,457,past,past,TARGET,past,,UNRESOLVED_OR_LEMMA,,GENERAL,DIRECT_FALLBACK,,,,,,,,RESEARCH_ONLY_NEEDS_AUTHORITATIVE_REVIEW
415,427,458,playing,playing,TARGET,play,,INFLECTED_FORM,,GENERAL,DIRECT_FALLBACK,,,,,,,,RESEARCH_ONLY_NEEDS_AUTHORITATIVE_REVIEW
416,428,459,pretty,pretty,TARGET,pretty,,UNRESOLVED_OR_LEMMA,,GENERAL,DIRECT_FALLBACK,,,,,,,,RESEARCH_ONLY_NEEDS_AUTHORITATIVE_REVIEW
417,429,460,probably,probably,TARGET,probably,,UNRESOLVED_OR_LEMMA,,GENERAL,DIRECT_FALLBACK,,,,,,,,RESEARCH_ONLY_NEEDS_AUTHORITATIVE_REVIEW
418,430,461,rather,rather,TARGET,rather,,UNRESOLVED_OR_LEMMA,,GENERAL,DIRECT_FALLBACK,,,,,,,,RESEARCH_ONLY_NEEDS_AUTHORITATIVE_REVIEW
419,431,462,soon,soon,TARGET,soon,,UNRESOLVED_OR_LEMMA,,GENERAL,DIRECT_FALLBACK,,,,,,,,RESEARCH_ONLY_NEEDS_AUTHORITATIVE_REVIEW
420,432,463,turn,turn,TARGET,turn,,UNRESOLVED_OR_LEMMA,,GENERAL,DIRECT_FALLBACK,,,,,,,,RESEARCH_ONLY_NEEDS_AUTHORITATIVE_REVIEW
421,433,464,whether,whether,TARGET,whether,,UNRESOLVED_OR_LEMMA,CONJUNCTION,GENERAL,DIRECT_FALLBACK,,,,,,,,RESEARCH_ONLY_NEEDS_AUTHORITATIVE_REVIEW
422,434,465,win,win,TARGET,win,,UNRESOLVED_OR_LEMMA,,GENERAL,MATRYOSHKA_CORE,5,5,in,,,,,RESEARCH_ONLY_NEEDS_AUTHORITATIVE_REVIEW
423,435,466,age,age,TARGET,age,,UNRESOLVED_OR_LEMMA,,GENERAL,DIRECT_FALLBACK,,,,,,,,RESEARCH_ONLY_NEEDS_AUTHORITATIVE_REVIEW
424,436,467,anyone,anyone,TARGET,anyone,,UNRESOLVED_OR_LEMMA,PRONOUN,GENERAL,DIRECT_FALLBACK,,,,,,,,RESEARCH_ONLY_NEEDS_AUTHORITATIVE_REVIEW
425,437,468,community,community,TARGET,community,,UNRESOLVED_OR_LEMMA,,GENERAL,DIRECT_FALLBACK,,,,,,,,RESEARCH_ONLY_NEEDS_AUTHORITATIVE_REVIEW
426,438,469,development,development,TARGET,development,,UNRESOLVED_OR_LEMMA,,GENERAL,DIRECT_FALLBACK,,,,,,,,RESEARCH_ONLY_NEEDS_AUTHORITATIVE_REVIEW
427,439,470,further,further,TARGET,far,further,FORM_AND_LEMMA,,GENERAL,DIRECT_FALLBACK,,,,,,,,RESEARCH_ONLY_NEEDS_AUTHORITATIVE_REVIEW
428,440,471,future,future,TARGET,future,,UNRESOLVED_OR_LEMMA,,GENERAL,DIRECT_FALLBACK,,,,,,,,RESEARCH_ONLY_NEEDS_AUTHORITATIVE_REVIEW
429,441,472,heart,heart,TARGET,heart,,UNRESOLVED_OR_LEMMA,,GENERAL,DIRECT_FALLBACK,,,,,,,,RESEARCH_ONLY_NEEDS_AUTHORITATIVE_REVIEW
430,442,473,leave,leave,TARGET,leave,,UNRESOLVED_OR_LEMMA,,GENERAL,DIRECT_FALLBACK,,,,,,,,RESEARCH_ONLY_NEEDS_AUTHORITATIVE_REVIEW
431,443,474,light,light,TARGET,light,,UNRESOLVED_OR_LEMMA,,GENERAL,DIRECT_FALLBACK,,,,,,,,RESEARCH_ONLY_NEEDS_AUTHORITATIVE_REVIEW
432,444,475,major,major,TARGET,major,,UNRESOLVED_OR_LEMMA,,GENERAL,DIRECT_FALLBACK,,,,,,,,RESEARCH_ONLY_NEEDS_AUTHORITATIVE_REVIEW
433,445,476,minutes,minutes,TARGET,minute,,REGULAR_S_FORM,,GENERAL,DIRECT_FALLBACK,,,,,,,,RESEARCH_ONLY_NEEDS_AUTHORITATIVE_REVIEW
434,446,477,morning,morning,TARGET,morning,,UNRESOLVED_OR_LEMMA,,GENERAL,DIRECT_FALLBACK,,,,,,,,RESEARCH_ONLY_NEEDS_AUTHORITATIVE_REVIEW
435,447,478,north,north,TARGET,north,,UNRESOLVED_OR_LEMMA,,GENERAL,DIRECT_FALLBACK,,,,,,,,RESEARCH_ONLY_NEEDS_AUTHORITATIVE_REVIEW
436,448,479,started,started,TARGET,start,,INFLECTED_FORM,,GENERAL,DIRECT_FALLBACK,,,,,,,,RESEARCH_ONLY_NEEDS_AUTHORITATIVE_REVIEW
437,450,481,action,action,TARGET,action,,UNRESOLVED_OR_LEMMA,,GENERAL,DIRECT_FALLBACK,,,,,,,,RESEARCH_ONLY_NEEDS_AUTHORITATIVE_REVIEW
438,451,482,child,child,TARGET,child,,UNRESOLVED_OR_LEMMA,,GENERAL,DIRECT_FALLBACK,,,,,,,,RESEARCH_ONLY_NEEDS_AUTHORITATIVE_REVIEW
439,453,484,father,father,TARGET,father,,UNRESOLVED_OR_LEMMA,,GENERAL,DIRECT_FALLBACK,,,,,,,,RESEARCH_ONLY_NEEDS_AUTHORITATIVE_REVIEW
440,455,487,low,low,TARGET,low,,UNRESOLVED_OR_LEMMA,,GENERAL,DIRECT_FALLBACK,,,,,,,,RESEARCH_ONLY_NEEDS_AUTHORITATIVE_REVIEW
441,456,488,move,move,TARGET,move,,UNRESOLVED_OR_LEMMA,,GENERAL,DIRECT_FALLBACK,,,,,,,,RESEARCH_ONLY_NEEDS_AUTHORITATIVE_REVIEW
442,457,489,police,police,TARGET,police,,UNRESOLVED_OR_LEMMA,,GENERAL,DIRECT_FALLBACK,,,,,,,,RESEARCH_ONLY_NEEDS_AUTHORITATIVE_REVIEW
443,459,491,special,special,TARGET,special,,UNRESOLVED_OR_LEMMA,,GENERAL,DIRECT_FALLBACK,,,,,,,,RESEARCH_ONLY_NEEDS_AUTHORITATIVE_REVIEW
444,460,492,third,third,TARGET,third,,UNRESOLVED_OR_LEMMA,,GENERAL,DIRECT_FALLBACK,,,,,,,,RESEARCH_ONLY_NEEDS_AUTHORITATIVE_REVIEW
445,461,493,wanted,wanted,TARGET,want,,INFLECTED_FORM,,GENERAL,DIRECT_FALLBACK,,,,,,,,RESEARCH_ONLY_NEEDS_AUTHORITATIVE_REVIEW
446,462,494,woman,woman,TARGET,woman,,UNRESOLVED_OR_LEMMA,,GENERAL,DIRECT_FALLBACK,,,,,,,,RESEARCH_ONLY_NEEDS_AUTHORITATIVE_REVIEW
447,463,495,comes,comes,TARGET,come,,INFLECTED_FORM,,GENERAL,MATRYOSHKA_EXTENSION,33,,,come,,,,RESEARCH_ONLY_NEEDS_AUTHORITATIVE_REVIEW
448,464,496,data,data,TARGET,data,,UNRESOLVED_OR_LEMMA,,GENERAL,DIRECT_FALLBACK,,,,,,,,RESEARCH_ONLY_NEEDS_AUTHORITATIVE_REVIEW
449,465,497,happy,happy,TARGET,happy,,UNRESOLVED_OR_LEMMA,,GENERAL,DIRECT_FALLBACK,,,,,,,,RESEARCH_ONLY_NEEDS_AUTHORITATIVE_REVIEW
450,466,498,living,living,TARGET,live,living,FORM_AND_LEMMA,,GENERAL,DIRECT_FALLBACK,,,,,,,,RESEARCH_ONLY_NEEDS_AUTHORITATIVE_REVIEW
451,467,499,reason,reason,TARGET,reason,,UNRESOLVED_OR_LEMMA,,GENERAL,DIRECT_FALLBACK,,,,,,,,RESEARCH_ONLY_NEEDS_AUTHORITATIVE_REVIEW
452,468,500,red,red,TARGET,red,,UNRESOLVED_OR_LEMMA,,GENERAL,DIRECT_FALLBACK,,,,,,,,RESEARCH_ONLY_NEEDS_AUTHORITATIVE_REVIEW
453,469,501,report,report,TARGET,report,,UNRESOLVED_OR_LEMMA,,GENERAL,DIRECT_FALLBACK,,,,,,,,RESEARCH_ONLY_NEEDS_AUTHORITATIVE_REVIEW
454,470,502,short,short,TARGET,short,,UNRESOLVED_OR_LEMMA,,GENERAL,DIRECT_FALLBACK,,,,,,,,RESEARCH_ONLY_NEEDS_AUTHORITATIVE_REVIEW
455,471,503,sometimes,sometimes,TARGET,sometimes,,UNRESOLVED_OR_LEMMA,,GENERAL,DIRECT_FALLBACK,,,,,,,,RESEARCH_ONLY_NEEDS_AUTHORITATIVE_REVIEW
456,472,504,son,son,TARGET,son,,UNRESOLVED_OR_LEMMA,,GENERAL,MATRYOSHKA_CORE,8,8,on,so,,,,RESEARCH_ONLY_NEEDS_AUTHORITATIVE_REVIEW
457,473,505,stay,stay,TARGET,stay,,UNRESOLVED_OR_LEMMA,,GENERAL,DIRECT_FALLBACK,,,,,,,,RESEARCH_ONLY_NEEDS_AUTHORITATIVE_REVIEW
458,474,506,watch,watch,TARGET,watch,,UNRESOLVED_OR_LEMMA,,GENERAL,DIRECT_FALLBACK,,,,,,,,RESEARCH_ONLY_NEEDS_AUTHORITATIVE_REVIEW
459,475,508,bit,bit,TARGET,bit,,UNRESOLVED_OR_LEMMA,,GENERAL,MATRYOSHKA_CORE,5,5,it,,,,,RESEARCH_ONLY_NEEDS_AUTHORITATIVE_REVIEW
460,476,509,education,education,TARGET,education,,UNRESOLVED_OR_LEMMA,,GENERAL,DIRECT_FALLBACK,,,,,,,,RESEARCH_ONLY_NEEDS_AUTHORITATIVE_REVIEW
461,478,511,land,land,TARGET,land,,UNRESOLVED_OR_LEMMA,,GENERAL,MATRYOSHKA_CORE,4,4,and,,,,,RESEARCH_ONLY_NEEDS_AUTHORITATIVE_REVIEW
462,479,512,looks,looks,TARGET,look,,INFLECTED_FORM,,GENERAL,MATRYOSHKA_EXTENSION,34,,,look,,,,RESEARCH_ONLY_NEEDS_AUTHORITATIVE_REVIEW
463,480,513,myself,myself,TARGET,myself,,UNRESOLVED_OR_LEMMA,PRONOUN,GENERAL,DIRECT_FALLBACK,,,,,,,,RESEARCH_ONLY_NEEDS_AUTHORITATIVE_REVIEW
464,481,514,works,works,TARGET,work,works,FORM_AND_LEMMA,,GENERAL,MATRYOSHKA_EXTENSION,26,,,work,,,,RESEARCH_ONLY_NEEDS_AUTHORITATIVE_REVIEW
465,482,516,asked,asked,TARGET,ask,,INFLECTED_FORM,,GENERAL,DIRECT_FALLBACK,,,,,,,,RESEARCH_ONLY_NEEDS_AUTHORITATIVE_REVIEW
466,483,517,deal,deal,TARGET,deal,,UNRESOLVED_OR_LEMMA,,GENERAL,DIRECT_FALLBACK,,,,,,,,RESEARCH_ONLY_NEEDS_AUTHORITATIVE_REVIEW
467,484,518,experience,experience,TARGET,experience,,UNRESOLVED_OR_LEMMA,,GENERAL,DIRECT_FALLBACK,,,,,,,,RESEARCH_ONLY_NEEDS_AUTHORITATIVE_REVIEW
468,485,519,final,final,TARGET,final,,UNRESOLVED_OR_LEMMA,,GENERAL,DIRECT_FALLBACK,,,,,,,,RESEARCH_ONLY_NEEDS_AUTHORITATIVE_REVIEW
469,486,520,list,list,TARGET,list,,UNRESOLVED_OR_LEMMA,,GENERAL,DIRECT_FALLBACK,,,,,,,,RESEARCH_ONLY_NEEDS_AUTHORITATIVE_REVIEW
470,487,521,market,market,TARGET,market,,UNRESOLVED_OR_LEMMA,,GENERAL,DIRECT_FALLBACK,,,,,,,,RESEARCH_ONLY_NEEDS_AUTHORITATIVE_REVIEW
471,488,522,meet,meet,TARGET,meet,,UNRESOLVED_OR_LEMMA,,GENERAL,DIRECT_FALLBACK,,,,,,,,RESEARCH_ONLY_NEEDS_AUTHORITATIVE_REVIEW
472,490,524,six,six,TARGET,six,,UNRESOLVED_OR_LEMMA,,GENERAL,DIRECT_FALLBACK,,,,,,,,RESEARCH_ONLY_NEEDS_AUTHORITATIVE_REVIEW
473,491,525,study,study,TARGET,study,,UNRESOLVED_OR_LEMMA,,GENERAL,DIRECT_FALLBACK,,,,,,,,RESEARCH_ONLY_NEEDS_AUTHORITATIVE_REVIEW
474,492,526,type,type,TARGET,type,,UNRESOLVED_OR_LEMMA,,GENERAL,DIRECT_FALLBACK,,,,,,,,RESEARCH_ONLY_NEEDS_AUTHORITATIVE_REVIEW
475,493,527,word,word,TARGET,word,,UNRESOLVED_OR_LEMMA,,GENERAL,DIRECT_FALLBACK,,,,,,,,RESEARCH_ONLY_NEEDS_AUTHORITATIVE_REVIEW
476,494,528,building,building,TARGET,build,building,FORM_AND_LEMMA,,GENERAL,DIRECT_FALLBACK,,,,,,,,RESEARCH_ONLY_NEEDS_AUTHORITATIVE_REVIEW
477,495,529,check,check,TARGET,check,,UNRESOLVED_OR_LEMMA,,GENERAL,DIRECT_FALLBACK,,,,,,,,RESEARCH_ONLY_NEEDS_AUTHORITATIVE_REVIEW
478,496,530,fire,fire,TARGET,fire,,UNRESOLVED_OR_LEMMA,,GENERAL,DIRECT_FALLBACK,,,,,,,,RESEARCH_ONLY_NEEDS_AUTHORITATIVE_REVIEW
479,497,531,force,force,TARGET,force,,UNRESOLVED_OR_LEMMA,,GENERAL,DIRECT_FALLBACK,,,,,,,,RESEARCH_ONLY_NEEDS_AUTHORITATIVE_REVIEW
480,498,532,front,front,TARGET,front,,UNRESOLVED_OR_LEMMA,,GENERAL,DIRECT_FALLBACK,,,,,,,,RESEARCH_ONLY_NEEDS_AUTHORITATIVE_REVIEW
481,500,534,main,main,TARGET,main,,UNRESOLVED_OR_LEMMA,,GENERAL,DIRECT_FALLBACK,,,,,,,,RESEARCH_ONLY_NEEDS_AUTHORITATIVE_REVIEW
482,501,535,mother,mother,TARGET,mother,,UNRESOLVED_OR_LEMMA,,GENERAL,MATRYOSHKA_CORE,16,15,other,,,,,RESEARCH_ONLY_NEEDS_AUTHORITATIVE_REVIEW
483,502,536,near,near,TARGET,near,,UNRESOLVED_OR_LEMMA,,GENERAL,DIRECT_FALLBACK,,,,,,,,RESEARCH_ONLY_NEEDS_AUTHORITATIVE_REVIEW
484,503,537,period,period,TARGET,period,,UNRESOLVED_OR_LEMMA,,GENERAL,DIRECT_FALLBACK,,,,,,,,RESEARCH_ONLY_NEEDS_AUTHORITATIVE_REVIEW
485,504,538,process,process,TARGET,process,,UNRESOLVED_OR_LEMMA,,GENERAL,DIRECT_FALLBACK,,,,,,,,RESEARCH_ONLY_NEEDS_AUTHORITATIVE_REVIEW
486,506,541,art,art,TARGET,art,,UNRESOLVED_OR_LEMMA,,GENERAL,MATRYOSHKA_CORE,32,23,,,part,,,RESEARCH_ONLY_NEEDS_AUTHORITATIVE_REVIEW
487,507,542,former,former,TARGET,former,,UNRESOLVED_OR_LEMMA,,GENERAL,DIRECT_FALLBACK,,,,,,,,RESEARCH_ONLY_NEEDS_AUTHORITATIVE_REVIEW
488,508,543,heard,heard,TARGET,hear,,IRREGULAR_FORM,,GENERAL,DIRECT_FALLBACK,,,,,,,,RESEARCH_ONLY_NEEDS_AUTHORITATIVE_REVIEW
489,510,545,plan,plan,TARGET,plan,,UNRESOLVED_OR_LEMMA,,GENERAL,DIRECT_FALLBACK,,,,,,,,RESEARCH_ONLY_NEEDS_AUTHORITATIVE_REVIEW
490,511,546,quite,quite,TARGET,quite,,UNRESOLVED_OR_LEMMA,,GENERAL,DIRECT_FALLBACK,,,,,,,,RESEARCH_ONLY_NEEDS_AUTHORITATIVE_REVIEW
491,512,547,series,series,TARGET,series,,UNRESOLVED_OR_LEMMA,,GENERAL,DIRECT_FALLBACK,,,,,,,,RESEARCH_ONLY_NEEDS_AUTHORITATIVE_REVIEW
492,513,548,site,site,TARGET,site,,UNRESOLVED_OR_LEMMA,,GENERAL,MATRYOSHKA_CORE,5,5,,sit,,,,RESEARCH_ONLY_NEEDS_AUTHORITATIVE_REVIEW
493,514,549,talking,talking,TARGET,talk,,REGULAR_ING_FORM,,GENERAL,DIRECT_FALLBACK,,,,,,,,RESEARCH_ONLY_NEEDS_AUTHORITATIVE_REVIEW
494,515,550,west,west,TARGET,west,,UNRESOLVED_OR_LEMMA,,GENERAL,DIRECT_FALLBACK,,,,,,,,RESEARCH_ONLY_NEEDS_AUTHORITATIVE_REVIEW
495,516,552,behind,behind,TARGET,behind,,UNRESOLVED_OR_LEMMA,PREPOSITION,GENERAL,DIRECT_FALLBACK,,,,,,,,RESEARCH_ONLY_NEEDS_AUTHORITATIVE_REVIEW
496,517,553,bring,bring,TARGET,bring,,UNRESOLVED_OR_LEMMA,,GENERAL,DIRECT_FALLBACK,,,,,,,,RESEARCH_ONLY_NEEDS_AUTHORITATIVE_REVIEW
497,518,554,clear,clear,TARGET,clear,,UNRESOLVED_OR_LEMMA,,GENERAL,DIRECT_FALLBACK,,,,,,,,RESEARCH_ONLY_NEEDS_AUTHORITATIVE_REVIEW
498,520,556,held,held,TARGET,hold,,IRREGULAR_FORM,,GENERAL,DIRECT_FALLBACK,,,,,,,,RESEARCH_ONLY_NEEDS_AUTHORITATIVE_REVIEW
499,521,557,outside,outside,TARGET,outside,,UNRESOLVED_OR_LEMMA,PREPOSITION,GENERAL,DIRECT_FALLBACK,,,,,,,,RESEARCH_ONLY_NEEDS_AUTHORITATIVE_REVIEW
500,522,558,phone,phone,TARGET,phone,,UNRESOLVED_OR_LEMMA,,GENERAL,DIRECT_FALLBACK,,,,,,,,RESEARCH_ONLY_NEEDS_AUTHORITATIVE_REVIEW
,669,707,hour,hour,OPTIONAL_FORM_BRIDGE,hour,,UNRESOLVED_OR_LEMMA,,GENERAL,OPTIONAL_FORM_BRIDGE,7,,our,,,hours,our>hour>hours [LR] => hours,RESEARCH_ONLY_NEEDS_AUTHORITATIVE_REVIEW
,868,912,hi,hi,PRIMARY_BRIDGE,hi,,UNRESOLVED_OR_LEMMA,,INFORMAL,PRIMARY_BRIDGE,5,5,i,,,his;him;hit,i>hi>his [LR] => him,RESEARCH_ONLY_NEEDS_AUTHORITATIVE_REVIEW
,1321,1372,sit,sit,PRIMARY_BRIDGE,sit,,UNRESOLVED_OR_LEMMA,,GENERAL,PRIMARY_BRIDGE,5,5,it,,,site,i>it>sit [RL] => site,RESEARCH_ONLY_NEEDS_AUTHORITATIVE_REVIEW
,1894,1955,ad,ad,PRIMARY_BRIDGE,ad,,UNRESOLVED_OR_LEMMA,,GENERAL,PRIMARY_BRIDGE,4,4,,a,had;bad;mad,,a>ad>had [RL] => bad|had,RESEARCH_ONLY_NEEDS_AUTHORITATIVE_REVIEW
,1920,1981,mad,mad,OPTIONAL_FORM_BRIDGE,mad,,UNRESOLVED_OR_LEMMA,,GENERAL,OPTIONAL_FORM_BRIDGE,4,,ad,,,made,a>ad>mad>made [RLR] => made,RESEARCH_ONLY_NEEDS_AUTHORITATIVE_REVIEW
,2458,2527,don,don,PRIMARY_BRIDGE,don,,UNRESOLVED_OR_LEMMA,,RARE_OR_SPECIALIZED,PRIMARY_BRIDGE,8,8,on,do,,done,on>don>done [LR] => do,RESEARCH_ONLY_NEEDS_AUTHORITATIVE_REVIEW
,2595,2666,sing,sing,OPTIONAL_FORM_BRIDGE,sing,,UNRESOLVED_OR_LEMMA,,GENERAL,OPTIONAL_FORM_BRIDGE,5,,,sin,using,,in>sin>sing>using [LRL] => using,RESEARCH_ONLY_NEEDS_AUTHORITATIVE_REVIEW
,2660,2733,hat,hat,PRIMARY_BRIDGE,hat,,UNRESOLVED_OR_LEMMA,,GENERAL,PRIMARY_BRIDGE,4,4,at,,that;what,,a>at>hat [RL] => what|that,RESEARCH_ONLY_NEEDS_AUTHORITATIVE_REVIEW
,3052,3126,sin,sin,OPTIONAL_FORM_BRIDGE,sin,,UNRESOLVED_OR_LEMMA,,GENERAL,OPTIONAL_FORM_BRIDGE,5,,in,,,sing,in>sin>sing>using [LRL] => using,RESEARCH_ONLY_NEEDS_AUTHORITATIVE_REVIEW
,4644,4749,mall,mall,PRIMARY_BRIDGE,mall,,UNRESOLVED_OR_LEMMA,,GENERAL,PRIMARY_BRIDGE,11,11,all,,small,,all>mall>small [LL] => small,RESEARCH_ONLY_NEEDS_AUTHORITATIVE_REVIEW