target_index,alpha_rank,source_rank,word,wordnet_pos_direct,scowl_direct_headword,derived_from,learning_mode,parent_L,parent_R,children_L,children_R,review_status
1,1,1,the,,1,,MATRYOSHKA_CORE,he,,,they;them;then,PROVISIONAL_UTILITY_REVIEW
2,2,2,of,,1,,MATRYOSHKA_CORE,,,,off,PROVISIONAL_UTILITY_REVIEW
3,3,3,to,,1,,MATRYOSHKA_CORE,,,,too;top,PROVISIONAL_UTILITY_REVIEW
4,4,4,and,,1,,MATRYOSHKA_CORE,,an,hand;land,,PROVISIONAL_UTILITY_REVIEW
5,5,5,a,N,1,,MATRYOSHKA_CORE,,,la;ma;pa;fa,at;an;am;ad,PROVISIONAL_UTILITY_REVIEW
6,6,6,in,N|ADJ|ADV,1,,MATRYOSHKA_CORE,,i,win;sin;min,,PROVISIONAL_UTILITY_REVIEW
7,7,7,i,N|ADJ,1,,MATRYOSHKA_CORE,,,hi,in;it;if;id,PROVISIONAL_UTILITY_REVIEW
8,8,8,is,,0,i,MATRYOSHKA_CORE,,,his,,PROVISIONAL_UTILITY_REVIEW
9,9,9,that,,1,,MATRYOSHKA_CORE,hat,,,,PROVISIONAL_UTILITY_REVIEW
10,10,10,for,,1,,MATRYOSHKA_CORE,or,,,form,PROVISIONAL_UTILITY_REVIEW
11,11,11,you,,1,,MATRYOSHKA_CORE,,,,your,PROVISIONAL_UTILITY_REVIEW
12,12,12,it,N,1,,MATRYOSHKA_CORE,,i,hit;bit;sit,,PROVISIONAL_UTILITY_REVIEW
13,13,13,on,ADJ|ADV,1,,MATRYOSHKA_CORE,,,son;non;don,one,PROVISIONAL_UTILITY_REVIEW
14,14,15,with,,1,,DIRECT_FALLBACK,,,,,PROVISIONAL_UTILITY_REVIEW
15,15,16,was,,1,,MATRYOSHKA_CORE,as,,,,PROVISIONAL_UTILITY_REVIEW
16,16,17,be,N|V,1,,DIRECT_FALLBACK,,,,,PROVISIONAL_UTILITY_REVIEW
17,17,18,this,,1,,MATRYOSHKA_CORE,his,,,,PROVISIONAL_UTILITY_REVIEW
18,18,19,as,N|ADV,0,a,MATRYOSHKA_CORE,,,was;has,ask,PROVISIONAL_UTILITY_REVIEW
19,19,20,are,N,1,,MATRYOSHKA_CORE,re,,care,area,PROVISIONAL_UTILITY_REVIEW
20,20,21,not,ADV,1,,MATRYOSHKA_CORE,,no,,,PROVISIONAL_UTILITY_REVIEW
21,21,22,have,N|V,1,,DIRECT_FALLBACK,,,,,PROVISIONAL_UTILITY_REVIEW
22,22,23,at,N,1,,MATRYOSHKA_CORE,,a,hat,ate,PROVISIONAL_UTILITY_REVIEW
23,23,24,he,N,1,,MATRYOSHKA_CORE,,,the;she,her,PROVISIONAL_UTILITY_REVIEW
24,24,25,by,ADV,1,,DIRECT_FALLBACK,,,,,PROVISIONAL_UTILITY_REVIEW
25,25,26,from,,1,,DIRECT_FALLBACK,,,,,PROVISIONAL_UTILITY_REVIEW
26,26,27,but,ADV,1,,DIRECT_FALLBACK,,,,,PROVISIONAL_UTILITY_REVIEW
27,27,29,my,,1,,DIRECT_FALLBACK,,,,,PROVISIONAL_UTILITY_REVIEW
28,28,30,an,N,1,,MATRYOSHKA_CORE,,a,can;man,and;any,PROVISIONAL_UTILITY_REVIEW
29,29,31,or,N,1,,MATRYOSHKA_CORE,,,for,,PROVISIONAL_UTILITY_REVIEW
30,30,32,all,ADJ|ADV,1,,MATRYOSHKA_CORE,,,call;mall,,PROVISIONAL_UTILITY_REVIEW
31,31,33,his,,0,hi,MATRYOSHKA_CORE,is,,this,,PROVISIONAL_UTILITY_REVIEW
32,32,34,me,N,1,,MATRYOSHKA_CORE,,,,men,PROVISIONAL_UTILITY_REVIEW
33,33,35,they,,1,,MATRYOSHKA_CORE,,the,,,PROVISIONAL_UTILITY_REVIEW
34,34,36,so,N|ADV,1,,MATRYOSHKA_CORE,,,,son,PROVISIONAL_UTILITY_REVIEW
35,35,37,we,,1,,DIRECT_FALLBACK,,,,,PROVISIONAL_UTILITY_REVIEW
36,36,38,one,N|ADJ,1,,MATRYOSHKA_CORE,,on,done,,PROVISIONAL_UTILITY_REVIEW
37,37,39,your,,1,,MATRYOSHKA_CORE,our,you,,,PROVISIONAL_UTILITY_REVIEW
38,38,40,if,,1,,MATRYOSHKA_CORE,,i,,,PROVISIONAL_UTILITY_REVIEW
39,39,41,can,N|V,1,,MATRYOSHKA_CORE,an,,,,PROVISIONAL_UTILITY_REVIEW
40,40,42,will,N|V,1,,DIRECT_FALLBACK,,,,,PROVISIONAL_UTILITY_REVIEW
41,41,43,just,ADJ|ADV,1,,DIRECT_FALLBACK,,,,,PROVISIONAL_UTILITY_REVIEW
42,42,44,like,N|V|ADJ,1,,DIRECT_FALLBACK,,,,,PROVISIONAL_UTILITY_REVIEW
43,43,45,about,ADJ|ADV,1,,DIRECT_FALLBACK,,,,,PROVISIONAL_UTILITY_REVIEW
44,44,46,up,V|ADJ|ADV,1,,DIRECT_FALLBACK,,,,,PROVISIONAL_UTILITY_REVIEW
45,45,47,what,,1,,MATRYOSHKA_CORE,hat,,,,PROVISIONAL_UTILITY_REVIEW
46,46,48,do,N|V,1,,MATRYOSHKA_CORE,,,,don,PROVISIONAL_UTILITY_REVIEW
47,47,49,has,,0,ha,MATRYOSHKA_CORE,as,,,,PROVISIONAL_UTILITY_REVIEW
48,48,50,were,,1,,DIRECT_FALLBACK,,,,,PROVISIONAL_UTILITY_REVIEW
49,49,51,no,N|ADJ|ADV,1,,MATRYOSHKA_CORE,,,,not;now;non,PROVISIONAL_UTILITY_REVIEW
50,50,52,out,N|V|ADJ|ADV,1,,DIRECT_FALLBACK,,,,,PROVISIONAL_UTILITY_REVIEW
51,51,53,when,,1,,DIRECT_FALLBACK,,,,,PROVISIONAL_UTILITY_REVIEW
52,52,54,more,N|ADJ|ADV,1,,DIRECT_FALLBACK,,,,,PROVISIONAL_UTILITY_REVIEW
53,53,55,who,N,1,,DIRECT_FALLBACK,,,,,PROVISIONAL_UTILITY_REVIEW
54,54,56,had,,1,,MATRYOSHKA_CORE,ad,,,,PROVISIONAL_UTILITY_REVIEW
55,55,57,their,,1,,DIRECT_FALLBACK,,,,,PROVISIONAL_UTILITY_REVIEW
56,56,58,which,,1,,DIRECT_FALLBACK,,,,,PROVISIONAL_UTILITY_REVIEW
57,57,59,there,N|ADV,1,,MATRYOSHKA_CORE,here,,,,PROVISIONAL_UTILITY_REVIEW
58,58,60,been,,1,,DIRECT_FALLBACK,,,,,PROVISIONAL_UTILITY_REVIEW
59,59,61,her,,0,h,MATRYOSHKA_CORE,,he,,here,PROVISIONAL_UTILITY_REVIEW
60,60,62,time,N|V,1,,DIRECT_FALLBACK,,,,,PROVISIONAL_UTILITY_REVIEW
61,61,64,would,,1,,DIRECT_FALLBACK,,,,,PROVISIONAL_UTILITY_REVIEW
62,62,65,get,N|V,1,,DIRECT_FALLBACK,,,,,PROVISIONAL_UTILITY_REVIEW
63,63,67,new,ADJ|ADV,1,,MATRYOSHKA_CORE,,,,news,PROVISIONAL_UTILITY_REVIEW
64,64,69,she,,1,,MATRYOSHKA_CORE,he,,,,PROVISIONAL_UTILITY_REVIEW
65,65,70,people,N|V,1,,DIRECT_FALLBACK,,,,,PROVISIONAL_UTILITY_REVIEW
66,66,72,its,,0,it,DIRECT_FALLBACK,,,,,PROVISIONAL_UTILITY_REVIEW
67,67,73,also,ADV,1,,DIRECT_FALLBACK,,,,,PROVISIONAL_UTILITY_REVIEW
68,68,74,how,,1,,MATRYOSHKA_CORE,,,show,,PROVISIONAL_UTILITY_REVIEW
69,69,75,some,ADJ|ADV,1,,DIRECT_FALLBACK,,,,,PROVISIONAL_UTILITY_REVIEW
70,70,76,them,,1,,MATRYOSHKA_CORE,,the,,,PROVISIONAL_UTILITY_REVIEW
71,71,77,now,N|ADV,1,,MATRYOSHKA_CORE,,no,know,,PROVISIONAL_UTILITY_REVIEW
72,72,78,other,ADJ,1,,MATRYOSHKA_CORE,,,mother,,PROVISIONAL_UTILITY_REVIEW
73,73,79,only,ADJ|ADV,0,on,DIRECT_FALLBACK,,,,,PROVISIONAL_UTILITY_REVIEW
74,74,80,than,,1,,MATRYOSHKA_CORE,,,,thank,PROVISIONAL_UTILITY_REVIEW
75,75,81,first,N|ADJ|ADV,1,,DIRECT_FALLBACK,,,,,PROVISIONAL_UTILITY_REVIEW
76,76,82,good,N|ADJ|ADV,1,,DIRECT_FALLBACK,,,,,PROVISIONAL_UTILITY_REVIEW
77,77,83,into,,0,to,DIRECT_FALLBACK,,,,,PROVISIONAL_UTILITY_REVIEW
78,78,84,our,,1,,MATRYOSHKA_CORE,,,your;four,,PROVISIONAL_UTILITY_REVIEW
79,79,85,know,N|V,1,,MATRYOSHKA_CORE,now,,,,PROVISIONAL_UTILITY_REVIEW
80,80,86,see,N|V,1,,DIRECT_FALLBACK,,,,,PROVISIONAL_UTILITY_REVIEW
81,81,87,two,N|ADJ,1,,DIRECT_FALLBACK,,,,,PROVISIONAL_UTILITY_REVIEW
82,82,88,him,,1,,MATRYOSHKA_CORE,,hi,,,PROVISIONAL_UTILITY_REVIEW
83,83,89,after,ADJ|ADV,0,aft,DIRECT_FALLBACK,,,,,PROVISIONAL_UTILITY_REVIEW
84,84,90,could,,1,,DIRECT_FALLBACK,,,,,PROVISIONAL_UTILITY_REVIEW
85,85,91,then,N|ADJ|ADV,1,,MATRYOSHKA_CORE,,the,,,PROVISIONAL_UTILITY_REVIEW
86,86,92,over,N|ADJ|ADV,1,,DIRECT_FALLBACK,,,,,PROVISIONAL_UTILITY_REVIEW
87,87,93,these,,1,,DIRECT_FALLBACK,,,,,PROVISIONAL_UTILITY_REVIEW
88,88,94,think,N|V,1,,DIRECT_FALLBACK,,,,,PROVISIONAL_UTILITY_REVIEW
89,89,95,go,N|V|ADJ,1,,MATRYOSHKA_CORE,,,ago,got;god,PROVISIONAL_UTILITY_REVIEW
90,90,96,make,N|V,1,,DIRECT_FALLBACK,,,,,PROVISIONAL_UTILITY_REVIEW
91,91,97,any,ADJ|ADV,1,,MATRYOSHKA_CORE,,an,many,,PROVISIONAL_UTILITY_REVIEW
92,92,98,well,N|V|ADJ|ADV,1,,DIRECT_FALLBACK,,,,,PROVISIONAL_UTILITY_REVIEW
93,93,99,back,N|V|ADJ|ADV,1,,DIRECT_FALLBACK,,,,,PROVISIONAL_UTILITY_REVIEW
94,94,100,want,N|V,1,,DIRECT_FALLBACK,,,,,PROVISIONAL_UTILITY_REVIEW
95,95,102,should,,1,,DIRECT_FALLBACK,,,,,PROVISIONAL_UTILITY_REVIEW
96,96,103,because,,1,,DIRECT_FALLBACK,,,,,PROVISIONAL_UTILITY_REVIEW
97,97,104,may,N,1,,MATRYOSHKA_CORE,,ma,,,PROVISIONAL_UTILITY_REVIEW
98,98,105,us,N,0,u,MATRYOSHKA_CORE,,,,use,PROVISIONAL_UTILITY_REVIEW
99,99,106,where,,1,,MATRYOSHKA_CORE,here,,,,PROVISIONAL_UTILITY_REVIEW
100,100,107,most,ADJ|ADV,1,,DIRECT_FALLBACK,,,,,PROVISIONAL_UTILITY_REVIEW
101,101,108,much,N|ADJ|ADV,1,,DIRECT_FALLBACK,,,,,PROVISIONAL_UTILITY_REVIEW
102,102,109,way,N|ADV,1,,MATRYOSHKA_CORE,,,away,,PROVISIONAL_UTILITY_REVIEW
103,103,110,even,N|V|ADJ|ADV,1,,DIRECT_FALLBACK,,,,,PROVISIONAL_UTILITY_REVIEW
104,104,111,very,ADJ|ADV,1,,MATRYOSHKA_CORE,,,every,,PROVISIONAL_UTILITY_REVIEW
105,105,113,did,,1,,MATRYOSHKA_CORE,id,,,,PROVISIONAL_UTILITY_REVIEW
106,106,114,need,N|V,1,,DIRECT_FALLBACK,,,,,PROVISIONAL_UTILITY_REVIEW
107,107,115,right,N|V|ADJ|ADV,1,,DIRECT_FALLBACK,,,,,PROVISIONAL_UTILITY_REVIEW
108,108,116,said,ADJ,1,,MATRYOSHKA_CORE,aid,,,,PROVISIONAL_UTILITY_REVIEW
109,109,117,too,ADV,1,,MATRYOSHKA_CORE,,to,,took,PROVISIONAL_UTILITY_REVIEW
110,110,118,years,N,0,year,DIRECT_FALLBACK,,,,,PROVISIONAL_UTILITY_REVIEW
111,111,119,work,N|V,1,,MATRYOSHKA_CORE,,,,works,PROVISIONAL_UTILITY_REVIEW
112,112,120,being,N,1,bee,DIRECT_FALLBACK,,,,,PROVISIONAL_UTILITY_REVIEW
113,113,121,here,N|ADJ|ADV,1,,MATRYOSHKA_CORE,,her,there;where,,PROVISIONAL_UTILITY_REVIEW
114,114,122,before,ADV,1,,DIRECT_FALLBACK,,,,,PROVISIONAL_UTILITY_REVIEW
115,115,123,day,N,1,,DIRECT_FALLBACK,,,,,PROVISIONAL_UTILITY_REVIEW
116,116,124,really,ADV,0,real,DIRECT_FALLBACK,,,,,PROVISIONAL_UTILITY_REVIEW
117,117,125,made,ADJ,1,,MATRYOSHKA_CORE,,mad,,,PROVISIONAL_UTILITY_REVIEW
118,118,126,many,ADJ,1,,MATRYOSHKA_CORE,any,man,,,PROVISIONAL_UTILITY_REVIEW
119,119,127,world,N|ADJ,1,,DIRECT_FALLBACK,,,,,PROVISIONAL_UTILITY_REVIEW
120,120,128,year,N,1,,DIRECT_FALLBACK,,,,,PROVISIONAL_UTILITY_REVIEW
121,121,129,going,N|ADJ,1,go,DIRECT_FALLBACK,,,,,PROVISIONAL_UTILITY_REVIEW
122,122,130,off,V|ADJ|ADV,1,,MATRYOSHKA_CORE,,of,,,PROVISIONAL_UTILITY_REVIEW
123,123,131,still,N|V|ADJ|ADV,1,,DIRECT_FALLBACK,,,,,PROVISIONAL_UTILITY_REVIEW
124,124,132,take,N|V,1,,DIRECT_FALLBACK,,,,,PROVISIONAL_UTILITY_REVIEW
125,125,133,those,,1,,DIRECT_FALLBACK,,,,,PROVISIONAL_UTILITY_REVIEW
126,126,134,why,N,1,,DIRECT_FALLBACK,,,,,PROVISIONAL_UTILITY_REVIEW
127,127,135,never,ADV,1,,MATRYOSHKA_CORE,ever,,,,PROVISIONAL_UTILITY_REVIEW
128,128,136,got,,1,,MATRYOSHKA_CORE,,go,,,PROVISIONAL_UTILITY_REVIEW
129,129,137,life,N,1,,DIRECT_FALLBACK,,,,,PROVISIONAL_UTILITY_REVIEW
130,130,138,say,N|V,1,,DIRECT_FALLBACK,,,,,PROVISIONAL_UTILITY_REVIEW
131,131,139,such,ADJ|ADV,1,,DIRECT_FALLBACK,,,,,PROVISIONAL_UTILITY_REVIEW
132,132,140,through,ADJ|ADV,1,,DIRECT_FALLBACK,,,,,PROVISIONAL_UTILITY_REVIEW
133,133,142,down,N|V|ADJ|ADV,1,,MATRYOSHKA_CORE,own,,,,PROVISIONAL_UTILITY_REVIEW
134,134,144,great,N|ADJ,1,,DIRECT_FALLBACK,,,,,PROVISIONAL_UTILITY_REVIEW
135,135,145,last,N|V|ADJ|ADV,1,,DIRECT_FALLBACK,,,,,PROVISIONAL_UTILITY_REVIEW
136,136,146,man,N|V,1,,MATRYOSHKA_CORE,an,ma,,many,PROVISIONAL_UTILITY_REVIEW
137,137,147,while,N,1,,DIRECT_FALLBACK,,,,,PROVISIONAL_UTILITY_REVIEW
138,138,148,use,N|V,1,,MATRYOSHKA_CORE,,us,,used,PROVISIONAL_UTILITY_REVIEW
139,139,149,between,ADV,1,,DIRECT_FALLBACK,,,,,PROVISIONAL_UTILITY_REVIEW
140,140,150,used,ADJ,1,use,MATRYOSHKA_CORE,,use,,,PROVISIONAL_UTILITY_REVIEW
141,141,151,long,V|ADJ|ADV,1,,MATRYOSHKA_CORE,,,along,,PROVISIONAL_UTILITY_REVIEW
142,142,152,same,N|ADJ,1,,DIRECT_FALLBACK,,,,,PROVISIONAL_UTILITY_REVIEW
143,143,154,three,N|ADJ,1,,DIRECT_FALLBACK,,,,,PROVISIONAL_UTILITY_REVIEW
144,144,155,both,ADJ,1,,DIRECT_FALLBACK,,,,,PROVISIONAL_UTILITY_REVIEW
145,145,157,part,N|V|ADV,1,,MATRYOSHKA_CORE,art,,,party,PROVISIONAL_UTILITY_REVIEW
146,146,158,something,,1,,DIRECT_FALLBACK,,,,,PROVISIONAL_UTILITY_REVIEW
147,147,159,am,N,1,,MATRYOSHKA_CORE,,a,,,PROVISIONAL_UTILITY_REVIEW
148,148,160,best,N|V|ADJ|ADV,1,b,DIRECT_FALLBACK,,,,,PROVISIONAL_UTILITY_REVIEW
149,149,161,come,N|V,1,,DIRECT_FALLBACK,,,,,PROVISIONAL_UTILITY_REVIEW
150,150,162,love,N|V,1,,DIRECT_FALLBACK,,,,,PROVISIONAL_UTILITY_REVIEW
151,151,163,under,ADJ|ADV,1,,DIRECT_FALLBACK,,,,,PROVISIONAL_UTILITY_REVIEW
152,152,164,look,N|V,1,,DIRECT_FALLBACK,,,,,PROVISIONAL_UTILITY_REVIEW
153,153,165,since,,1,,DIRECT_FALLBACK,,,,,PROVISIONAL_UTILITY_REVIEW
154,154,167,does,,1,doe,DIRECT_FALLBACK,,,,,PROVISIONAL_UTILITY_REVIEW
155,155,168,every,ADJ,1,,MATRYOSHKA_CORE,very,ever,,,PROVISIONAL_UTILITY_REVIEW
156,156,169,must,N|ADJ,1,,DIRECT_FALLBACK,,,,,PROVISIONAL_UTILITY_REVIEW
157,157,170,always,ADV,1,,DIRECT_FALLBACK,,,,,PROVISIONAL_UTILITY_REVIEW
158,158,171,better,N|V|ADJ|ADV,1,,DIRECT_FALLBACK,,,,,PROVISIONAL_UTILITY_REVIEW
159,159,172,little,N|ADJ|ADV,1,,DIRECT_FALLBACK,,,,,PROVISIONAL_UTILITY_REVIEW
160,160,173,old,N|ADJ,1,,MATRYOSHKA_CORE,,,told,,PROVISIONAL_UTILITY_REVIEW
161,161,174,another,ADJ,1,,DIRECT_FALLBACK,,,,,PROVISIONAL_UTILITY_REVIEW
162,162,175,during,,1,,DIRECT_FALLBACK,,,,,PROVISIONAL_UTILITY_REVIEW
163,163,176,find,N|V,1,,DIRECT_FALLBACK,,,,,PROVISIONAL_UTILITY_REVIEW
164,164,177,high,N|ADJ|ADV,1,,DIRECT_FALLBACK,,,,,PROVISIONAL_UTILITY_REVIEW
165,165,178,home,N|V|ADJ|ADV,1,,DIRECT_FALLBACK,,,,,PROVISIONAL_UTILITY_REVIEW
166,166,179,place,N|V,1,,DIRECT_FALLBACK,,,,,PROVISIONAL_UTILITY_REVIEW
167,167,181,around,ADV,1,,DIRECT_FALLBACK,,,,,PROVISIONAL_UTILITY_REVIEW
168,168,182,own,V|ADJ,1,,MATRYOSHKA_CORE,,,down,,PROVISIONAL_UTILITY_REVIEW
169,169,183,state,N|V,1,,DIRECT_FALLBACK,,,,,PROVISIONAL_UTILITY_REVIEW
170,170,184,each,ADJ|ADV,1,,DIRECT_FALLBACK,,,,,PROVISIONAL_UTILITY_REVIEW
171,171,185,give,N|V,1,g,DIRECT_FALLBACK,,,,,PROVISIONAL_UTILITY_REVIEW
172,172,186,help,N|V,1,,DIRECT_FALLBACK,,,,,PROVISIONAL_UTILITY_REVIEW
173,174,188,things,N,0,the,MATRYOSHKA_CORE,,thing,,,PROVISIONAL_UTILITY_REVIEW
174,175,189,again,ADV,1,,DIRECT_FALLBACK,,,,,PROVISIONAL_UTILITY_REVIEW
175,176,190,against,,1,,DIRECT_FALLBACK,,,,,PROVISIONAL_UTILITY_REVIEW
176,177,191,found,N|V|ADJ,1,,DIRECT_FALLBACK,,,,,PROVISIONAL_UTILITY_REVIEW
177,178,192,game,N|V|ADJ,1,,DIRECT_FALLBACK,,,,,PROVISIONAL_UTILITY_REVIEW
178,179,194,school,N|V,1,,DIRECT_FALLBACK,,,,,PROVISIONAL_UTILITY_REVIEW
179,180,195,without,,1,,DIRECT_FALLBACK,,,,,PROVISIONAL_UTILITY_REVIEW
180,181,196,end,N|V,1,,DIRECT_FALLBACK,,,,,PROVISIONAL_UTILITY_REVIEW
181,182,197,thing,N,1,the,MATRYOSHKA_CORE,,,,things,PROVISIONAL_UTILITY_REVIEW
182,183,198,government,N,1,govern,DIRECT_FALLBACK,,,,,PROVISIONAL_UTILITY_REVIEW
183,184,199,house,N|V,1,,DIRECT_FALLBACK,,,,,PROVISIONAL_UTILITY_REVIEW
184,185,200,next,ADJ|ADV,1,,DIRECT_FALLBACK,,,,,PROVISIONAL_UTILITY_REVIEW
185,186,201,please,V|ADV,1,,DIRECT_FALLBACK,,,,,PROVISIONAL_UTILITY_REVIEW
186,187,202,god,N,1,,MATRYOSHKA_CORE,,go,,,PROVISIONAL_UTILITY_REVIEW
187,188,203,ever,ADV,1,,MATRYOSHKA_CORE,,,never,every,PROVISIONAL_UTILITY_REVIEW
188,189,204,family,N,1,,DIRECT_FALLBACK,,,,,PROVISIONAL_UTILITY_REVIEW
189,190,205,feel,N|V,1,,DIRECT_FALLBACK,,,,,PROVISIONAL_UTILITY_REVIEW
190,191,206,might,N,1,,DIRECT_FALLBACK,,,,,PROVISIONAL_UTILITY_REVIEW
191,192,207,put,N|V,1,,DIRECT_FALLBACK,,,,,PROVISIONAL_UTILITY_REVIEW
192,193,208,however,ADV,1,,DIRECT_FALLBACK,,,,,PROVISIONAL_UTILITY_REVIEW
193,194,209,name,N|V,1,,DIRECT_FALLBACK,,,,,PROVISIONAL_UTILITY_REVIEW
194,195,210,number,N|V,1,numb,DIRECT_FALLBACK,,,,,PROVISIONAL_UTILITY_REVIEW
195,196,211,second,N|V|ADJ|ADV,1,,DIRECT_FALLBACK,,,,,PROVISIONAL_UTILITY_REVIEW
196,197,212,show,N|V,1,,MATRYOSHKA_CORE,how,,,,PROVISIONAL_UTILITY_REVIEW
197,198,214,left,N|ADJ|ADV,1,,DIRECT_FALLBACK,,,,,PROVISIONAL_UTILITY_REVIEW
198,199,215,big,ADJ|ADV,1,,DIRECT_FALLBACK,,,,,PROVISIONAL_UTILITY_REVIEW
199,200,217,keep,N|V,1,,DIRECT_FALLBACK,,,,,PROVISIONAL_UTILITY_REVIEW
200,201,218,night,N,1,,DIRECT_FALLBACK,,,,,PROVISIONAL_UTILITY_REVIEW
201,202,219,sure,ADJ|ADV,1,,DIRECT_FALLBACK,,,,,PROVISIONAL_UTILITY_REVIEW
202,203,221,set,N|V|ADJ,1,,DIRECT_FALLBACK,,,,,PROVISIONAL_UTILITY_REVIEW
203,204,222,team,N|V,1,,DIRECT_FALLBACK,,,,,PROVISIONAL_UTILITY_REVIEW
204,205,223,until,,1,,DIRECT_FALLBACK,,,,,PROVISIONAL_UTILITY_REVIEW
205,206,224,away,ADJ|ADV,1,,MATRYOSHKA_CORE,way,,,,PROVISIONAL_UTILITY_REVIEW
206,207,225,called,,1,call,DIRECT_FALLBACK,,,,,PROVISIONAL_UTILITY_REVIEW
207,208,226,case,N|V,1,,DIRECT_FALLBACK,,,,,PROVISIONAL_UTILITY_REVIEW
208,209,227,days,N,0,day,DIRECT_FALLBACK,,,,,PROVISIONAL_UTILITY_REVIEW
209,210,228,different,ADJ,1,,DIRECT_FALLBACK,,,,,PROVISIONAL_UTILITY_REVIEW
210,211,229,group,N|V,1,,DIRECT_FALLBACK,,,,,PROVISIONAL_UTILITY_REVIEW
211,212,230,money,N,1,,DIRECT_FALLBACK,,,,,PROVISIONAL_UTILITY_REVIEW
212,213,231,let,N|V,1,,DIRECT_FALLBACK,,,,,PROVISIONAL_UTILITY_REVIEW
213,214,232,someone,N,1,,DIRECT_FALLBACK,,,,,PROVISIONAL_UTILITY_REVIEW
214,215,233,thought,N,1,,MATRYOSHKA_CORE,,though,,,PROVISIONAL_UTILITY_REVIEW
215,216,234,already,ADV,1,,DIRECT_FALLBACK,,,,,PROVISIONAL_UTILITY_REVIEW
216,217,235,city,N,1,,DIRECT_FALLBACK,,,,,PROVISIONAL_UTILITY_REVIEW
217,219,237,play,N|V,1,,MATRYOSHKA_CORE,lay,,,,PROVISIONAL_UTILITY_REVIEW
218,220,238,public,N|ADJ,1,,DIRECT_FALLBACK,,,,,PROVISIONAL_UTILITY_REVIEW
219,221,239,system,N,1,,DIRECT_FALLBACK,,,,,PROVISIONAL_UTILITY_REVIEW
220,222,240,doing,,1,do,DIRECT_FALLBACK,,,,,PROVISIONAL_UTILITY_REVIEW
221,223,241,done,ADJ,1,,MATRYOSHKA_CORE,one,don,,,PROVISIONAL_UTILITY_REVIEW
222,224,242,few,N|ADJ,1,,DIRECT_FALLBACK,,,,,PROVISIONAL_UTILITY_REVIEW
223,225,243,national,N|ADJ,1,,DIRECT_FALLBACK,,,,,PROVISIONAL_UTILITY_REVIEW
224,226,244,real,N|ADJ|ADV,1,,DIRECT_FALLBACK,,,,,PROVISIONAL_UTILITY_REVIEW
225,227,245,free,N|V|ADJ|ADV,1,,DIRECT_FALLBACK,,,,,PROVISIONAL_UTILITY_REVIEW
226,228,246,having,,0,have,DIRECT_FALLBACK,,,,,PROVISIONAL_UTILITY_REVIEW
227,229,247,person,N,1,,DIRECT_FALLBACK,,,,,PROVISIONAL_UTILITY_REVIEW
228,230,248,change,N|V,1,,DIRECT_FALLBACK,,,,,PROVISIONAL_UTILITY_REVIEW
229,232,250,general,N|V|ADJ,1,,DIRECT_FALLBACK,,,,,PROVISIONAL_UTILITY_REVIEW
230,233,251,lot,N|V,1,,DIRECT_FALLBACK,,,,,PROVISIONAL_UTILITY_REVIEW
231,234,252,point,N|V,1,,DIRECT_FALLBACK,,,,,PROVISIONAL_UTILITY_REVIEW
232,235,253,times,N,0,time,DIRECT_FALLBACK,,,,,PROVISIONAL_UTILITY_REVIEW
233,236,254,women,,1,,DIRECT_FALLBACK,,,,,PROVISIONAL_UTILITY_REVIEW
234,237,255,yet,ADV,1,,DIRECT_FALLBACK,,,,,PROVISIONAL_UTILITY_REVIEW
235,238,257,anything,,1,,DIRECT_FALLBACK,,,,,PROVISIONAL_UTILITY_REVIEW
236,239,258,care,N|V,1,,MATRYOSHKA_CORE,are,car,,,PROVISIONAL_UTILITY_REVIEW
237,241,260,four,N|ADJ,1,,MATRYOSHKA_CORE,our,,,,PROVISIONAL_UTILITY_REVIEW
238,242,261,including,,0,include,DIRECT_FALLBACK,,,,,PROVISIONAL_UTILITY_REVIEW
239,243,262,nothing,N|ADV,1,,DIRECT_FALLBACK,,,,,PROVISIONAL_UTILITY_REVIEW
240,244,263,today,N|ADV,1,,DIRECT_FALLBACK,,,,,PROVISIONAL_UTILITY_REVIEW
241,245,264,water,N|V,1,,DIRECT_FALLBACK,,,,,PROVISIONAL_UTILITY_REVIEW
242,246,265,bad,N|ADJ|ADV,1,,MATRYOSHKA_CORE,ad,,,,PROVISIONAL_UTILITY_REVIEW
243,247,266,business,N,1,busy,DIRECT_FALLBACK,,,,,PROVISIONAL_UTILITY_REVIEW
244,248,267,children,,1,,DIRECT_FALLBACK,,,,,PROVISIONAL_UTILITY_REVIEW
245,249,268,company,N|V,1,,DIRECT_FALLBACK,,,,,PROVISIONAL_UTILITY_REVIEW
246,250,269,everything,,1,,DIRECT_FALLBACK,,,,,PROVISIONAL_UTILITY_REVIEW
247,251,270,live,V|ADJ|ADV,1,,DIRECT_FALLBACK,,,,,PROVISIONAL_UTILITY_REVIEW
248,252,271,mean,N|V|ADJ,1,,DIRECT_FALLBACK,,,,,PROVISIONAL_UTILITY_REVIEW
249,253,272,once,ADV,1,,DIRECT_FALLBACK,,,,,PROVISIONAL_UTILITY_REVIEW
250,254,273,power,N|V,1,,DIRECT_FALLBACK,,,,,PROVISIONAL_UTILITY_REVIEW
251,255,274,thanks,N,0,thank,DIRECT_FALLBACK,,,,,PROVISIONAL_UTILITY_REVIEW
252,256,275,told,,1,,MATRYOSHKA_CORE,old,,,,PROVISIONAL_UTILITY_REVIEW
253,257,276,came,,1,,DIRECT_FALLBACK,,,,,PROVISIONAL_UTILITY_REVIEW
254,258,277,country,N,1,,DIRECT_FALLBACK,,,,,PROVISIONAL_UTILITY_REVIEW
255,259,278,enough,N|ADJ|ADV,1,,DIRECT_FALLBACK,,,,,PROVISIONAL_UTILITY_REVIEW
256,260,279,following,N|ADJ,1,follow,DIRECT_FALLBACK,,,,,PROVISIONAL_UTILITY_REVIEW
257,261,280,getting,N,1,,DIRECT_FALLBACK,,,,,PROVISIONAL_UTILITY_REVIEW
258,262,281,head,N|V,1,,DIRECT_FALLBACK,,,,,PROVISIONAL_UTILITY_REVIEW
259,263,282,later,ADJ|ADV,0,late,DIRECT_FALLBACK,,,,,PROVISIONAL_UTILITY_REVIEW
260,264,283,looking,N|ADJ,0,look,DIRECT_FALLBACK,,,,,PROVISIONAL_UTILITY_REVIEW
261,265,284,seen,,1,,DIRECT_FALLBACK,,,,,PROVISIONAL_UTILITY_REVIEW
262,266,285,small,N|ADJ|ADV,1,,MATRYOSHKA_CORE,mall,,,,PROVISIONAL_UTILITY_REVIEW
263,267,286,start,N|V,1,,DIRECT_FALLBACK,,,,,PROVISIONAL_UTILITY_REVIEW
264,268,287,tell,N|V,1,,DIRECT_FALLBACK,,,,,PROVISIONAL_UTILITY_REVIEW
265,269,288,took,,1,,MATRYOSHKA_CORE,,too,,,PROVISIONAL_UTILITY_REVIEW
266,270,289,top,N|V|ADJ,1,,MATRYOSHKA_CORE,,to,stop,,PROVISIONAL_UTILITY_REVIEW
267,271,290,went,,1,,DIRECT_FALLBACK,,,,,PROVISIONAL_UTILITY_REVIEW
268,272,291,based,ADJ,0,base,DIRECT_FALLBACK,,,,,PROVISIONAL_UTILITY_REVIEW
269,273,292,far,N|ADJ|ADV,1,,MATRYOSHKA_CORE,,fa,,,PROVISIONAL_UTILITY_REVIEW
270,274,293,law,N,1,,MATRYOSHKA_CORE,,la,,,PROVISIONAL_UTILITY_REVIEW
271,275,294,less,ADJ|ADV,1,,DIRECT_FALLBACK,,,,,PROVISIONAL_UTILITY_REVIEW
272,276,295,making,N,1,make,DIRECT_FALLBACK,,,,,PROVISIONAL_UTILITY_REVIEW
273,277,296,music,N,1,,DIRECT_FALLBACK,,,,,PROVISIONAL_UTILITY_REVIEW
274,278,297,order,N|V,1,,DIRECT_FALLBACK,,,,,PROVISIONAL_UTILITY_REVIEW
275,279,298,party,N|V,1,,MATRYOSHKA_CORE,,part,,,PROVISIONAL_UTILITY_REVIEW
276,280,299,states,,0,state,DIRECT_FALLBACK,,,,,PROVISIONAL_UTILITY_REVIEW
277,281,300,though,ADV,1,,MATRYOSHKA_CORE,,,,thought,PROVISIONAL_UTILITY_REVIEW
278,282,301,week,N,1,,DIRECT_FALLBACK,,,,,PROVISIONAL_UTILITY_REVIEW
279,283,302,call,N|V,1,,MATRYOSHKA_CORE,all,,,,PROVISIONAL_UTILITY_REVIEW
280,284,303,full,N|V|ADJ|ADV,1,,DIRECT_FALLBACK,,,,,PROVISIONAL_UTILITY_REVIEW
281,285,304,hard,ADJ|ADV,1,,DIRECT_FALLBACK,,,,,PROVISIONAL_UTILITY_REVIEW
282,286,305,men,N,1,,MATRYOSHKA_CORE,,me,,,PROVISIONAL_UTILITY_REVIEW
283,287,306,war,N|V,1,,DIRECT_FALLBACK,,,,,PROVISIONAL_UTILITY_REVIEW
284,288,307,yes,N,1,ye,DIRECT_FALLBACK,,,,,PROVISIONAL_UTILITY_REVIEW
285,289,310,read,N|V,1,,DIRECT_FALLBACK,,,,,PROVISIONAL_UTILITY_REVIEW
286,290,311,side,N|V|ADJ,1,,DIRECT_FALLBACK,,,,,PROVISIONAL_UTILITY_REVIEW
287,291,312,stop,N|V,1,,MATRYOSHKA_CORE,top,,,,PROVISIONAL_UTILITY_REVIEW
288,292,313,support,N|V,1,,DIRECT_FALLBACK,,,,,PROVISIONAL_UTILITY_REVIEW
289,293,314,thank,V,1,,MATRYOSHKA_CORE,,than,,,PROVISIONAL_UTILITY_REVIEW
290,294,315,believe,V,1,,DIRECT_FALLBACK,,,,,PROVISIONAL_UTILITY_REVIEW
291,295,316,line,N|V,1,,DIRECT_FALLBACK,,,,,PROVISIONAL_UTILITY_REVIEW
292,296,317,oh,N,1,,DIRECT_FALLBACK,,,,,PROVISIONAL_UTILITY_REVIEW
293,297,318,open,N|V|ADJ,1,,DIRECT_FALLBACK,,,,,PROVISIONAL_UTILITY_REVIEW
294,298,319,area,N,1,,MATRYOSHKA_CORE,,are,,,PROVISIONAL_UTILITY_REVIEW
295,299,322,important,ADJ,1,,DIRECT_FALLBACK,,,,,PROVISIONAL_UTILITY_REVIEW
296,300,323,run,N|V,1,,DIRECT_FALLBACK,,,,,PROVISIONAL_UTILITY_REVIEW
297,301,324,using,N,0,use,MATRYOSHKA_CORE,sing,,,,PROVISIONAL_UTILITY_REVIEW
298,302,325,whole,N|ADJ|ADV,1,,DIRECT_FALLBACK,,,,,PROVISIONAL_UTILITY_REVIEW
299,303,326,five,N|ADJ,1,f,DIRECT_FALLBACK,,,,,PROVISIONAL_UTILITY_REVIEW
300,304,327,international,N|ADJ,1,,DIRECT_FALLBACK,,,,,PROVISIONAL_UTILITY_REVIEW
301,305,328,try,N|V,1,,DIRECT_FALLBACK,,,,,PROVISIONAL_UTILITY_REVIEW
302,306,329,white,N|V|ADJ,1,,DIRECT_FALLBACK,,,,,PROVISIONAL_UTILITY_REVIEW
303,307,330,course,N|V|ADV,1,,DIRECT_FALLBACK,,,,,PROVISIONAL_UTILITY_REVIEW
304,308,331,early,ADJ|ADV,1,ear,DIRECT_FALLBACK,,,,,PROVISIONAL_UTILITY_REVIEW
305,309,332,face,N|V,1,,DIRECT_FALLBACK,,,,,PROVISIONAL_UTILITY_REVIEW
306,310,333,given,N|ADJ,1,,DIRECT_FALLBACK,,,,,PROVISIONAL_UTILITY_REVIEW
307,311,334,job,N|V,1,,DIRECT_FALLBACK,,,,,PROVISIONAL_UTILITY_REVIEW
308,312,335,means,N,0,mean,DIRECT_FALLBACK,,,,,PROVISIONAL_UTILITY_REVIEW
309,313,336,says,,0,say,DIRECT_FALLBACK,,,,,PROVISIONAL_UTILITY_REVIEW
310,314,337,social,N|ADJ,1,,DIRECT_FALLBACK,,,,,PROVISIONAL_UTILITY_REVIEW
311,315,339,together,ADJ|ADV,1,,DIRECT_FALLBACK,,,,,PROVISIONAL_UTILITY_REVIEW
312,316,340,united,ADJ,0,unite,DIRECT_FALLBACK,,,,,PROVISIONAL_UTILITY_REVIEW
313,317,341,within,ADV,1,,DIRECT_FALLBACK,,,,,PROVISIONAL_UTILITY_REVIEW
314,318,342,working,N|ADJ,0,work,DIRECT_FALLBACK,,,,,PROVISIONAL_UTILITY_REVIEW
315,319,343,young,N|ADJ,1,,DIRECT_FALLBACK,,,,,PROVISIONAL_UTILITY_REVIEW
316,320,344,actually,ADV,0,actual,DIRECT_FALLBACK,,,,,PROVISIONAL_UTILITY_REVIEW
317,322,346,black,N|V|ADJ,1,,DIRECT_FALLBACK,,,,,PROVISIONAL_UTILITY_REVIEW
318,323,347,kind,N|ADJ,1,,DIRECT_FALLBACK,,,,,PROVISIONAL_UTILITY_REVIEW
319,324,348,mind,N|V,1,,MATRYOSHKA_CORE,,min,,,PROVISIONAL_UTILITY_REVIEW
320,325,349,fact,N,1,,MATRYOSHKA_CORE,act,,,,PROVISIONAL_UTILITY_REVIEW
321,326,350,least,N|ADJ|ADV,1,,DIRECT_FALLBACK,,,,,PROVISIONAL_UTILITY_REVIEW
322,327,351,makes,,0,make,DIRECT_FALLBACK,,,,,PROVISIONAL_UTILITY_REVIEW
323,328,352,per,,0,p,DIRECT_FALLBACK,,,,,PROVISIONAL_UTILITY_REVIEW
324,329,353,service,N|V,1,,DIRECT_FALLBACK,,,,,PROVISIONAL_UTILITY_REVIEW
325,331,355,trying,ADJ,1,try,DIRECT_FALLBACK,,,,,PROVISIONAL_UTILITY_REVIEW
326,332,357,able,ADJ,1,,DIRECT_FALLBACK,,,,,PROVISIONAL_UTILITY_REVIEW
327,333,358,become,V,1,,DIRECT_FALLBACK,,,,,PROVISIONAL_UTILITY_REVIEW
328,334,359,car,N,1,,MATRYOSHKA_CORE,,,,care,PROVISIONAL_UTILITY_REVIEW
329,335,360,death,N,1,,DIRECT_FALLBACK,,,,,PROVISIONAL_UTILITY_REVIEW
330,336,361,everyone,,1,,DIRECT_FALLBACK,,,,,PROVISIONAL_UTILITY_REVIEW
331,337,362,food,N,1,,DIRECT_FALLBACK,,,,,PROVISIONAL_UTILITY_REVIEW
332,338,363,information,N,1,,DIRECT_FALLBACK,,,,,PROVISIONAL_UTILITY_REVIEW
333,339,364,level,N|V|ADJ,1,,DIRECT_FALLBACK,,,,,PROVISIONAL_UTILITY_REVIEW
334,340,365,local,N|ADJ,1,,DIRECT_FALLBACK,,,,,PROVISIONAL_UTILITY_REVIEW
335,341,366,often,ADV,1,,DIRECT_FALLBACK,,,,,PROVISIONAL_UTILITY_REVIEW
336,342,367,others,,0,other,DIRECT_FALLBACK,,,,,PROVISIONAL_UTILITY_REVIEW
337,343,368,several,ADJ,1,,DIRECT_FALLBACK,,,,,PROVISIONAL_UTILITY_REVIEW
338,344,369,true,N|V|ADJ|ADV,1,,DIRECT_FALLBACK,,,,,PROVISIONAL_UTILITY_REVIEW
339,345,370,control,N|V,1,,DIRECT_FALLBACK,,,,,PROVISIONAL_UTILITY_REVIEW
340,346,371,friends,,0,friend,DIRECT_FALLBACK,,,,,PROVISIONAL_UTILITY_REVIEW
341,347,372,games,,0,game,DIRECT_FALLBACK,,,,,PROVISIONAL_UTILITY_REVIEW
342,348,373,half,N|ADJ|ADV,1,,DIRECT_FALLBACK,,,,,PROVISIONAL_UTILITY_REVIEW
343,349,374,maybe,ADV,1,,DIRECT_FALLBACK,,,,,PROVISIONAL_UTILITY_REVIEW
344,350,375,news,N,1,new,MATRYOSHKA_CORE,,new,,,PROVISIONAL_UTILITY_REVIEW
345,351,376,problem,N,1,,DIRECT_FALLBACK,,,,,PROVISIONAL_UTILITY_REVIEW
346,352,377,air,N|V,1,,DIRECT_FALLBACK,,,,,PROVISIONAL_UTILITY_REVIEW
347,354,379,body,N|V,1,,DIRECT_FALLBACK,,,,,PROVISIONAL_UTILITY_REVIEW
348,355,380,book,N|V,1,,DIRECT_FALLBACK,,,,,PROVISIONAL_UTILITY_REVIEW
349,356,381,guys,,0,guy,DIRECT_FALLBACK,,,,,PROVISIONAL_UTILITY_REVIEW
350,357,382,hand,N|V,1,,MATRYOSHKA_CORE,and,,,,PROVISIONAL_UTILITY_REVIEW
351,358,383,health,N,1,heal,DIRECT_FALLBACK,,,,,PROVISIONAL_UTILITY_REVIEW
352,359,384,hope,N|V,1,,DIRECT_FALLBACK,,,,,PROVISIONAL_UTILITY_REVIEW
353,360,385,human,N|ADJ,1,,DIRECT_FALLBACK,,,,,PROVISIONAL_UTILITY_REVIEW
354,361,386,known,ADJ,1,,DIRECT_FALLBACK,,,,,PROVISIONAL_UTILITY_REVIEW
355,362,387,large,N|ADJ|ADV,1,,DIRECT_FALLBACK,,,,,PROVISIONAL_UTILITY_REVIEW
356,364,389,president,N,1,,DIRECT_FALLBACK,,,,,PROVISIONAL_UTILITY_REVIEW
357,365,390,talk,N|V,1,,DIRECT_FALLBACK,,,,,PROVISIONAL_UTILITY_REVIEW
358,366,391,almost,ADV,1,,DIRECT_FALLBACK,,,,,PROVISIONAL_UTILITY_REVIEW
359,367,392,court,N|V,1,,DIRECT_FALLBACK,,,,,PROVISIONAL_UTILITY_REVIEW
360,368,393,friend,N,1,,DIRECT_FALLBACK,,,,,PROVISIONAL_UTILITY_REVIEW
361,369,394,history,N,1,,DIRECT_FALLBACK,,,,,PROVISIONAL_UTILITY_REVIEW
362,370,395,hours,N,0,hour,DIRECT_FALLBACK,,,,,PROVISIONAL_UTILITY_REVIEW
363,371,396,lost,N|ADJ,1,,DIRECT_FALLBACK,,,,,PROVISIONAL_UTILITY_REVIEW
364,372,397,members,,0,member,DIRECT_FALLBACK,,,,,PROVISIONAL_UTILITY_REVIEW
365,373,398,possible,N|ADJ,1,,DIRECT_FALLBACK,,,,,PROVISIONAL_UTILITY_REVIEW
366,374,399,season,N|V,1,,DIRECT_FALLBACK,,,,,PROVISIONAL_UTILITY_REVIEW
367,375,400,south,N|ADJ|ADV,1,sou,DIRECT_FALLBACK,,,,,PROVISIONAL_UTILITY_REVIEW
368,376,401,story,N,1,,DIRECT_FALLBACK,,,,,PROVISIONAL_UTILITY_REVIEW
369,377,402,video,N,1,,DIRECT_FALLBACK,,,,,PROVISIONAL_UTILITY_REVIEW
370,378,403,yeah,ADV,1,,DIRECT_FALLBACK,,,,,PROVISIONAL_UTILITY_REVIEW
371,379,404,among,,1,,DIRECT_FALLBACK,,,,,PROVISIONAL_UTILITY_REVIEW
372,380,405,class,N|V,1,,DIRECT_FALLBACK,,,,,PROVISIONAL_UTILITY_REVIEW
373,381,406,else,,1,,DIRECT_FALLBACK,,,,,PROVISIONAL_UTILITY_REVIEW
374,382,407,girl,N,1,,DIRECT_FALLBACK,,,,,PROVISIONAL_UTILITY_REVIEW
375,383,408,nice,N|ADJ,1,,DIRECT_FALLBACK,,,,,PROVISIONAL_UTILITY_REVIEW
376,385,410,taking,N|ADJ,1,,DIRECT_FALLBACK,,,,,PROVISIONAL_UTILITY_REVIEW
377,386,411,wrong,N|V|ADJ|ADV,1,,DIRECT_FALLBACK,,,,,PROVISIONAL_UTILITY_REVIEW
378,387,414,act,N|V,1,,MATRYOSHKA_CORE,,,fact,,PROVISIONAL_UTILITY_REVIEW
379,388,415,ago,ADJ|ADV,1,,MATRYOSHKA_CORE,go,,,,PROVISIONAL_UTILITY_REVIEW
380,390,417,close,N|V|ADJ|ADV,1,,DIRECT_FALLBACK,,,,,PROVISIONAL_UTILITY_REVIEW
381,391,418,coming,N|ADJ,1,come,DIRECT_FALLBACK,,,,,PROVISIONAL_UTILITY_REVIEW
382,392,419,guy,N|V,1,,DIRECT_FALLBACK,,,,,PROVISIONAL_UTILITY_REVIEW
383,393,420,matter,N|V,1,matte,DIRECT_FALLBACK,,,,,PROVISIONAL_UTILITY_REVIEW
384,394,421,office,N,1,,DIRECT_FALLBACK,,,,,PROVISIONAL_UTILITY_REVIEW
385,395,422,political,ADJ,1,,DIRECT_FALLBACK,,,,,PROVISIONAL_UTILITY_REVIEW
386,396,423,question,N|V,1,,DIRECT_FALLBACK,,,,,PROVISIONAL_UTILITY_REVIEW
387,397,424,room,N|V,1,,DIRECT_FALLBACK,,,,,PROVISIONAL_UTILITY_REVIEW
388,398,425,single,N|V|ADJ,1,,DIRECT_FALLBACK,,,,,PROVISIONAL_UTILITY_REVIEW
389,399,426,taken,ADJ,1,,DIRECT_FALLBACK,,,,,PROVISIONAL_UTILITY_REVIEW
390,400,427,wait,N|V,1,,DIRECT_FALLBACK,,,,,PROVISIONAL_UTILITY_REVIEW
391,401,429,along,ADV,1,,MATRYOSHKA_CORE,long,,,,PROVISIONAL_UTILITY_REVIEW
392,402,430,although,,1,,DIRECT_FALLBACK,,,,,PROVISIONAL_UTILITY_REVIEW
393,403,431,cause,N|V,1,,DIRECT_FALLBACK,,,,,PROVISIONAL_UTILITY_REVIEW
394,404,432,late,ADJ|ADV,1,,MATRYOSHKA_CORE,ate,,,,PROVISIONAL_UTILITY_REVIEW
395,405,433,remember,V,1,member,DIRECT_FALLBACK,,,,,PROVISIONAL_UTILITY_REVIEW
396,406,434,saw,N|V,1,,DIRECT_FALLBACK,,,,,PROVISIONAL_UTILITY_REVIEW
397,407,437,ask,V,1,,MATRYOSHKA_CORE,,as,,,PROVISIONAL_UTILITY_REVIEW
398,408,438,example,N,1,,DIRECT_FALLBACK,,,,,PROVISIONAL_UTILITY_REVIEW
399,409,439,form,N|V,1,,MATRYOSHKA_CORE,,for,,,PROVISIONAL_UTILITY_REVIEW
400,410,441,john,N,1,,DIRECT_FALLBACK,,,,,PROVISIONAL_UTILITY_REVIEW
401,411,442,pay,N|V,1,,MATRYOSHKA_CORE,,pa,,,PROVISIONAL_UTILITY_REVIEW
402,412,443,post,N|V,1,,DIRECT_FALLBACK,,,,,PROVISIONAL_UTILITY_REVIEW
403,413,444,research,N|V,0,search,DIRECT_FALLBACK,,,,,PROVISIONAL_UTILITY_REVIEW
404,414,445,saying,N,1,say,DIRECT_FALLBACK,,,,,PROVISIONAL_UTILITY_REVIEW
405,415,446,understand,V,1,,DIRECT_FALLBACK,,,,,PROVISIONAL_UTILITY_REVIEW
406,416,447,university,N,1,,DIRECT_FALLBACK,,,,,PROVISIONAL_UTILITY_REVIEW
407,417,448,according,ADJ,1,accord,DIRECT_FALLBACK,,,,,PROVISIONAL_UTILITY_REVIEW
408,418,449,due,N|ADJ|ADV,1,,DIRECT_FALLBACK,,,,,PROVISIONAL_UTILITY_REVIEW
409,419,450,either,ADV,1,,DIRECT_FALLBACK,,,,,PROVISIONAL_UTILITY_REVIEW
410,421,452,hit,N|V,1,,MATRYOSHKA_CORE,it,hi,,,PROVISIONAL_UTILITY_REVIEW
411,422,453,idea,N,1,,DIRECT_FALLBACK,,,,,PROVISIONAL_UTILITY_REVIEW
412,423,454,million,N|ADJ,1,,DIRECT_FALLBACK,,,,,PROVISIONAL_UTILITY_REVIEW
413,424,455,months,,1,,DIRECT_FALLBACK,,,,,PROVISIONAL_UTILITY_REVIEW
414,425,456,needs,ADV,0,need,DIRECT_FALLBACK,,,,,PROVISIONAL_UTILITY_REVIEW
415,426,457,past,N|ADJ|ADV,1,,DIRECT_FALLBACK,,,,,PROVISIONAL_UTILITY_REVIEW
416,427,458,playing,N,0,play,DIRECT_FALLBACK,,,,,PROVISIONAL_UTILITY_REVIEW
417,428,459,pretty,ADJ|ADV,1,,DIRECT_FALLBACK,,,,,PROVISIONAL_UTILITY_REVIEW
418,429,460,probably,ADV,1,,DIRECT_FALLBACK,,,,,PROVISIONAL_UTILITY_REVIEW
419,430,461,rather,ADV,1,,DIRECT_FALLBACK,,,,,PROVISIONAL_UTILITY_REVIEW
420,431,462,soon,ADV,1,,DIRECT_FALLBACK,,,,,PROVISIONAL_UTILITY_REVIEW
421,432,463,turn,N|V,1,,DIRECT_FALLBACK,,,,,PROVISIONAL_UTILITY_REVIEW
422,433,464,whether,,1,,DIRECT_FALLBACK,,,,,PROVISIONAL_UTILITY_REVIEW
423,434,465,win,N|V,1,,MATRYOSHKA_CORE,in,,,,PROVISIONAL_UTILITY_REVIEW
424,435,466,age,N|V,1,,DIRECT_FALLBACK,,,,,PROVISIONAL_UTILITY_REVIEW
425,436,467,anyone,,1,,DIRECT_FALLBACK,,,,,PROVISIONAL_UTILITY_REVIEW
426,437,468,community,N,1,,DIRECT_FALLBACK,,,,,PROVISIONAL_UTILITY_REVIEW
427,438,469,development,N,1,develop,DIRECT_FALLBACK,,,,,PROVISIONAL_UTILITY_REVIEW
428,439,470,further,V|ADJ|ADV,1,,DIRECT_FALLBACK,,,,,PROVISIONAL_UTILITY_REVIEW
429,440,471,future,N|ADJ,1,,DIRECT_FALLBACK,,,,,PROVISIONAL_UTILITY_REVIEW
430,441,472,heart,N,1,,DIRECT_FALLBACK,,,,,PROVISIONAL_UTILITY_REVIEW
431,442,473,leave,N|V,1,,DIRECT_FALLBACK,,,,,PROVISIONAL_UTILITY_REVIEW
432,443,474,light,N|V|ADJ|ADV,1,,DIRECT_FALLBACK,,,,,PROVISIONAL_UTILITY_REVIEW
433,444,475,major,N|V|ADJ,1,,DIRECT_FALLBACK,,,,,PROVISIONAL_UTILITY_REVIEW
434,445,476,minutes,N,0,minute,DIRECT_FALLBACK,,,,,PROVISIONAL_UTILITY_REVIEW
435,446,477,morning,N,1,morn,DIRECT_FALLBACK,,,,,PROVISIONAL_UTILITY_REVIEW
436,447,478,north,N|ADJ|ADV,1,,DIRECT_FALLBACK,,,,,PROVISIONAL_UTILITY_REVIEW
437,448,479,started,,0,start,DIRECT_FALLBACK,,,,,PROVISIONAL_UTILITY_REVIEW
438,450,481,action,N|V,1,,DIRECT_FALLBACK,,,,,PROVISIONAL_UTILITY_REVIEW
439,451,482,child,N,1,,DIRECT_FALLBACK,,,,,PROVISIONAL_UTILITY_REVIEW
440,453,484,father,N|V,1,,DIRECT_FALLBACK,,,,,PROVISIONAL_UTILITY_REVIEW
441,454,485,gonna,,1,,DIRECT_FALLBACK,,,,,PROVISIONAL_UTILITY_REVIEW
442,455,487,low,N|V|ADJ|ADV,1,,DIRECT_FALLBACK,,,,,PROVISIONAL_UTILITY_REVIEW
443,456,488,move,N|V,1,,DIRECT_FALLBACK,,,,,PROVISIONAL_UTILITY_REVIEW
444,457,489,police,N|V,1,,DIRECT_FALLBACK,,,,,PROVISIONAL_UTILITY_REVIEW
445,459,491,special,N|ADJ,1,,DIRECT_FALLBACK,,,,,PROVISIONAL_UTILITY_REVIEW
446,460,492,third,N|ADJ|ADV,1,,DIRECT_FALLBACK,,,,,PROVISIONAL_UTILITY_REVIEW
447,461,493,wanted,ADJ,1,want,DIRECT_FALLBACK,,,,,PROVISIONAL_UTILITY_REVIEW
448,462,494,woman,N,1,,DIRECT_FALLBACK,,,,,PROVISIONAL_UTILITY_REVIEW
449,463,495,comes,,0,come,DIRECT_FALLBACK,,,,,PROVISIONAL_UTILITY_REVIEW
450,464,496,data,N,1,,DIRECT_FALLBACK,,,,,PROVISIONAL_UTILITY_REVIEW
451,465,497,happy,ADJ,1,,DIRECT_FALLBACK,,,,,PROVISIONAL_UTILITY_REVIEW
452,466,498,living,N|ADJ,1,live,DIRECT_FALLBACK,,,,,PROVISIONAL_UTILITY_REVIEW
453,467,499,reason,N|V,1,,DIRECT_FALLBACK,,,,,PROVISIONAL_UTILITY_REVIEW
454,468,500,red,N|ADJ,1,re,MATRYOSHKA_CORE,,re,,,PROVISIONAL_UTILITY_REVIEW
455,469,501,report,N|V,0,port,DIRECT_FALLBACK,,,,,PROVISIONAL_UTILITY_REVIEW
456,470,502,short,N|V|ADJ|ADV,1,,DIRECT_FALLBACK,,,,,PROVISIONAL_UTILITY_REVIEW
457,471,503,sometimes,ADV,0,sometime,DIRECT_FALLBACK,,,,,PROVISIONAL_UTILITY_REVIEW
458,472,504,son,N,1,,MATRYOSHKA_CORE,on,so,,,PROVISIONAL_UTILITY_REVIEW
459,473,505,stay,N|V,1,,DIRECT_FALLBACK,,,,,PROVISIONAL_UTILITY_REVIEW
460,474,506,watch,N|V,1,,DIRECT_FALLBACK,,,,,PROVISIONAL_UTILITY_REVIEW
461,475,508,bit,N,1,,MATRYOSHKA_CORE,it,,,,PROVISIONAL_UTILITY_REVIEW
462,476,509,education,N,1,educate,DIRECT_FALLBACK,,,,,PROVISIONAL_UTILITY_REVIEW
463,478,511,land,N|V,1,,MATRYOSHKA_CORE,and,,,,PROVISIONAL_UTILITY_REVIEW
464,479,512,looks,,0,look,DIRECT_FALLBACK,,,,,PROVISIONAL_UTILITY_REVIEW
465,480,513,myself,,1,,DIRECT_FALLBACK,,,,,PROVISIONAL_UTILITY_REVIEW
466,481,514,works,N,1,work,MATRYOSHKA_CORE,,work,,,PROVISIONAL_UTILITY_REVIEW
467,482,516,asked,,1,ask,DIRECT_FALLBACK,,,,,PROVISIONAL_UTILITY_REVIEW
468,483,517,deal,N|V,1,,DIRECT_FALLBACK,,,,,PROVISIONAL_UTILITY_REVIEW
469,484,518,experience,N|V,1,,DIRECT_FALLBACK,,,,,PROVISIONAL_UTILITY_REVIEW
470,485,519,final,N|ADJ,1,,DIRECT_FALLBACK,,,,,PROVISIONAL_UTILITY_REVIEW
471,486,520,list,N|V,1,,DIRECT_FALLBACK,,,,,PROVISIONAL_UTILITY_REVIEW
472,487,521,market,N|V,1,,DIRECT_FALLBACK,,,,,PROVISIONAL_UTILITY_REVIEW
473,488,522,meet,N|V|ADJ,1,,DIRECT_FALLBACK,,,,,PROVISIONAL_UTILITY_REVIEW
474,489,523,non,ADV,1,,MATRYOSHKA_CORE,on,no,,,PROVISIONAL_UTILITY_REVIEW
475,490,524,six,N|ADJ,1,,DIRECT_FALLBACK,,,,,PROVISIONAL_UTILITY_REVIEW
476,491,525,study,N|V,1,,DIRECT_FALLBACK,,,,,PROVISIONAL_UTILITY_REVIEW
477,492,526,type,N|V,1,,DIRECT_FALLBACK,,,,,PROVISIONAL_UTILITY_REVIEW
478,493,527,word,N|V,1,,DIRECT_FALLBACK,,,,,PROVISIONAL_UTILITY_REVIEW
479,494,528,building,N,1,build,DIRECT_FALLBACK,,,,,PROVISIONAL_UTILITY_REVIEW
480,495,529,check,N|V,1,,DIRECT_FALLBACK,,,,,PROVISIONAL_UTILITY_REVIEW
481,496,530,fire,N|V,1,,DIRECT_FALLBACK,,,,,PROVISIONAL_UTILITY_REVIEW
482,497,531,force,N|V,1,,DIRECT_FALLBACK,,,,,PROVISIONAL_UTILITY_REVIEW
483,498,532,front,N|V|ADJ,1,,DIRECT_FALLBACK,,,,,PROVISIONAL_UTILITY_REVIEW
484,499,533,la,N,1,,MATRYOSHKA_CORE,a,,,law;lay,PROVISIONAL_UTILITY_REVIEW
485,500,534,main,N|ADJ,1,,DIRECT_FALLBACK,,,,,PROVISIONAL_UTILITY_REVIEW
486,501,535,mother,N|V,1,,MATRYOSHKA_CORE,other,,,,PROVISIONAL_UTILITY_REVIEW
487,502,536,near,V|ADJ|ADV,1,,DIRECT_FALLBACK,,,,,PROVISIONAL_UTILITY_REVIEW
488,503,537,period,N,1,,DIRECT_FALLBACK,,,,,PROVISIONAL_UTILITY_REVIEW
489,504,538,process,N|V,1,,DIRECT_FALLBACK,,,,,PROVISIONAL_UTILITY_REVIEW
490,506,541,art,N,1,,MATRYOSHKA_CORE,,,part,,PROVISIONAL_UTILITY_REVIEW
491,507,542,former,N|ADJ,1,,DIRECT_FALLBACK,,,,,PROVISIONAL_UTILITY_REVIEW
492,508,543,heard,ADJ,1,,DIRECT_FALLBACK,,,,,PROVISIONAL_UTILITY_REVIEW
493,510,545,plan,N|V,1,,DIRECT_FALLBACK,,,,,PROVISIONAL_UTILITY_REVIEW
494,511,546,quite,ADV,1,,DIRECT_FALLBACK,,,,,PROVISIONAL_UTILITY_REVIEW
495,512,547,series,N,1,,DIRECT_FALLBACK,,,,,PROVISIONAL_UTILITY_REVIEW
496,513,548,site,N|V,1,,MATRYOSHKA_CORE,,sit,,,PROVISIONAL_UTILITY_REVIEW
497,514,549,talking,N,0,talk,DIRECT_FALLBACK,,,,,PROVISIONAL_UTILITY_REVIEW
498,515,550,west,N|ADJ|ADV,1,w,DIRECT_FALLBACK,,,,,PROVISIONAL_UTILITY_REVIEW
499,516,552,behind,N|ADJ|ADV,1,,DIRECT_FALLBACK,,,,,PROVISIONAL_UTILITY_REVIEW
500,517,553,bring,V,1,,DIRECT_FALLBACK,,,,,PROVISIONAL_UTILITY_REVIEW