target_index,alpha_rank,source_rank,word,scowl_nosuggest,wordnet_pos_direct,scowl_direct_headword,derived_from,surface_policy
1,1,1,the,0,,1,,VISIBLE
2,2,2,of,0,,1,,VISIBLE
3,3,3,to,0,,1,,VISIBLE
4,4,4,and,0,,1,,VISIBLE
5,5,5,a,0,N,1,,VISIBLE
6,6,6,in,0,N|ADJ|ADV,1,,VISIBLE
7,7,7,i,0,N|ADJ,1,,VISIBLE
8,8,8,is,0,,0,i,VISIBLE
9,9,9,that,0,,1,,VISIBLE
10,10,10,for,0,,1,,VISIBLE
11,11,11,you,0,,1,,VISIBLE
12,12,12,it,0,N,1,,VISIBLE
13,13,13,on,0,ADJ|ADV,1,,VISIBLE
14,14,15,with,0,,1,,VISIBLE
15,15,16,was,0,,1,,VISIBLE
16,16,17,be,0,N|V,1,,VISIBLE
17,17,18,this,0,,1,,VISIBLE
18,18,19,as,0,N|ADV,0,a,VISIBLE
19,19,20,are,0,N,1,,VISIBLE
20,20,21,not,0,ADV,1,,VISIBLE
21,21,22,have,0,N|V,1,,VISIBLE
22,22,23,at,0,N,1,,VISIBLE
23,23,24,he,0,N,1,,VISIBLE
24,24,25,by,0,ADV,1,,VISIBLE
25,25,26,from,0,,1,,VISIBLE
26,26,27,but,0,ADV,1,,VISIBLE
27,27,29,my,0,,1,,VISIBLE
28,28,30,an,0,N,1,,VISIBLE
29,29,31,or,0,N,1,,VISIBLE
30,30,32,all,0,ADJ|ADV,1,,VISIBLE
31,31,33,his,0,,0,hi,VISIBLE
32,32,34,me,0,N,1,,VISIBLE
33,33,35,they,0,,1,,VISIBLE
34,34,36,so,0,N|ADV,1,,VISIBLE
35,35,37,we,0,,1,,VISIBLE
36,36,38,one,0,N|ADJ,1,,VISIBLE
37,37,39,your,0,,1,,VISIBLE
38,38,40,if,0,,1,,VISIBLE
39,39,41,can,0,N|V,1,,VISIBLE
40,40,42,will,0,N|V,1,,VISIBLE
41,41,43,just,0,ADJ|ADV,1,,VISIBLE
42,42,44,like,0,N|V|ADJ,1,,VISIBLE
43,43,45,about,0,ADJ|ADV,1,,VISIBLE
44,44,46,up,0,V|ADJ|ADV,1,,VISIBLE
45,45,47,what,0,,1,,VISIBLE
46,46,48,do,0,N|V,1,,VISIBLE
47,47,49,has,0,,0,ha,VISIBLE
48,48,50,were,0,,1,,VISIBLE
49,49,51,no,0,N|ADJ|ADV,1,,VISIBLE
50,50,52,out,0,N|V|ADJ|ADV,1,,VISIBLE
51,51,53,when,0,,1,,VISIBLE
52,52,54,more,0,N|ADJ|ADV,1,,VISIBLE
53,53,55,who,0,N,1,,VISIBLE
54,54,56,had,0,,1,,VISIBLE
55,55,57,their,0,,1,,VISIBLE
56,56,58,which,0,,1,,VISIBLE
57,57,59,there,0,N|ADV,1,,VISIBLE
58,58,60,been,0,,1,,VISIBLE
59,59,61,her,0,,0,h,VISIBLE
60,60,62,time,0,N|V,1,,VISIBLE
61,61,64,would,0,,1,,VISIBLE
62,62,65,get,0,N|V,1,,VISIBLE
63,63,67,new,0,ADJ|ADV,1,,VISIBLE
64,64,69,she,0,,1,,VISIBLE
65,65,70,people,0,N|V,1,,VISIBLE
66,66,72,its,0,,0,it,VISIBLE
67,67,73,also,0,ADV,1,,VISIBLE
68,68,74,how,0,,1,,VISIBLE
69,69,75,some,0,ADJ|ADV,1,,VISIBLE
70,70,76,them,0,,1,,VISIBLE
71,71,77,now,0,N|ADV,1,,VISIBLE
72,72,78,other,0,ADJ,1,,VISIBLE
73,73,79,only,0,ADJ|ADV,0,on,VISIBLE
74,74,80,than,0,,1,,VISIBLE
75,75,81,first,0,N|ADJ|ADV,1,,VISIBLE
76,76,82,good,0,N|ADJ|ADV,1,,VISIBLE
77,77,83,into,0,,0,to,VISIBLE
78,78,84,our,0,,1,,VISIBLE
79,79,85,know,0,N|V,1,,VISIBLE
80,80,86,see,0,N|V,1,,VISIBLE
81,81,87,two,0,N|ADJ,1,,VISIBLE
82,82,88,him,0,,1,,VISIBLE
83,83,89,after,0,ADJ|ADV,0,aft,VISIBLE
84,84,90,could,0,,1,,VISIBLE
85,85,91,then,0,N|ADJ|ADV,1,,VISIBLE
86,86,92,over,0,N|ADJ|ADV,1,,VISIBLE
87,87,93,these,0,,1,,VISIBLE
88,88,94,think,0,N|V,1,,VISIBLE
89,89,95,go,0,N|V|ADJ,1,,VISIBLE
90,90,96,make,0,N|V,1,,VISIBLE
91,91,97,any,0,ADJ|ADV,1,,VISIBLE
92,92,98,well,0,N|V|ADJ|ADV,1,,VISIBLE
93,93,99,back,0,N|V|ADJ|ADV,1,,VISIBLE
94,94,100,want,0,N|V,1,,VISIBLE
95,95,102,should,0,,1,,VISIBLE
96,96,103,because,0,,1,,VISIBLE
97,97,104,may,0,N,1,,VISIBLE
98,98,105,us,0,N,0,u,VISIBLE
99,99,106,where,0,,1,,VISIBLE
100,100,107,most,0,ADJ|ADV,1,,VISIBLE
101,101,108,much,0,N|ADJ|ADV,1,,VISIBLE
102,102,109,way,0,N|ADV,1,,VISIBLE
103,103,110,even,0,N|V|ADJ|ADV,1,,VISIBLE
104,104,111,very,0,ADJ|ADV,1,,VISIBLE
105,105,113,did,0,,1,,VISIBLE
106,106,114,need,0,N|V,1,,VISIBLE
107,107,115,right,0,N|V|ADJ|ADV,1,,VISIBLE
108,108,116,said,0,ADJ,1,,VISIBLE
109,109,117,too,0,ADV,1,,VISIBLE
110,110,118,years,0,N,0,year,VISIBLE
111,111,119,work,0,N|V,1,,VISIBLE
112,112,120,being,0,N,1,bee,VISIBLE
113,113,121,here,0,N|ADJ|ADV,1,,VISIBLE
114,114,122,before,0,ADV,1,,VISIBLE
115,115,123,day,0,N,1,,VISIBLE
116,116,124,really,0,ADV,0,real,VISIBLE
117,117,125,made,0,ADJ,1,,VISIBLE
118,118,126,many,0,ADJ,1,,VISIBLE
119,119,127,world,0,N|ADJ,1,,VISIBLE
120,120,128,year,0,N,1,,VISIBLE
121,121,129,going,0,N|ADJ,1,go,VISIBLE
122,122,130,off,0,V|ADJ|ADV,1,,VISIBLE
123,123,131,still,0,N|V|ADJ|ADV,1,,VISIBLE
124,124,132,take,0,N|V,1,,VISIBLE
125,125,133,those,0,,1,,VISIBLE
126,126,134,why,0,N,1,,VISIBLE
127,127,135,never,0,ADV,1,,VISIBLE
128,128,136,got,0,,1,,VISIBLE
129,129,137,life,0,N,1,,VISIBLE
130,130,138,say,0,N|V,1,,VISIBLE
131,131,139,such,0,ADJ|ADV,1,,VISIBLE
132,132,140,through,0,ADJ|ADV,1,,VISIBLE
133,133,142,down,0,N|V|ADJ|ADV,1,,VISIBLE
134,134,144,great,0,N|ADJ,1,,VISIBLE
135,135,145,last,0,N|V|ADJ|ADV,1,,VISIBLE
136,136,146,man,0,N|V,1,,VISIBLE
137,137,147,while,0,N,1,,VISIBLE
138,138,148,use,0,N|V,1,,VISIBLE
139,139,149,between,0,ADV,1,,VISIBLE
140,140,150,used,0,ADJ,1,use,VISIBLE
141,141,151,long,0,V|ADJ|ADV,1,,VISIBLE
142,142,152,same,0,N|ADJ,1,,VISIBLE
143,143,154,three,0,N|ADJ,1,,VISIBLE
144,144,155,both,0,ADJ,1,,VISIBLE
145,145,157,part,0,N|V|ADV,1,,VISIBLE
146,146,158,something,0,,1,,VISIBLE
147,147,159,am,0,N,1,,VISIBLE
148,148,160,best,0,N|V|ADJ|ADV,1,b,VISIBLE
149,149,161,come,0,N|V,1,,VISIBLE
150,150,162,love,0,N|V,1,,VISIBLE
151,151,163,under,0,ADJ|ADV,1,,VISIBLE
152,152,164,look,0,N|V,1,,VISIBLE
153,153,165,since,0,,1,,VISIBLE
154,154,167,does,0,,1,doe,VISIBLE
155,155,168,every,0,ADJ,1,,VISIBLE
156,156,169,must,0,N|ADJ,1,,VISIBLE
157,157,170,always,0,ADV,1,,VISIBLE
158,158,171,better,0,N|V|ADJ|ADV,1,,VISIBLE
159,159,172,little,0,N|ADJ|ADV,1,,VISIBLE
160,160,173,old,0,N|ADJ,1,,VISIBLE
161,161,174,another,0,ADJ,1,,VISIBLE
162,162,175,during,0,,1,,VISIBLE
163,163,176,find,0,N|V,1,,VISIBLE
164,164,177,high,0,N|ADJ|ADV,1,,VISIBLE
165,165,178,home,0,N|V|ADJ|ADV,1,,VISIBLE
166,166,179,place,0,N|V,1,,VISIBLE
167,167,181,around,0,ADV,1,,VISIBLE
168,168,182,own,0,V|ADJ,1,,VISIBLE
169,169,183,state,0,N|V,1,,VISIBLE
170,170,184,each,0,ADJ|ADV,1,,VISIBLE
171,171,185,give,0,N|V,1,g,VISIBLE
172,172,186,help,0,N|V,1,,VISIBLE
173,174,188,things,0,N,0,the,VISIBLE
174,175,189,again,0,ADV,1,,VISIBLE
175,176,190,against,0,,1,,VISIBLE
176,177,191,found,0,N|V|ADJ,1,,VISIBLE
177,178,192,game,0,N|V|ADJ,1,,VISIBLE
178,179,194,school,0,N|V,1,,VISIBLE
179,180,195,without,0,,1,,VISIBLE
180,181,196,end,0,N|V,1,,VISIBLE
181,182,197,thing,0,N,1,the,VISIBLE
182,183,198,government,0,N,1,govern,VISIBLE
183,184,199,house,0,N|V,1,,VISIBLE
184,185,200,next,0,ADJ|ADV,1,,VISIBLE
185,186,201,please,0,V|ADV,1,,VISIBLE
186,187,202,god,0,N,1,,VISIBLE
187,188,203,ever,0,ADV,1,,VISIBLE
188,189,204,family,0,N,1,,VISIBLE
189,190,205,feel,0,N|V,1,,VISIBLE
190,191,206,might,0,N,1,,VISIBLE
191,192,207,put,0,N|V,1,,VISIBLE
192,193,208,however,0,ADV,1,,VISIBLE
193,194,209,name,0,N|V,1,,VISIBLE
194,195,210,number,0,N|V,1,numb,VISIBLE
195,196,211,second,0,N|V|ADJ|ADV,1,,VISIBLE
196,197,212,show,0,N|V,1,,VISIBLE
197,198,214,left,0,N|ADJ|ADV,1,,VISIBLE
198,199,215,big,0,ADJ|ADV,1,,VISIBLE
199,200,217,keep,0,N|V,1,,VISIBLE
200,201,218,night,0,N,1,,VISIBLE
201,202,219,sure,0,ADJ|ADV,1,,VISIBLE
202,203,221,set,0,N|V|ADJ,1,,VISIBLE
203,204,222,team,0,N|V,1,,VISIBLE
204,205,223,until,0,,1,,VISIBLE
205,206,224,away,0,ADJ|ADV,1,,VISIBLE
206,207,225,called,0,,1,call,VISIBLE
207,208,226,case,0,N|V,1,,VISIBLE
208,209,227,days,0,N,0,day,VISIBLE
209,210,228,different,0,ADJ,1,,VISIBLE
210,211,229,group,0,N|V,1,,VISIBLE
211,212,230,money,0,N,1,,VISIBLE
212,213,231,let,0,N|V,1,,VISIBLE
213,214,232,someone,0,N,1,,VISIBLE
214,215,233,thought,0,N,1,,VISIBLE
215,216,234,already,0,ADV,1,,VISIBLE
216,217,235,city,0,N,1,,VISIBLE
217,219,237,play,0,N|V,1,,VISIBLE
218,220,238,public,0,N|ADJ,1,,VISIBLE
219,221,239,system,0,N,1,,VISIBLE
220,222,240,doing,0,,1,do,VISIBLE
221,223,241,done,0,ADJ,1,,VISIBLE
222,224,242,few,0,N|ADJ,1,,VISIBLE
223,225,243,national,0,N|ADJ,1,,VISIBLE
224,226,244,real,0,N|ADJ|ADV,1,,VISIBLE
225,227,245,free,0,N|V|ADJ|ADV,1,,VISIBLE
226,228,246,having,0,,0,have,VISIBLE
227,229,247,person,0,N,1,,VISIBLE
228,230,248,change,0,N|V,1,,VISIBLE
229,232,250,general,0,N|V|ADJ,1,,VISIBLE
230,233,251,lot,0,N|V,1,,VISIBLE
231,234,252,point,0,N|V,1,,VISIBLE
232,235,253,times,0,N,0,time,VISIBLE
233,236,254,women,0,,1,,VISIBLE
234,237,255,yet,0,ADV,1,,VISIBLE
235,238,257,anything,0,,1,,VISIBLE
236,239,258,care,0,N|V,1,,VISIBLE
237,241,260,four,0,N|ADJ,1,,VISIBLE
238,242,261,including,0,,0,include,VISIBLE
239,243,262,nothing,0,N|ADV,1,,VISIBLE
240,244,263,today,0,N|ADV,1,,VISIBLE
241,245,264,water,0,N|V,1,,VISIBLE
242,246,265,bad,0,N|ADJ|ADV,1,,VISIBLE
243,247,266,business,0,N,1,busy,VISIBLE
244,248,267,children,0,,1,,VISIBLE
245,249,268,company,0,N|V,1,,VISIBLE
246,250,269,everything,0,,1,,VISIBLE
247,251,270,live,0,V|ADJ|ADV,1,,VISIBLE
248,252,271,mean,0,N|V|ADJ,1,,VISIBLE
249,253,272,once,0,ADV,1,,VISIBLE
250,254,273,power,0,N|V,1,,VISIBLE
251,255,274,thanks,0,N,0,thank,VISIBLE
252,256,275,told,0,,1,,VISIBLE
253,257,276,came,0,,1,,VISIBLE
254,258,277,country,0,N,1,,VISIBLE
255,259,278,enough,0,N|ADJ|ADV,1,,VISIBLE
256,260,279,following,0,N|ADJ,1,follow,VISIBLE
257,261,280,getting,0,N,1,,VISIBLE
258,262,281,head,0,N|V,1,,VISIBLE
259,263,282,later,0,ADJ|ADV,0,late,VISIBLE
260,264,283,looking,0,N|ADJ,0,look,VISIBLE
261,265,284,seen,0,,1,,VISIBLE
262,266,285,small,0,N|ADJ|ADV,1,,VISIBLE
263,267,286,start,0,N|V,1,,VISIBLE
264,268,287,tell,0,N|V,1,,VISIBLE
265,269,288,took,0,,1,,VISIBLE
266,270,289,top,0,N|V|ADJ,1,,VISIBLE
267,271,290,went,0,,1,,VISIBLE
268,272,291,based,0,ADJ,0,base,VISIBLE
269,273,292,far,0,N|ADJ|ADV,1,,VISIBLE
270,274,293,law,0,N,1,,VISIBLE
271,275,294,less,0,ADJ|ADV,1,,VISIBLE
272,276,295,making,0,N,1,make,VISIBLE
273,277,296,music,0,N,1,,VISIBLE
274,278,297,order,0,N|V,1,,VISIBLE
275,279,298,party,0,N|V,1,,VISIBLE
276,280,299,states,0,,0,state,VISIBLE
277,281,300,though,0,ADV,1,,VISIBLE
278,282,301,week,0,N,1,,VISIBLE
279,283,302,call,0,N|V,1,,VISIBLE
280,284,303,full,0,N|V|ADJ|ADV,1,,VISIBLE
281,285,304,hard,0,ADJ|ADV,1,,VISIBLE
282,286,305,men,0,N,1,,VISIBLE
283,287,306,war,0,N|V,1,,VISIBLE
284,288,307,yes,0,N,1,ye,VISIBLE
285,289,310,read,0,N|V,1,,VISIBLE
286,290,311,side,0,N|V|ADJ,1,,VISIBLE
287,291,312,stop,0,N|V,1,,VISIBLE
288,292,313,support,0,N|V,1,,VISIBLE
289,293,314,thank,0,V,1,,VISIBLE
290,294,315,believe,0,V,1,,VISIBLE
291,295,316,line,0,N|V,1,,VISIBLE
292,296,317,oh,0,N,1,,VISIBLE
293,297,318,open,0,N|V|ADJ,1,,VISIBLE
294,298,319,area,0,N,1,,VISIBLE
295,299,322,important,0,ADJ,1,,VISIBLE
296,300,323,run,0,N|V,1,,VISIBLE
297,301,324,using,0,N,0,use,VISIBLE
298,302,325,whole,0,N|ADJ|ADV,1,,VISIBLE
299,303,326,five,0,N|ADJ,1,f,VISIBLE
300,304,327,international,0,N|ADJ,1,,VISIBLE
301,305,328,try,0,N|V,1,,VISIBLE
302,306,329,white,0,N|V|ADJ,1,,VISIBLE
303,307,330,course,0,N|V|ADV,1,,VISIBLE
304,308,331,early,0,ADJ|ADV,1,ear,VISIBLE
305,309,332,face,0,N|V,1,,VISIBLE
306,310,333,given,0,N|ADJ,1,,VISIBLE
307,311,334,job,0,N|V,1,,VISIBLE
308,312,335,means,0,N,0,mean,VISIBLE
309,313,336,says,0,,0,say,VISIBLE
310,314,337,social,0,N|ADJ,1,,VISIBLE
311,315,339,together,0,ADJ|ADV,1,,VISIBLE
312,316,340,united,0,ADJ,0,unite,VISIBLE
313,317,341,within,0,ADV,1,,VISIBLE
314,318,342,working,0,N|ADJ,0,work,VISIBLE
315,319,343,young,0,N|ADJ,1,,VISIBLE
316,320,344,actually,0,ADV,0,actual,VISIBLE
317,322,346,black,0,N|V|ADJ,1,,VISIBLE
318,323,347,kind,0,N|ADJ,1,,VISIBLE
319,324,348,mind,0,N|V,1,,VISIBLE
320,325,349,fact,0,N,1,,VISIBLE
321,326,350,least,0,N|ADJ|ADV,1,,VISIBLE
322,327,351,makes,0,,0,make,VISIBLE
323,328,352,per,0,,0,p,VISIBLE
324,329,353,service,0,N|V,1,,VISIBLE
325,330,354,shit,1,N|V,1,,DEFER_IN_NEUTRAL
326,331,355,trying,0,ADJ,1,try,VISIBLE
327,332,357,able,0,ADJ,1,,VISIBLE
328,333,358,become,0,V,1,,VISIBLE
329,334,359,car,0,N,1,,VISIBLE
330,335,360,death,0,N,1,,VISIBLE
331,336,361,everyone,0,,1,,VISIBLE
332,337,362,food,0,N,1,,VISIBLE
333,338,363,information,0,N,1,,VISIBLE
334,339,364,level,0,N|V|ADJ,1,,VISIBLE
335,340,365,local,0,N|ADJ,1,,VISIBLE
336,341,366,often,0,ADV,1,,VISIBLE
337,342,367,others,0,,0,other,VISIBLE
338,343,368,several,0,ADJ,1,,VISIBLE
339,344,369,true,0,N|V|ADJ|ADV,1,,VISIBLE
340,345,370,control,0,N|V,1,,VISIBLE
341,346,371,friends,0,,0,friend,VISIBLE
342,347,372,games,0,,0,game,VISIBLE
343,348,373,half,0,N|ADJ|ADV,1,,VISIBLE
344,349,374,maybe,0,ADV,1,,VISIBLE
345,350,375,news,0,N,1,new,VISIBLE
346,351,376,problem,0,N,1,,VISIBLE
347,352,377,air,0,N|V,1,,VISIBLE
348,354,379,body,0,N|V,1,,VISIBLE
349,355,380,book,0,N|V,1,,VISIBLE
350,356,381,guys,0,,0,guy,VISIBLE
351,357,382,hand,0,N|V,1,,VISIBLE
352,358,383,health,0,N,1,heal,VISIBLE
353,359,384,hope,0,N|V,1,,VISIBLE
354,360,385,human,0,N|ADJ,1,,VISIBLE
355,361,386,known,0,ADJ,1,,VISIBLE
356,362,387,large,0,N|ADJ|ADV,1,,VISIBLE
357,364,389,president,0,N,1,,VISIBLE
358,365,390,talk,0,N|V,1,,VISIBLE
359,366,391,almost,0,ADV,1,,VISIBLE
360,367,392,court,0,N|V,1,,VISIBLE
361,368,393,friend,0,N,1,,VISIBLE
362,369,394,history,0,N,1,,VISIBLE
363,370,395,hours,0,N,0,hour,VISIBLE
364,371,396,lost,0,N|ADJ,1,,VISIBLE
365,372,397,members,0,,0,member,VISIBLE
366,373,398,possible,0,N|ADJ,1,,VISIBLE
367,374,399,season,0,N|V,1,,VISIBLE
368,375,400,south,0,N|ADJ|ADV,1,sou,VISIBLE
369,376,401,story,0,N,1,,VISIBLE
370,377,402,video,0,N,1,,VISIBLE
371,378,403,yeah,0,ADV,1,,VISIBLE
372,379,404,among,0,,1,,VISIBLE
373,380,405,class,0,N|V,1,,VISIBLE
374,381,406,else,0,,1,,VISIBLE
375,382,407,girl,0,N,1,,VISIBLE
376,383,408,nice,0,N|ADJ,1,,VISIBLE
377,385,410,taking,0,N|ADJ,1,,VISIBLE
378,386,411,wrong,0,N|V|ADJ|ADV,1,,VISIBLE
379,387,414,act,0,N|V,1,,VISIBLE
380,388,415,ago,0,ADJ|ADV,1,,VISIBLE
381,390,417,close,0,N|V|ADJ|ADV,1,,VISIBLE
382,391,418,coming,0,N|ADJ,1,come,VISIBLE
383,392,419,guy,0,N|V,1,,VISIBLE
384,393,420,matter,0,N|V,1,matte,VISIBLE
385,394,421,office,0,N,1,,VISIBLE
386,395,422,political,0,ADJ,1,,VISIBLE
387,396,423,question,0,N|V,1,,VISIBLE
388,397,424,room,0,N|V,1,,VISIBLE
389,398,425,single,0,N|V|ADJ,1,,VISIBLE
390,399,426,taken,0,ADJ,1,,VISIBLE
391,400,427,wait,0,N|V,1,,VISIBLE
392,401,429,along,0,ADV,1,,VISIBLE
393,402,430,although,0,,1,,VISIBLE
394,403,431,cause,0,N|V,1,,VISIBLE
395,404,432,late,0,ADJ|ADV,1,,VISIBLE
396,405,433,remember,0,V,1,member,VISIBLE
397,406,434,saw,0,N|V,1,,VISIBLE
398,407,437,ask,0,V,1,,VISIBLE
399,408,438,example,0,N,1,,VISIBLE
400,409,439,form,0,N|V,1,,VISIBLE
401,410,441,john,0,N,1,,VISIBLE
402,411,442,pay,0,N|V,1,,VISIBLE
403,412,443,post,0,N|V,1,,VISIBLE
404,413,444,research,0,N|V,0,search,VISIBLE
405,414,445,saying,0,N,1,say,VISIBLE
406,415,446,understand,0,V,1,,VISIBLE
407,416,447,university,0,N,1,,VISIBLE
408,417,448,according,0,ADJ,1,accord,VISIBLE
409,418,449,due,0,N|ADJ|ADV,1,,VISIBLE
410,419,450,either,0,ADV,1,,VISIBLE
411,420,451,fuck,1,N|V,1,,DEFER_IN_NEUTRAL
412,421,452,hit,0,N|V,1,,VISIBLE
413,422,453,idea,0,N,1,,VISIBLE
414,423,454,million,0,N|ADJ,1,,VISIBLE
415,424,455,months,0,,1,,VISIBLE
416,425,456,needs,0,ADV,0,need,VISIBLE
417,426,457,past,0,N|ADJ|ADV,1,,VISIBLE
418,427,458,playing,0,N,0,play,VISIBLE
419,428,459,pretty,0,ADJ|ADV,1,,VISIBLE
420,429,460,probably,0,ADV,1,,VISIBLE
421,430,461,rather,0,ADV,1,,VISIBLE
422,431,462,soon,0,ADV,1,,VISIBLE
423,432,463,turn,0,N|V,1,,VISIBLE
424,433,464,whether,0,,1,,VISIBLE
425,434,465,win,0,N|V,1,,VISIBLE
426,435,466,age,0,N|V,1,,VISIBLE
427,436,467,anyone,0,,1,,VISIBLE
428,437,468,community,0,N,1,,VISIBLE
429,438,469,development,0,N,1,develop,VISIBLE
430,439,470,further,0,V|ADJ|ADV,1,,VISIBLE
431,440,471,future,0,N|ADJ,1,,VISIBLE
432,441,472,heart,0,N,1,,VISIBLE
433,442,473,leave,0,N|V,1,,VISIBLE
434,443,474,light,0,N|V|ADJ|ADV,1,,VISIBLE
435,444,475,major,0,N|V|ADJ,1,,VISIBLE
436,445,476,minutes,0,N,0,minute,VISIBLE
437,446,477,morning,0,N,1,morn,VISIBLE
438,447,478,north,0,N|ADJ|ADV,1,,VISIBLE
439,448,479,started,0,,0,start,VISIBLE
440,450,481,action,0,N|V,1,,VISIBLE
441,451,482,child,0,N,1,,VISIBLE
442,453,484,father,0,N|V,1,,VISIBLE
443,454,485,gonna,0,,1,,VISIBLE
444,455,487,low,0,N|V|ADJ|ADV,1,,VISIBLE
445,456,488,move,0,N|V,1,,VISIBLE
446,457,489,police,0,N|V,1,,VISIBLE
447,459,491,special,0,N|ADJ,1,,VISIBLE
448,460,492,third,0,N|ADJ|ADV,1,,VISIBLE
449,461,493,wanted,0,ADJ,1,want,VISIBLE
450,462,494,woman,0,N,1,,VISIBLE
451,463,495,comes,0,,0,come,VISIBLE
452,464,496,data,0,N,1,,VISIBLE
453,465,497,happy,0,ADJ,1,,VISIBLE
454,466,498,living,0,N|ADJ,1,live,VISIBLE
455,467,499,reason,0,N|V,1,,VISIBLE
456,468,500,red,0,N|ADJ,1,re,VISIBLE
457,469,501,report,0,N|V,0,port,VISIBLE
458,470,502,short,0,N|V|ADJ|ADV,1,,VISIBLE
459,471,503,sometimes,0,ADV,0,sometime,VISIBLE
460,472,504,son,0,N,1,,VISIBLE
461,473,505,stay,0,N|V,1,,VISIBLE
462,474,506,watch,0,N|V,1,,VISIBLE
463,475,508,bit,0,N,1,,VISIBLE
464,476,509,education,0,N,1,educate,VISIBLE
465,477,510,fucking,1,N|ADJ|ADV,0,fuck,DEFER_IN_NEUTRAL
466,478,511,land,0,N|V,1,,VISIBLE
467,479,512,looks,0,,0,look,VISIBLE
468,480,513,myself,0,,1,,VISIBLE
469,481,514,works,0,N,1,work,VISIBLE
470,482,516,asked,0,,1,ask,VISIBLE
471,483,517,deal,0,N|V,1,,VISIBLE
472,484,518,experience,0,N|V,1,,VISIBLE
473,485,519,final,0,N|ADJ,1,,VISIBLE
474,486,520,list,0,N|V,1,,VISIBLE
475,487,521,market,0,N|V,1,,VISIBLE
476,488,522,meet,0,N|V|ADJ,1,,VISIBLE
477,489,523,non,0,ADV,1,,VISIBLE
478,490,524,six,0,N|ADJ,1,,VISIBLE
479,491,525,study,0,N|V,1,,VISIBLE
480,492,526,type,0,N|V,1,,VISIBLE
481,493,527,word,0,N|V,1,,VISIBLE
482,494,528,building,0,N,1,build,VISIBLE
483,495,529,check,0,N|V,1,,VISIBLE
484,496,530,fire,0,N|V,1,,VISIBLE
485,497,531,force,0,N|V,1,,VISIBLE
486,498,532,front,0,N|V|ADJ,1,,VISIBLE
487,499,533,la,0,N,1,,VISIBLE
488,500,534,main,0,N|ADJ,1,,VISIBLE
489,501,535,mother,0,N|V,1,,VISIBLE
490,502,536,near,0,V|ADJ|ADV,1,,VISIBLE
491,503,537,period,0,N,1,,VISIBLE
492,504,538,process,0,N|V,1,,VISIBLE
493,506,541,art,0,N,1,,VISIBLE
494,507,542,former,0,N|ADJ,1,,VISIBLE
495,508,543,heard,0,ADJ,1,,VISIBLE
496,510,545,plan,0,N|V,1,,VISIBLE
497,511,546,quite,0,ADV,1,,VISIBLE
498,512,547,series,0,N,1,,VISIBLE
499,513,548,site,0,N|V,1,,VISIBLE
500,514,549,talking,0,N,0,talk,VISIBLE